numactl --membind=0 /home/wjxt/gxr/testMongoDB/build//run_clients --num_threads=8 --core_binding=0,0,1,2,3,4,5,6,7,8,9,10,11,24,25,26,27,28,29,30,31,32,33,34,35,12,13,14,15,16,17,18,19,20,21,22,23,36,37,38,39,40,41,42,43,44,45,46,47 --str_key_size=8 --str_value_size=100 --URI_set=mongodb://172.20.208.111:27017,mongodb://172.20.208.111:27018,mongodb://172.20.208.111:27019,mongodb://172.20.208.111:27020,mongodb://172.20.208.111:27021,mongodb://172.20.208.111:27022,mongodb://172.20.208.111:27023,mongodb://172.20.208.111:27024,mongodb://172.20.208.111:27025,mongodb://172.20.208.111:27026,mongodb://172.20.208.111:27027,mongodb://172.20.208.111:27028,mongodb://172.20.208.111:27029,mongodb://172.20.208.111:27030,mongodb://172.20.208.111:27031,mongodb://172.20.208.111:27032,mongodb://172.20.208.111:27033,mongodb://172.20.208.111:27034,mongodb://172.20.208.111:27035,mongodb://172.20.208.111:27036,mongodb://172.20.208.111:27037,mongodb://172.20.208.111:27038,mongodb://172.20.208.111:27039,mongodb://172.20.208.111:27040,mongodb://172.20.208.111:27041,mongodb://172.20.208.111:27042,mongodb://172.20.208.111:27043,mongodb://172.20.208.111:27044,mongodb://172.20.208.111:27045,mongodb://172.20.208.111:27046,mongodb://172.20.208.111:27047,mongodb://172.20.208.111:27048,mongodb://172.20.208.111:27049,mongodb://172.20.208.111:27050,mongodb://172.20.208.111:27051,mongodb://172.20.208.111:27052,mongodb://172.20.208.111:27053,mongodb://172.20.208.111:27054,mongodb://172.20.208.111:27055,mongodb://172.20.208.111:27056,mongodb://172.20.208.111:27057,mongodb://172.20.208.111:27058,mongodb://172.20.208.111:27059,mongodb://172.20.208.111:27060,mongodb://172.20.208.111:27061,mongodb://172.20.208.111:27062,mongodb://172.20.208.111:27063,mongodb://172.20.208.111:27064 --URI=mongodb://172.20.208.111:27017 --time_interval=90 --first_mode=true
[sudo] gxr 的密码： [sudo] gxr 的密码： [sudo] gxr 的密码： [sudo] gxr 的密码： [sudo] gxr 的密码： [sudo] gxr 的密码： [sudo] gxr 的密码： [sudo] gxr 的密码： Task to be tracked is  conn8
Task to be tracked is  conn6
Traceback (most recent call last):
  File "/home/gxr/mongodb-run/ebpf_monitor/src/mongo_lock_count_analysis.py", line 337, in <module>
    (task, pid, cpu, flags, ts, msg) = b.trace_fields()
  File "/usr/lib/python3/dist-packages/bcc-0.30.0+1d8daaa3-py3.10.egg/bcc/__init__.py", line 1510, in trace_fields
  File "/usr/lib/python3/dist-packages/bcc-0.30.0+1d8daaa3-py3.10.egg/bcc/__init__.py", line 1544, in trace_readline
  File "/usr/lib/python3/dist-packages/bcc-0.30.0+1d8daaa3-py3.10.egg/bcc/__init__.py", line 1495, in trace_open
OSError: [Errno 16] Device or resource busy: '/sys/kernel/debug/tracing/trace_pipe'
Traceback (most recent call last):
  File "/home/gxr/mongodb-run/ebpf_monitor/src/mongo_lock_count_analysis.py", line 337, in <module>
    (task, pid, cpu, flags, ts, msg) = b.trace_fields()
  File "/usr/lib/python3/dist-packages/bcc-0.30.0+1d8daaa3-py3.10.egg/bcc/__init__.py", line 1510, in trace_fields
  File "/usr/lib/python3/dist-packages/bcc-0.30.0+1d8daaa3-py3.10.egg/bcc/__init__.py", line 1544, in trace_readline
  File "/usr/lib/python3/dist-packages/bcc-0.30.0+1d8daaa3-py3.10.egg/bcc/__init__.py", line 1495, in trace_open
OSError: [Errno 16] Device or resource busy: '/sys/kernel/debug/tracing/trace_pipe'
Task to be tracked is  conn7
Traceback (most recent call last):
  File "/home/gxr/mongodb-run/ebpf_monitor/src/mongo_lock_count_analysis.py", line 337, in <module>
    (task, pid, cpu, flags, ts, msg) = b.trace_fields()
  File "/usr/lib/python3/dist-packages/bcc-0.30.0+1d8daaa3-py3.10.egg/bcc/__init__.py", line 1510, in trace_fields
  File "/usr/lib/python3/dist-packages/bcc-0.30.0+1d8daaa3-py3.10.egg/bcc/__init__.py", line 1544, in trace_readline
  File "/usr/lib/python3/dist-packages/bcc-0.30.0+1d8daaa3-py3.10.egg/bcc/__init__.py", line 1495, in trace_open
OSError: [Errno 16] Device or resource busy: '/sys/kernel/debug/tracing/trace_pipe'
Task to be tracked is  conn5
Task to be tracked is  conn1
Task to be tracked is  conn2
Task to be tracked is  conn4
Traceback (most recent call last):
  File "/home/gxr/mongodb-run/ebpf_monitor/src/mongo_lock_count_analysis.py", line 337, in <module>
    (task, pid, cpu, flags, ts, msg) = b.trace_fields()
  File "/usr/lib/python3/dist-packages/bcc-0.30.0+1d8daaa3-py3.10.egg/bcc/__init__.py", line 1510, in trace_fields
  File "/usr/lib/python3/dist-packages/bcc-0.30.0+1d8daaa3-py3.10.egg/bcc/__init__.py", line 1544, in trace_readline
  File "/usr/lib/python3/dist-packages/bcc-0.30.0+1d8daaa3-py3.10.egg/bcc/__init__.py", line 1495, in trace_open
OSError: [Errno 16] Device or resource busy: '/sys/kernel/debug/tracing/trace_pipe'
Traceback (most recent call last):
  File "/home/gxr/mongodb-run/ebpf_monitor/src/mongo_lock_count_analysis.py", line 337, in <module>
    (task, pid, cpu, flags, ts, msg) = b.trace_fields()
  File "/usr/lib/python3/dist-packages/bcc-0.30.0+1d8daaa3-py3.10.egg/bcc/__init__.py", line 1510, in trace_fields
Traceback (most recent call last):
  File "/home/gxr/mongodb-run/ebpf_monitor/src/mongo_lock_count_analysis.py", line 337, in <module>
  File "/usr/lib/python3/dist-packages/bcc-0.30.0+1d8daaa3-py3.10.egg/bcc/__init__.py", line 1544, in trace_readline
  File "/usr/lib/python3/dist-packages/bcc-0.30.0+1d8daaa3-py3.10.egg/bcc/__init__.py", line 1495, in trace_open
    (task, pid, cpu, flags, ts, msg) = b.trace_fields()
  File "/usr/lib/python3/dist-packages/bcc-0.30.0+1d8daaa3-py3.10.egg/bcc/__init__.py", line 1510, in trace_fields
OSError: [Errno 16] Device or resource busy: '/sys/kernel/debug/tracing/trace_pipe'
  File "/usr/lib/python3/dist-packages/bcc-0.30.0+1d8daaa3-py3.10.egg/bcc/__init__.py", line 1544, in trace_readline
  File "/usr/lib/python3/dist-packages/bcc-0.30.0+1d8daaa3-py3.10.egg/bcc/__init__.py", line 1495, in trace_open
OSError: [Errno 16] Device or resource busy: '/sys/kernel/debug/tracing/trace_pipe'
Traceback (most recent call last):
  File "/home/gxr/mongodb-run/ebpf_monitor/src/mongo_lock_count_analysis.py", line 337, in <module>
    (task, pid, cpu, flags, ts, msg) = b.trace_fields()
  File "/usr/lib/python3/dist-packages/bcc-0.30.0+1d8daaa3-py3.10.egg/bcc/__init__.py", line 1510, in trace_fields
  File "/usr/lib/python3/dist-packages/bcc-0.30.0+1d8daaa3-py3.10.egg/bcc/__init__.py", line 1544, in trace_readline
  File "/usr/lib/python3/dist-packages/bcc-0.30.0+1d8daaa3-py3.10.egg/bcc/__init__.py", line 1495, in trace_open
OSError: [Errno 16] Device or resource busy: '/sys/kernel/debug/tracing/trace_pipe'
Task to be tracked is  conn3
conn3 101217 

conn3 101217 

conn3 101217 

conn3 101217 

conn3 101217 

conn3 101217 

conn3 101217 

conn3 101217 

conn3 101217 

conn3 101217 

conn3 101217 

conn3 101217 

conn3 101217 

conn3 101217 

conn3 101217 

conn3 101217 

conn3 101217 

conn3 101217 

conn3 101217 

conn3 101217 

conn3 101217 

conn3 101217 

conn3 101217 

conn3 101217 

conn3 101217 

conn3 101217 




Init of all locks



init stack for mutex 504dff8e8508 (#1)
		b'[unknown]' (7c043a8975c0)
		b'[unknown]' (6236f9ea536e)
		b'[unknown]' (6236f9d65266)
		b'[unknown]' (6236f9e89f57)
		b'[unknown]' (6236f9e8a070)
		b'[unknown]' (6236f9e8a240)
		b'[unknown]' (6236f9e431e4)
		b'[unknown]' (6236f9e48204)
		b'[unknown]' (6236f9e48853)
		b'[unknown]' (6236f9e44556)
		b'[unknown]' (6236f9e4660e)
		b'[unknown]' (6236f9e48348)
		b'[unknown]' (6236f9e48853)
		b'[unknown]' (6236f9e61631)
		b'[unknown]' (6236f9e61f53)
		b'[unknown]' (6236f9c930bc)
		b'[unknown]' (6236fce6a31e)
		b'[unknown]' (6236fabcedde)
		b'[unknown]' (6236fabcfc72)
		b'[unknown]' (6236fabd1315)
		b'[unknown]' (6236fa62547f)
		b'[unknown]' (6236fa6257e5)
		b'[unknown]' (6236fa625ca5)
		b'[unknown]' (6236fa6273ec)
		b'[unknown]' (6236fa62808a)
		b'[unknown]' (6236fa62c176)
		b'[unknown]' (6236fa3321c9)
		b'[unknown]' (6236fa33dd18)
		b'[unknown]' (6236fa33e46b)
		b'[unknown]' (6236fa33dd70)
		b'[unknown]' (6236fed9754e)
		b'[unknown]' (6236f7ee69ac)
		b'[unknown]' (6236f7ee9125)
		b'[unknown]' (6236f7eec3a0)
		b'[unknown]' (6236f7eed325)
		b'[unknown]' (6236f7eec7be)
		b'[unknown]' (6236f7eec86f)
		b'[unknown]' (6236f7ee8ad5)
		b'[unknown]' (6236f7ee8bc3)
		b'[unknown]' (6236f7ef1105)
		b'[unknown]' (6236f7ee7eb9)
		b'[unknown]' (6236f7ee7f5b)
		b'[unknown]' (6236f7ef3e5e)
		b'[unknown]' (6236f7ef49e5)
		b'[unknown]' (6236f7ef5066)
		b'[unknown]' (6236f7ef5df5)
		b'[unknown]' (6236f7ed7f38)
		b'[unknown]' (6236fea64b8d)
		b'[unknown]' (6236fea65171)
		b'[unknown]' (6236fea651e4)
		b'[unknown]' (6236fea65273)
		b'[unknown]' (6236fea652d7)
		b'[unknown]' (6236fea6581e)
		b'[unknown]' (6236fea65a0e)
		b'[unknown]' (6236fea65aad)
		b'[unknown]' (6236fea65b3b)
		b'[unknown]' (6236fea666ca)
		b'[unknown]' (6236fea6678b)
		b'[unknown]' (6236fea6797d)
		b'[unknown]' (6236f7d88dd2)
		b'[unknown]' (6236fea6b3d9)
		b'[unknown]' (6236fea6c3d5)
		b'[unknown]' (6236fea6b380)
		b'[unknown]' (6236fea6c529)
		b'[unknown]' (6236f7d88dd2)
		b'[unknown]' (6236fee6a91a)
		b'[unknown]' (6236fee67893)
		b'[unknown]' (6236fee6899a)
		b'[unknown]' (6236f8525afc)
		b'[unknown]' (6236fee6d592)
		b'[unknown]' (6236fee6e112)
		b'[unknown]' (6236f8525afc)
		b'[unknown]' (6236fee6d4db)
		b'[unknown]' (7c043a894ac3)

init stack for mutex 504df8bfa240 (#2)
		b'[unknown]' (7c043a8975c0)
		b'[unknown]' (6236f9f5a4db)
		b'[unknown]' (6236f9f589e7)
		b'[unknown]' (6236f9d669ed)
		b'[unknown]' (6236f9e8a6ec)
		b'[unknown]' (6236f9e431e4)
		b'[unknown]' (6236f9e48204)
		b'[unknown]' (6236f9e48853)
		b'[unknown]' (6236f9e44556)
		b'[unknown]' (6236f9e4660e)
		b'[unknown]' (6236f9e48348)
		b'[unknown]' (6236f9e48853)
		b'[unknown]' (6236f9e61631)
		b'[unknown]' (6236f9e61f53)
		b'[unknown]' (6236f9c66490)
		b'[unknown]' (6236f9c94e55)
		b'[unknown]' (6236fce6a92b)
		b'[unknown]' (6236fab86073)
		b'[unknown]' (6236fbf8113e)
		b'[unknown]' (6236fabed75d)
		b'[unknown]' (6236fabcfebc)
		b'[unknown]' (6236fabd1315)
		b'[unknown]' (6236fa62547f)
		b'[unknown]' (6236fa6257e5)
		b'[unknown]' (6236fa625ca5)
		b'[unknown]' (6236fa6273ec)
		b'[unknown]' (6236fa62808a)
		b'[unknown]' (6236fa62c176)
		b'[unknown]' (6236fa3321c9)
		b'[unknown]' (6236fa33dd18)
		b'[unknown]' (6236fa33e46b)
		b'[unknown]' (6236fa33dd70)
		b'[unknown]' (6236fed9754e)
		b'[unknown]' (6236f7ee69ac)
		b'[unknown]' (6236f7ee9125)
		b'[unknown]' (6236f7eec3a0)
		b'[unknown]' (6236f7eed325)
		b'[unknown]' (6236f7eec7be)
		b'[unknown]' (6236f7eec86f)
		b'[unknown]' (6236f7ee8ad5)
		b'[unknown]' (6236f7ee8bc3)
		b'[unknown]' (6236f7ef1105)
		b'[unknown]' (6236f7ee7eb9)
		b'[unknown]' (6236f7ee7f5b)
		b'[unknown]' (6236f7ef3e5e)
		b'[unknown]' (6236f7ef49e5)
		b'[unknown]' (6236f7ef5066)
		b'[unknown]' (6236f7ef5df5)
		b'[unknown]' (6236f7ed7f38)
		b'[unknown]' (6236fea64b8d)
		b'[unknown]' (6236fea65171)
		b'[unknown]' (6236fea651e4)
		b'[unknown]' (6236fea65273)
		b'[unknown]' (6236fea652d7)
		b'[unknown]' (6236fea6581e)
		b'[unknown]' (6236fea65a0e)
		b'[unknown]' (6236fea65aad)
		b'[unknown]' (6236fea65b3b)
		b'[unknown]' (6236fea666ca)
		b'[unknown]' (6236fea6678b)
		b'[unknown]' (6236fea6797d)
		b'[unknown]' (6236f7d88dd2)
		b'[unknown]' (6236fea6b3d9)
		b'[unknown]' (6236fea6c3d5)
		b'[unknown]' (6236fea6b380)
		b'[unknown]' (6236fea6c529)
		b'[unknown]' (6236f7d88dd2)
		b'[unknown]' (6236fee6a91a)
		b'[unknown]' (6236fee67893)
		b'[unknown]' (6236fee6899a)
		b'[unknown]' (6236f8525afc)
		b'[unknown]' (6236fee6d592)
		b'[unknown]' (6236fee6e112)
		b'[unknown]' (6236f8525afc)
		b'[unknown]' (6236fee6d4db)
		b'[unknown]' (7c043a894ac3)

init stack for mutex 504dff8e8488 (#3)
		b'[unknown]' (7c043a8975c0)
		b'[unknown]' (6236f9ea5342)
		b'[unknown]' (6236f9d65266)
		b'[unknown]' (6236f9e89f57)
		b'[unknown]' (6236f9e8a070)
		b'[unknown]' (6236f9e8a240)
		b'[unknown]' (6236f9e4bb54)
		b'[unknown]' (6236f9e4bcee)
		b'[unknown]' (6236f9e43dd3)
		b'[unknown]' (6236f9e4660e)
		b'[unknown]' (6236f9e48348)
		b'[unknown]' (6236f9e48853)
		b'[unknown]' (6236f9e61631)
		b'[unknown]' (6236f9e61f53)
		b'[unknown]' (6236f9c66490)
		b'[unknown]' (6236f9c94e55)
		b'[unknown]' (6236fce6a92b)
		b'[unknown]' (6236fab86073)
		b'[unknown]' (6236fbf8113e)
		b'[unknown]' (6236fabed75d)
		b'[unknown]' (6236fabcfebc)
		b'[unknown]' (6236fabd1315)
		b'[unknown]' (6236fa62547f)
		b'[unknown]' (6236fa6257e5)
		b'[unknown]' (6236fa625ca5)
		b'[unknown]' (6236fa6273ec)
		b'[unknown]' (6236fa62808a)
		b'[unknown]' (6236fa62c176)
		b'[unknown]' (6236fa3321c9)
		b'[unknown]' (6236fa33dd18)
		b'[unknown]' (6236fa33e46b)
		b'[unknown]' (6236fa33dd70)
		b'[unknown]' (6236fed9754e)
		b'[unknown]' (6236f7ee69ac)
		b'[unknown]' (6236f7ee9125)
		b'[unknown]' (6236f7eec3a0)
		b'[unknown]' (6236f7eed325)
		b'[unknown]' (6236f7eec7be)
		b'[unknown]' (6236f7eec86f)
		b'[unknown]' (6236f7ee8ad5)
		b'[unknown]' (6236f7ee8bc3)
		b'[unknown]' (6236f7ef1105)
		b'[unknown]' (6236f7ee7eb9)
		b'[unknown]' (6236f7ee7f5b)
		b'[unknown]' (6236f7ef3e5e)
		b'[unknown]' (6236f7ef49e5)
		b'[unknown]' (6236f7ef5066)
		b'[unknown]' (6236f7ef5df5)
		b'[unknown]' (6236f7ed7f38)
		b'[unknown]' (6236fea64b8d)
		b'[unknown]' (6236fea65171)
		b'[unknown]' (6236fea651e4)
		b'[unknown]' (6236fea65273)
		b'[unknown]' (6236fea652d7)
		b'[unknown]' (6236fea6581e)
		b'[unknown]' (6236fea65a0e)
		b'[unknown]' (6236fea65aad)
		b'[unknown]' (6236fea65b3b)
		b'[unknown]' (6236fea666ca)
		b'[unknown]' (6236fea6678b)
		b'[unknown]' (6236fea6797d)
		b'[unknown]' (6236f7d88dd2)
		b'[unknown]' (6236fea6b3d9)
		b'[unknown]' (6236fea6c3d5)
		b'[unknown]' (6236fea6b380)
		b'[unknown]' (6236fea6c529)
		b'[unknown]' (6236f7d88dd2)
		b'[unknown]' (6236fee6a91a)
		b'[unknown]' (6236fee67893)
		b'[unknown]' (6236fee6899a)
		b'[unknown]' (6236f8525afc)
		b'[unknown]' (6236fee6d592)
		b'[unknown]' (6236fee6e112)
		b'[unknown]' (6236f8525afc)
		b'[unknown]' (6236fee6d4db)
		b'[unknown]' (7c043a894ac3)

init stack for mutex 504dff884b98 (#4)
		b'[unknown]' (7c043a8975c0)
		b'[unknown]' (6236f9fe0788)
		b'[unknown]' (6236f9fdf3f6)
		b'[unknown]' (6236f9fe0d3e)
		b'[unknown]' (6236f9f3428b)
		b'[unknown]' (6236f9f3648d)
		b'[unknown]' (6236f9d940b9)
		b'[unknown]' (6236f9c62da9)
		b'[unknown]' (6236f9c6cd9c)
		b'[unknown]' (6236f9c66c6f)
		b'[unknown]' (6236fd023e9c)
		b'[unknown]' (6236fd0238fc)
		b'[unknown]' (6236fd02c6cb)
		b'[unknown]' (6236fd02310f)
		b'[unknown]' (6236fabf499a)
		b'[unknown]' (6236fabf4c0a)
		b'[unknown]' (6236fabf59f7)
		b'[unknown]' (6236fce81b42)
		b'[unknown]' (6236fce83735)
		b'[unknown]' (6236fa6263f8)
		b'[unknown]' (6236fa627794)
		b'[unknown]' (6236fa627a6a)
		b'[unknown]' (6236fa628429)
		b'[unknown]' (6236fa62c176)
		b'[unknown]' (6236fa3321c9)
		b'[unknown]' (6236fa33dd18)
		b'[unknown]' (6236fa33e46b)
		b'[unknown]' (6236fa33dd70)
		b'[unknown]' (6236fed9754e)
		b'[unknown]' (6236f7ee69ac)
		b'[unknown]' (6236f7ee9125)
		b'[unknown]' (6236f7eec3a0)
		b'[unknown]' (6236f7eed325)
		b'[unknown]' (6236f7eec7be)
		b'[unknown]' (6236f7eec86f)
		b'[unknown]' (6236f7ee8ad5)
		b'[unknown]' (6236f7ee8bc3)
		b'[unknown]' (6236f7ef1105)
		b'[unknown]' (6236f7ee7eb9)
		b'[unknown]' (6236f7ee7f5b)
		b'[unknown]' (6236f7ef3e5e)
		b'[unknown]' (6236f7ef49e5)
		b'[unknown]' (6236f7ef5066)
		b'[unknown]' (6236f7ef5df5)
		b'[unknown]' (6236f7ed7f38)
		b'[unknown]' (6236fea64b8d)
		b'[unknown]' (6236fea65171)
		b'[unknown]' (6236fea651e4)
		b'[unknown]' (6236fea65273)
		b'[unknown]' (6236fea652d7)
		b'[unknown]' (6236fea6581e)
		b'[unknown]' (6236fea65a0e)
		b'[unknown]' (6236fea65aad)
		b'[unknown]' (6236fea65b3b)
		b'[unknown]' (6236fea666ca)
		b'[unknown]' (6236fea6678b)
		b'[unknown]' (6236fea6797d)
		b'[unknown]' (6236f7d88dd2)
		b'[unknown]' (6236fea6b3d9)
		b'[unknown]' (6236fea6c3d5)
		b'[unknown]' (6236fea6b380)
		b'[unknown]' (6236fea6c529)
		b'[unknown]' (6236f7d88dd2)
		b'[unknown]' (6236fee6a91a)
		b'[unknown]' (6236fee67893)
		b'[unknown]' (6236fee6899a)
		b'[unknown]' (6236f8525afc)
		b'[unknown]' (6236fee6d592)
		b'[unknown]' (6236fee6e112)
		b'[unknown]' (6236f8525afc)
		b'[unknown]' (6236fee6d4db)
		b'[unknown]' (7c043a894ac3)

init stack for mutex 504dff8e8588 (#5)
		b'[unknown]' (7c043a8975c0)
		b'[unknown]' (6236f9ea5342)
		b'[unknown]' (6236f9d65266)
		b'[unknown]' (6236f9e89f57)
		b'[unknown]' (6236f9e8a070)
		b'[unknown]' (6236f9e8a240)
		b'[unknown]' (6236f9e431e4)
		b'[unknown]' (6236f9e48204)
		b'[unknown]' (6236f9e48853)
		b'[unknown]' (6236f9e44556)
		b'[unknown]' (6236f9e4660e)
		b'[unknown]' (6236f9e48348)
		b'[unknown]' (6236f9e48853)
		b'[unknown]' (6236f9e61631)
		b'[unknown]' (6236f9e61f53)
		b'[unknown]' (6236f9c930bc)
		b'[unknown]' (6236fce6a31e)
		b'[unknown]' (6236fabcedde)
		b'[unknown]' (6236fabcfc72)
		b'[unknown]' (6236fabd1315)
		b'[unknown]' (6236fa62547f)
		b'[unknown]' (6236fa6257e5)
		b'[unknown]' (6236fa625ca5)
		b'[unknown]' (6236fa6273ec)
		b'[unknown]' (6236fa62808a)
		b'[unknown]' (6236fa62c176)
		b'[unknown]' (6236fa3321c9)
		b'[unknown]' (6236fa33dd18)
		b'[unknown]' (6236fa33e46b)
		b'[unknown]' (6236fa33dd70)
		b'[unknown]' (6236fed9754e)
		b'[unknown]' (6236f7ee69ac)
		b'[unknown]' (6236f7ee9125)
		b'[unknown]' (6236f7eec3a0)
		b'[unknown]' (6236f7eed325)
		b'[unknown]' (6236f7eec7be)
		b'[unknown]' (6236f7eec86f)
		b'[unknown]' (6236f7ee8ad5)
		b'[unknown]' (6236f7ee8bc3)
		b'[unknown]' (6236f7ef1105)
		b'[unknown]' (6236f7ee7eb9)
		b'[unknown]' (6236f7ee7f5b)
		b'[unknown]' (6236f7ef3e5e)
		b'[unknown]' (6236f7ef49e5)
		b'[unknown]' (6236f7ef5066)
		b'[unknown]' (6236f7ef5df5)
		b'[unknown]' (6236f7ed7f38)
		b'[unknown]' (6236fea64b8d)
		b'[unknown]' (6236fea65171)
		b'[unknown]' (6236fea651e4)
		b'[unknown]' (6236fea65273)
		b'[unknown]' (6236fea652d7)
		b'[unknown]' (6236fea6581e)
		b'[unknown]' (6236fea65a0e)
		b'[unknown]' (6236fea65aad)
		b'[unknown]' (6236fea65b3b)
		b'[unknown]' (6236fea666ca)
		b'[unknown]' (6236fea6678b)
		b'[unknown]' (6236fea6797d)
		b'[unknown]' (6236f7d88dd2)
		b'[unknown]' (6236fea6b3d9)
		b'[unknown]' (6236fea6c3d5)
		b'[unknown]' (6236fea6b380)
		b'[unknown]' (6236fea6c529)
		b'[unknown]' (6236f7d88dd2)
		b'[unknown]' (6236fee6a91a)
		b'[unknown]' (6236fee67893)
		b'[unknown]' (6236fee6899a)
		b'[unknown]' (6236f8525afc)
		b'[unknown]' (6236fee6d592)
		b'[unknown]' (6236fee6e112)
		b'[unknown]' (6236f8525afc)
		b'[unknown]' (6236fee6d4db)
		b'[unknown]' (7c043a894ac3)

init stack for mutex 504df8bf7080 (#6)
		b'[unknown]' (7c043a8975c0)
		b'[unknown]' (6236f9ef8b12)
		b'[unknown]' (6236fa0e8ef4)
		b'[unknown]' (6236f9f58a4d)
		b'[unknown]' (6236f9d669ed)
		b'[unknown]' (6236f9e8a6ec)
		b'[unknown]' (6236f9e431e4)
		b'[unknown]' (6236f9e48204)
		b'[unknown]' (6236f9e48853)
		b'[unknown]' (6236f9e44556)
		b'[unknown]' (6236f9e4660e)
		b'[unknown]' (6236f9e48348)
		b'[unknown]' (6236f9e48853)
		b'[unknown]' (6236f9e61631)
		b'[unknown]' (6236f9e61f53)
		b'[unknown]' (6236f9c66490)
		b'[unknown]' (6236f9c94e55)
		b'[unknown]' (6236fce6a92b)
		b'[unknown]' (6236fab86073)
		b'[unknown]' (6236fbf8113e)
		b'[unknown]' (6236fabed75d)
		b'[unknown]' (6236fabcfebc)
		b'[unknown]' (6236fabd1315)
		b'[unknown]' (6236fa62547f)
		b'[unknown]' (6236fa6257e5)
		b'[unknown]' (6236fa625ca5)
		b'[unknown]' (6236fa6273ec)
		b'[unknown]' (6236fa62808a)
		b'[unknown]' (6236fa62c176)
		b'[unknown]' (6236fa3321c9)
		b'[unknown]' (6236fa33dd18)
		b'[unknown]' (6236fa33e46b)
		b'[unknown]' (6236fa33dd70)
		b'[unknown]' (6236fed9754e)
		b'[unknown]' (6236f7ee69ac)
		b'[unknown]' (6236f7ee9125)
		b'[unknown]' (6236f7eec3a0)
		b'[unknown]' (6236f7eed325)
		b'[unknown]' (6236f7eec7be)
		b'[unknown]' (6236f7eec86f)
		b'[unknown]' (6236f7ee8ad5)
		b'[unknown]' (6236f7ee8bc3)
		b'[unknown]' (6236f7ef1105)
		b'[unknown]' (6236f7ee7eb9)
		b'[unknown]' (6236f7ee7f5b)
		b'[unknown]' (6236f7ef3e5e)
		b'[unknown]' (6236f7ef49e5)
		b'[unknown]' (6236f7ef5066)
		b'[unknown]' (6236f7ef5df5)
		b'[unknown]' (6236f7ed7f38)
		b'[unknown]' (6236fea64b8d)
		b'[unknown]' (6236fea65171)
		b'[unknown]' (6236fea651e4)
		b'[unknown]' (6236fea65273)
		b'[unknown]' (6236fea652d7)
		b'[unknown]' (6236fea6581e)
		b'[unknown]' (6236fea65a0e)
		b'[unknown]' (6236fea65aad)
		b'[unknown]' (6236fea65b3b)
		b'[unknown]' (6236fea666ca)
		b'[unknown]' (6236fea6678b)
		b'[unknown]' (6236fea6797d)
		b'[unknown]' (6236f7d88dd2)
		b'[unknown]' (6236fea6b3d9)
		b'[unknown]' (6236fea6c3d5)
		b'[unknown]' (6236fea6b380)
		b'[unknown]' (6236fea6c529)
		b'[unknown]' (6236f7d88dd2)
		b'[unknown]' (6236fee6a91a)
		b'[unknown]' (6236fee67893)
		b'[unknown]' (6236fee6899a)
		b'[unknown]' (6236f8525afc)
		b'[unknown]' (6236fee6d592)
		b'[unknown]' (6236fee6e112)
		b'[unknown]' (6236f8525afc)
		b'[unknown]' (6236fee6d4db)
		b'[unknown]' (7c043a894ac3)

init stack for mutex 504dff885648 (#7)
		b'[unknown]' (7c043a8975c0)
		b'[unknown]' (6236f9fe0788)
		b'[unknown]' (6236f9f94488)
		b'[unknown]' (6236f9f9e64f)
		b'[unknown]' (6236f9f9f560)
		b'[unknown]' (6236f9f9f644)
		b'[unknown]' (6236f9dcc753)
		b'[unknown]' (6236f9dcb950)
		b'[unknown]' (6236f9f7bf97)
		b'[unknown]' (6236f9fe43e0)
		b'[unknown]' (6236f9fe6941)
		b'[unknown]' (6236f9f341d4)
		b'[unknown]' (6236f9f363ec)
		b'[unknown]' (6236f9d940b9)
		b'[unknown]' (6236f9c62da9)
		b'[unknown]' (6236f9cd44a4)
		b'[unknown]' (6236f9cd354b)
		b'[unknown]' (6236fd111330)
		b'[unknown]' (6236fce813e9)
		b'[unknown]' (6236fce83735)
		b'[unknown]' (6236fa6263f8)
		b'[unknown]' (6236fa627794)
		b'[unknown]' (6236fa627a6a)
		b'[unknown]' (6236fa628429)
		b'[unknown]' (6236fa62c176)
		b'[unknown]' (6236fa3321c9)
		b'[unknown]' (6236fa33dd18)
		b'[unknown]' (6236fa33e46b)
		b'[unknown]' (6236fa33dd70)
		b'[unknown]' (6236fed9754e)
		b'[unknown]' (6236f7ee69ac)
		b'[unknown]' (6236f7ee9125)
		b'[unknown]' (6236f7eec3a0)
		b'[unknown]' (6236f7eed325)
		b'[unknown]' (6236f7eec7be)
		b'[unknown]' (6236f7eec86f)
		b'[unknown]' (6236f7ee8ad5)
		b'[unknown]' (6236f7ee8bc3)
		b'[unknown]' (6236f7ef1105)
		b'[unknown]' (6236f7ee7eb9)
		b'[unknown]' (6236f7ee7f5b)
		b'[unknown]' (6236f7ef3e5e)
		b'[unknown]' (6236f7ef49e5)
		b'[unknown]' (6236f7ef5066)
		b'[unknown]' (6236f7ef5df5)
		b'[unknown]' (6236f7ed7f38)
		b'[unknown]' (6236fea64b8d)
		b'[unknown]' (6236fea65171)
		b'[unknown]' (6236fea651e4)
		b'[unknown]' (6236fea65273)
		b'[unknown]' (6236fea652d7)
		b'[unknown]' (6236fea6581e)
		b'[unknown]' (6236fea65a0e)
		b'[unknown]' (6236fea65aad)
		b'[unknown]' (6236fea65b3b)
		b'[unknown]' (6236fea666ca)
		b'[unknown]' (6236fea6678b)
		b'[unknown]' (6236fea6797d)
		b'[unknown]' (6236f7d88dd2)
		b'[unknown]' (6236fea6b3d9)
		b'[unknown]' (6236fea6c3d5)
		b'[unknown]' (6236fea6b380)
		b'[unknown]' (6236fea6c529)
		b'[unknown]' (6236f7d88dd2)
		b'[unknown]' (6236fee6a91a)
		b'[unknown]' (6236fee67893)
		b'[unknown]' (6236fee6899a)
		b'[unknown]' (6236f8525afc)
		b'[unknown]' (6236fee6d592)
		b'[unknown]' (6236fee6e112)
		b'[unknown]' (6236f8525afc)
		b'[unknown]' (6236fee6d4db)
		b'[unknown]' (7c043a894ac3)

init stack for mutex 504df929a240 (#8)
		b'[unknown]' (7c043a8975c0)
		b'[unknown]' (6236f9f5a4db)
		b'[unknown]' (6236f9f589e7)
		b'[unknown]' (6236f9d669ed)
		b'[unknown]' (6236f9e8a6ec)
		b'[unknown]' (6236f9e431e4)
		b'[unknown]' (6236f9e48204)
		b'[unknown]' (6236f9e48853)
		b'[unknown]' (6236f9e44556)
		b'[unknown]' (6236f9e4660e)
		b'[unknown]' (6236f9e48348)
		b'[unknown]' (6236f9e48853)
		b'[unknown]' (6236f9e61631)
		b'[unknown]' (6236f9e61f53)
		b'[unknown]' (6236f9c930bc)
		b'[unknown]' (6236fce6a31e)
		b'[unknown]' (6236fabcedde)
		b'[unknown]' (6236fabcfc72)
		b'[unknown]' (6236fabd1315)
		b'[unknown]' (6236fa62547f)
		b'[unknown]' (6236fa6257e5)
		b'[unknown]' (6236fa625ca5)
		b'[unknown]' (6236fa6273ec)
		b'[unknown]' (6236fa62808a)
		b'[unknown]' (6236fa62c176)
		b'[unknown]' (6236fa3321c9)
		b'[unknown]' (6236fa33dd18)
		b'[unknown]' (6236fa33e46b)
		b'[unknown]' (6236fa33dd70)
		b'[unknown]' (6236fed9754e)
		b'[unknown]' (6236f7ee69ac)
		b'[unknown]' (6236f7ee9125)
		b'[unknown]' (6236f7eec3a0)
		b'[unknown]' (6236f7eed325)
		b'[unknown]' (6236f7eec7be)
		b'[unknown]' (6236f7eec86f)
		b'[unknown]' (6236f7ee8ad5)
		b'[unknown]' (6236f7ee8bc3)
		b'[unknown]' (6236f7ef1105)
		b'[unknown]' (6236f7ee7eb9)
		b'[unknown]' (6236f7ee7f5b)
		b'[unknown]' (6236f7ef3e5e)
		b'[unknown]' (6236f7ef49e5)
		b'[unknown]' (6236f7ef5066)
		b'[unknown]' (6236f7ef5df5)
		b'[unknown]' (6236f7ed7f38)
		b'[unknown]' (6236fea64b8d)
		b'[unknown]' (6236fea65171)
		b'[unknown]' (6236fea651e4)
		b'[unknown]' (6236fea65273)
		b'[unknown]' (6236fea652d7)
		b'[unknown]' (6236fea6581e)
		b'[unknown]' (6236fea65a0e)
		b'[unknown]' (6236fea65aad)
		b'[unknown]' (6236fea65b3b)
		b'[unknown]' (6236fea666ca)
		b'[unknown]' (6236fea6678b)
		b'[unknown]' (6236fea6797d)
		b'[unknown]' (6236f7d88dd2)
		b'[unknown]' (6236fea6b3d9)
		b'[unknown]' (6236fea6c3d5)
		b'[unknown]' (6236fea6b380)
		b'[unknown]' (6236fea6c529)
		b'[unknown]' (6236f7d88dd2)
		b'[unknown]' (6236fee6a91a)
		b'[unknown]' (6236fee67893)
		b'[unknown]' (6236fee6899a)
		b'[unknown]' (6236f8525afc)
		b'[unknown]' (6236fee6d592)
		b'[unknown]' (6236fee6e112)
		b'[unknown]' (6236f8525afc)
		b'[unknown]' (6236fee6d4db)
		b'[unknown]' (7c043a894ac3)

init stack for mutex 504dff952a08 (#9)
		b'[unknown]' (7c043a8975c0)
		b'[unknown]' (6236f9ea536e)
		b'[unknown]' (6236f9f5a49a)
		b'[unknown]' (6236f9f589e7)
		b'[unknown]' (6236f9d669ed)
		b'[unknown]' (6236f9e8a6ec)
		b'[unknown]' (6236f9e431e4)
		b'[unknown]' (6236f9e48204)
		b'[unknown]' (6236f9e48853)
		b'[unknown]' (6236f9e44556)
		b'[unknown]' (6236f9e4660e)
		b'[unknown]' (6236f9e48348)
		b'[unknown]' (6236f9e48853)
		b'[unknown]' (6236f9e61631)
		b'[unknown]' (6236f9e61f53)
		b'[unknown]' (6236f9c930bc)
		b'[unknown]' (6236fce6a31e)
		b'[unknown]' (6236fabcedde)
		b'[unknown]' (6236fabcfc72)
		b'[unknown]' (6236fabd1315)
		b'[unknown]' (6236fa62547f)
		b'[unknown]' (6236fa6257e5)
		b'[unknown]' (6236fa625ca5)
		b'[unknown]' (6236fa6273ec)
		b'[unknown]' (6236fa62808a)
		b'[unknown]' (6236fa62c176)
		b'[unknown]' (6236fa3321c9)
		b'[unknown]' (6236fa33dd18)
		b'[unknown]' (6236fa33e46b)
		b'[unknown]' (6236fa33dd70)
		b'[unknown]' (6236fed9754e)
		b'[unknown]' (6236f7ee69ac)
		b'[unknown]' (6236f7ee9125)
		b'[unknown]' (6236f7eec3a0)
		b'[unknown]' (6236f7eed325)
		b'[unknown]' (6236f7eec7be)
		b'[unknown]' (6236f7eec86f)
		b'[unknown]' (6236f7ee8ad5)
		b'[unknown]' (6236f7ee8bc3)
		b'[unknown]' (6236f7ef1105)
		b'[unknown]' (6236f7ee7eb9)
		b'[unknown]' (6236f7ee7f5b)
		b'[unknown]' (6236f7ef3e5e)
		b'[unknown]' (6236f7ef49e5)
		b'[unknown]' (6236f7ef5066)
		b'[unknown]' (6236f7ef5df5)
		b'[unknown]' (6236f7ed7f38)
		b'[unknown]' (6236fea64b8d)
		b'[unknown]' (6236fea65171)
		b'[unknown]' (6236fea651e4)
		b'[unknown]' (6236fea65273)
		b'[unknown]' (6236fea652d7)
		b'[unknown]' (6236fea6581e)
		b'[unknown]' (6236fea65a0e)
		b'[unknown]' (6236fea65aad)
		b'[unknown]' (6236fea65b3b)
		b'[unknown]' (6236fea666ca)
		b'[unknown]' (6236fea6678b)
		b'[unknown]' (6236fea6797d)
		b'[unknown]' (6236f7d88dd2)
		b'[unknown]' (6236fea6b3d9)
		b'[unknown]' (6236fea6c3d5)
		b'[unknown]' (6236fea6b380)
		b'[unknown]' (6236fea6c529)
		b'[unknown]' (6236f7d88dd2)
		b'[unknown]' (6236fee6a91a)
		b'[unknown]' (6236fee67893)
		b'[unknown]' (6236fee6899a)
		b'[unknown]' (6236f8525afc)
		b'[unknown]' (6236fee6d592)
		b'[unknown]' (6236fee6e112)
		b'[unknown]' (6236f8525afc)
		b'[unknown]' (6236fee6d4db)
		b'[unknown]' (7c043a894ac3)

init stack for mutex 504df95094e8 (#10)
		b'[unknown]' (7c043a8975c0)
		b'[unknown]' (6236f9d6533d)
		b'[unknown]' (6236f9e89f57)
		b'[unknown]' (6236f9e8a070)
		b'[unknown]' (6236f9e8a240)
		b'[unknown]' (6236f9e431e4)
		b'[unknown]' (6236f9e48204)
		b'[unknown]' (6236f9e48853)
		b'[unknown]' (6236f9e44556)
		b'[unknown]' (6236f9e4660e)
		b'[unknown]' (6236f9e48348)
		b'[unknown]' (6236f9e48853)
		b'[unknown]' (6236f9e61631)
		b'[unknown]' (6236f9e61f53)
		b'[unknown]' (6236f9c66490)
		b'[unknown]' (6236f9c94e55)
		b'[unknown]' (6236fce6a92b)
		b'[unknown]' (6236fab86073)
		b'[unknown]' (6236fbf8113e)
		b'[unknown]' (6236fabed75d)
		b'[unknown]' (6236fabcfebc)
		b'[unknown]' (6236fabd1315)
		b'[unknown]' (6236fa62547f)
		b'[unknown]' (6236fa6257e5)
		b'[unknown]' (6236fa625ca5)
		b'[unknown]' (6236fa6273ec)
		b'[unknown]' (6236fa62808a)
		b'[unknown]' (6236fa62c176)
		b'[unknown]' (6236fa3321c9)
		b'[unknown]' (6236fa33dd18)
		b'[unknown]' (6236fa33e46b)
		b'[unknown]' (6236fa33dd70)
		b'[unknown]' (6236fed9754e)
		b'[unknown]' (6236f7ee69ac)
		b'[unknown]' (6236f7ee9125)
		b'[unknown]' (6236f7eec3a0)
		b'[unknown]' (6236f7eed325)
		b'[unknown]' (6236f7eec7be)
		b'[unknown]' (6236f7eec86f)
		b'[unknown]' (6236f7ee8ad5)
		b'[unknown]' (6236f7ee8bc3)
		b'[unknown]' (6236f7ef1105)
		b'[unknown]' (6236f7ee7eb9)
		b'[unknown]' (6236f7ee7f5b)
		b'[unknown]' (6236f7ef3e5e)
		b'[unknown]' (6236f7ef49e5)
		b'[unknown]' (6236f7ef5066)
		b'[unknown]' (6236f7ef5df5)
		b'[unknown]' (6236f7ed7f38)
		b'[unknown]' (6236fea64b8d)
		b'[unknown]' (6236fea65171)
		b'[unknown]' (6236fea651e4)
		b'[unknown]' (6236fea65273)
		b'[unknown]' (6236fea652d7)
		b'[unknown]' (6236fea6581e)
		b'[unknown]' (6236fea65a0e)
		b'[unknown]' (6236fea65aad)
		b'[unknown]' (6236fea65b3b)
		b'[unknown]' (6236fea666ca)
		b'[unknown]' (6236fea6678b)
		b'[unknown]' (6236fea6797d)
		b'[unknown]' (6236f7d88dd2)
		b'[unknown]' (6236fea6b3d9)
		b'[unknown]' (6236fea6c3d5)
		b'[unknown]' (6236fea6b380)
		b'[unknown]' (6236fea6c529)
		b'[unknown]' (6236f7d88dd2)
		b'[unknown]' (6236fee6a91a)
		b'[unknown]' (6236fee67893)
		b'[unknown]' (6236fee6899a)
		b'[unknown]' (6236f8525afc)
		b'[unknown]' (6236fee6d592)
		b'[unknown]' (6236fee6e112)
		b'[unknown]' (6236f8525afc)
		b'[unknown]' (6236fee6d4db)
		b'[unknown]' (7c043a894ac3)

init stack for mutex 504dff994088 (#11)
		b'[unknown]' (7c043a8975c0)
		b'[unknown]' (6236f9ea5342)
		b'[unknown]' (6236f9f5a49a)
		b'[unknown]' (6236f9f589e7)
		b'[unknown]' (6236f9d669ed)
		b'[unknown]' (6236f9e8a6ec)
		b'[unknown]' (6236f9e431e4)
		b'[unknown]' (6236f9e48204)
		b'[unknown]' (6236f9e48853)
		b'[unknown]' (6236f9e44556)
		b'[unknown]' (6236f9e4660e)
		b'[unknown]' (6236f9e48348)
		b'[unknown]' (6236f9e48853)
		b'[unknown]' (6236f9e61631)
		b'[unknown]' (6236f9e61f53)
		b'[unknown]' (6236f9c66490)
		b'[unknown]' (6236f9c94e55)
		b'[unknown]' (6236fce6a92b)
		b'[unknown]' (6236fab86073)
		b'[unknown]' (6236fbf8113e)
		b'[unknown]' (6236fabed75d)
		b'[unknown]' (6236fabcfebc)
		b'[unknown]' (6236fabd1315)
		b'[unknown]' (6236fa62547f)
		b'[unknown]' (6236fa6257e5)
		b'[unknown]' (6236fa625ca5)
		b'[unknown]' (6236fa6273ec)
		b'[unknown]' (6236fa62808a)
		b'[unknown]' (6236fa62c176)
		b'[unknown]' (6236fa3321c9)
		b'[unknown]' (6236fa33dd18)
		b'[unknown]' (6236fa33e46b)
		b'[unknown]' (6236fa33dd70)
		b'[unknown]' (6236fed9754e)
		b'[unknown]' (6236f7ee69ac)
		b'[unknown]' (6236f7ee9125)
		b'[unknown]' (6236f7eec3a0)
		b'[unknown]' (6236f7eed325)
		b'[unknown]' (6236f7eec7be)
		b'[unknown]' (6236f7eec86f)
		b'[unknown]' (6236f7ee8ad5)
		b'[unknown]' (6236f7ee8bc3)
		b'[unknown]' (6236f7ef1105)
		b'[unknown]' (6236f7ee7eb9)
		b'[unknown]' (6236f7ee7f5b)
		b'[unknown]' (6236f7ef3e5e)
		b'[unknown]' (6236f7ef49e5)
		b'[unknown]' (6236f7ef5066)
		b'[unknown]' (6236f7ef5df5)
		b'[unknown]' (6236f7ed7f38)
		b'[unknown]' (6236fea64b8d)
		b'[unknown]' (6236fea65171)
		b'[unknown]' (6236fea651e4)
		b'[unknown]' (6236fea65273)
		b'[unknown]' (6236fea652d7)
		b'[unknown]' (6236fea6581e)
		b'[unknown]' (6236fea65a0e)
		b'[unknown]' (6236fea65aad)
		b'[unknown]' (6236fea65b3b)
		b'[unknown]' (6236fea666ca)
		b'[unknown]' (6236fea6678b)
		b'[unknown]' (6236fea6797d)
		b'[unknown]' (6236f7d88dd2)
		b'[unknown]' (6236fea6b3d9)
		b'[unknown]' (6236fea6c3d5)
		b'[unknown]' (6236fea6b380)
		b'[unknown]' (6236fea6c529)
		b'[unknown]' (6236f7d88dd2)
		b'[unknown]' (6236fee6a91a)
		b'[unknown]' (6236fee67893)
		b'[unknown]' (6236fee6899a)
		b'[unknown]' (6236f8525afc)
		b'[unknown]' (6236fee6d592)
		b'[unknown]' (6236fee6e112)
		b'[unknown]' (6236f8525afc)
		b'[unknown]' (6236fee6d4db)
		b'[unknown]' (7c043a894ac3)

init stack for mutex 504df92d4868 (#12)
		b'[unknown]' (7c043a8975c0)
		b'[unknown]' (6236f9d6533d)
		b'[unknown]' (6236f9e89f57)
		b'[unknown]' (6236f9e8a070)
		b'[unknown]' (6236f9e8a240)
		b'[unknown]' (6236f9e4bb54)
		b'[unknown]' (6236f9e4bcee)
		b'[unknown]' (6236f9e43dd3)
		b'[unknown]' (6236f9e4660e)
		b'[unknown]' (6236f9e48348)
		b'[unknown]' (6236f9e48853)
		b'[unknown]' (6236f9e61631)
		b'[unknown]' (6236f9e61f53)
		b'[unknown]' (6236f9c66490)
		b'[unknown]' (6236f9c94e55)
		b'[unknown]' (6236fce6a92b)
		b'[unknown]' (6236fab86073)
		b'[unknown]' (6236fbf8113e)
		b'[unknown]' (6236fabed75d)
		b'[unknown]' (6236fabcfebc)
		b'[unknown]' (6236fabd1315)
		b'[unknown]' (6236fa62547f)
		b'[unknown]' (6236fa6257e5)
		b'[unknown]' (6236fa625ca5)
		b'[unknown]' (6236fa6273ec)
		b'[unknown]' (6236fa62808a)
		b'[unknown]' (6236fa62c176)
		b'[unknown]' (6236fa3321c9)
		b'[unknown]' (6236fa33dd18)
		b'[unknown]' (6236fa33e46b)
		b'[unknown]' (6236fa33dd70)
		b'[unknown]' (6236fed9754e)
		b'[unknown]' (6236f7ee69ac)
		b'[unknown]' (6236f7ee9125)
		b'[unknown]' (6236f7eec3a0)
		b'[unknown]' (6236f7eed325)
		b'[unknown]' (6236f7eec7be)
		b'[unknown]' (6236f7eec86f)
		b'[unknown]' (6236f7ee8ad5)
		b'[unknown]' (6236f7ee8bc3)
		b'[unknown]' (6236f7ef1105)
		b'[unknown]' (6236f7ee7eb9)
		b'[unknown]' (6236f7ee7f5b)
		b'[unknown]' (6236f7ef3e5e)
		b'[unknown]' (6236f7ef49e5)
		b'[unknown]' (6236f7ef5066)
		b'[unknown]' (6236f7ef5df5)
		b'[unknown]' (6236f7ed7f38)
		b'[unknown]' (6236fea64b8d)
		b'[unknown]' (6236fea65171)
		b'[unknown]' (6236fea651e4)
		b'[unknown]' (6236fea65273)
		b'[unknown]' (6236fea652d7)
		b'[unknown]' (6236fea6581e)
		b'[unknown]' (6236fea65a0e)
		b'[unknown]' (6236fea65aad)
		b'[unknown]' (6236fea65b3b)
		b'[unknown]' (6236fea666ca)
		b'[unknown]' (6236fea6678b)
		b'[unknown]' (6236fea6797d)
		b'[unknown]' (6236f7d88dd2)
		b'[unknown]' (6236fea6b3d9)
		b'[unknown]' (6236fea6c3d5)
		b'[unknown]' (6236fea6b380)
		b'[unknown]' (6236fea6c529)
		b'[unknown]' (6236f7d88dd2)
		b'[unknown]' (6236fee6a91a)
		b'[unknown]' (6236fee67893)
		b'[unknown]' (6236fee6899a)
		b'[unknown]' (6236f8525afc)
		b'[unknown]' (6236fee6d592)
		b'[unknown]' (6236fee6e112)
		b'[unknown]' (6236f8525afc)
		b'[unknown]' (6236fee6d4db)
		b'[unknown]' (7c043a894ac3)

init stack for mutex 504dff972888 (#13)
		b'[unknown]' (7c043a8975c0)
		b'[unknown]' (6236f9ea5342)
		b'[unknown]' (6236f9d65266)
		b'[unknown]' (6236f9e89f57)
		b'[unknown]' (6236f9e8a070)
		b'[unknown]' (6236f9e8a240)
		b'[unknown]' (6236f9e4bb54)
		b'[unknown]' (6236f9e4bcee)
		b'[unknown]' (6236f9e43dd3)
		b'[unknown]' (6236f9e4660e)
		b'[unknown]' (6236f9e48348)
		b'[unknown]' (6236f9e48853)
		b'[unknown]' (6236f9e61631)
		b'[unknown]' (6236f9e61f53)
		b'[unknown]' (6236f9c930bc)
		b'[unknown]' (6236fce6a31e)
		b'[unknown]' (6236fabcedde)
		b'[unknown]' (6236fabcfc72)
		b'[unknown]' (6236fabd1315)
		b'[unknown]' (6236fa62547f)
		b'[unknown]' (6236fa6257e5)
		b'[unknown]' (6236fa625ca5)
		b'[unknown]' (6236fa6273ec)
		b'[unknown]' (6236fa62808a)
		b'[unknown]' (6236fa62c176)
		b'[unknown]' (6236fa3321c9)
		b'[unknown]' (6236fa33dd18)
		b'[unknown]' (6236fa33e46b)
		b'[unknown]' (6236fa33dd70)
		b'[unknown]' (6236fed9754e)
		b'[unknown]' (6236f7ee69ac)
		b'[unknown]' (6236f7ee9125)
		b'[unknown]' (6236f7eec3a0)
		b'[unknown]' (6236f7eed325)
		b'[unknown]' (6236f7eec7be)
		b'[unknown]' (6236f7eec86f)
		b'[unknown]' (6236f7ee8ad5)
		b'[unknown]' (6236f7ee8bc3)
		b'[unknown]' (6236f7ef1105)
		b'[unknown]' (6236f7ee7eb9)
		b'[unknown]' (6236f7ee7f5b)
		b'[unknown]' (6236f7ef3e5e)
		b'[unknown]' (6236f7ef49e5)
		b'[unknown]' (6236f7ef5066)
		b'[unknown]' (6236f7ef5df5)
		b'[unknown]' (6236f7ed7f38)
		b'[unknown]' (6236fea64b8d)
		b'[unknown]' (6236fea65171)
		b'[unknown]' (6236fea651e4)
		b'[unknown]' (6236fea65273)
		b'[unknown]' (6236fea652d7)
		b'[unknown]' (6236fea6581e)
		b'[unknown]' (6236fea65a0e)
		b'[unknown]' (6236fea65aad)
		b'[unknown]' (6236fea65b3b)
		b'[unknown]' (6236fea666ca)
		b'[unknown]' (6236fea6678b)
		b'[unknown]' (6236fea6797d)
		b'[unknown]' (6236f7d88dd2)
		b'[unknown]' (6236fea6b3d9)
		b'[unknown]' (6236fea6c3d5)
		b'[unknown]' (6236fea6b380)
		b'[unknown]' (6236fea6c529)
		b'[unknown]' (6236f7d88dd2)
		b'[unknown]' (6236fee6a91a)
		b'[unknown]' (6236fee67893)
		b'[unknown]' (6236fee6899a)
		b'[unknown]' (6236f8525afc)
		b'[unknown]' (6236fee6d592)
		b'[unknown]' (6236fee6e112)
		b'[unknown]' (6236f8525afc)
		b'[unknown]' (6236fee6d4db)
		b'[unknown]' (7c043a894ac3)

init stack for mutex 504df8bf6080 (#14)
		b'[unknown]' (7c043a8975c0)
		b'[unknown]' (6236f9f5a4db)
		b'[unknown]' (6236f9f589e7)
		b'[unknown]' (6236f9d669ed)
		b'[unknown]' (6236f9e8a6ec)
		b'[unknown]' (6236f9e431e4)
		b'[unknown]' (6236f9e48204)
		b'[unknown]' (6236f9e48853)
		b'[unknown]' (6236f9e44556)
		b'[unknown]' (6236f9e4660e)
		b'[unknown]' (6236f9e48348)
		b'[unknown]' (6236f9e48853)
		b'[unknown]' (6236f9e61631)
		b'[unknown]' (6236f9e61f53)
		b'[unknown]' (6236f9c66490)
		b'[unknown]' (6236f9c94e55)
		b'[unknown]' (6236fce6a92b)
		b'[unknown]' (6236fab86073)
		b'[unknown]' (6236fbf8113e)
		b'[unknown]' (6236fabed75d)
		b'[unknown]' (6236fabcfebc)
		b'[unknown]' (6236fabd1315)
		b'[unknown]' (6236fa62547f)
		b'[unknown]' (6236fa6257e5)
		b'[unknown]' (6236fa625ca5)
		b'[unknown]' (6236fa6273ec)
		b'[unknown]' (6236fa62808a)
		b'[unknown]' (6236fa62c176)
		b'[unknown]' (6236fa3321c9)
		b'[unknown]' (6236fa33dd18)
		b'[unknown]' (6236fa33e46b)
		b'[unknown]' (6236fa33dd70)
		b'[unknown]' (6236fed9754e)
		b'[unknown]' (6236f7ee69ac)
		b'[unknown]' (6236f7ee9125)
		b'[unknown]' (6236f7eec3a0)
		b'[unknown]' (6236f7eed325)
		b'[unknown]' (6236f7eec7be)
		b'[unknown]' (6236f7eec86f)
		b'[unknown]' (6236f7ee8ad5)
		b'[unknown]' (6236f7ee8bc3)
		b'[unknown]' (6236f7ef1105)
		b'[unknown]' (6236f7ee7eb9)
		b'[unknown]' (6236f7ee7f5b)
		b'[unknown]' (6236f7ef3e5e)
		b'[unknown]' (6236f7ef49e5)
		b'[unknown]' (6236f7ef5066)
		b'[unknown]' (6236f7ef5df5)
		b'[unknown]' (6236f7ed7f38)
		b'[unknown]' (6236fea64b8d)
		b'[unknown]' (6236fea65171)
		b'[unknown]' (6236fea651e4)
		b'[unknown]' (6236fea65273)
		b'[unknown]' (6236fea652d7)
		b'[unknown]' (6236fea6581e)
		b'[unknown]' (6236fea65a0e)
		b'[unknown]' (6236fea65aad)
		b'[unknown]' (6236fea65b3b)
		b'[unknown]' (6236fea666ca)
		b'[unknown]' (6236fea6678b)
		b'[unknown]' (6236fea6797d)
		b'[unknown]' (6236f7d88dd2)
		b'[unknown]' (6236fea6b3d9)
		b'[unknown]' (6236fea6c3d5)
		b'[unknown]' (6236fea6b380)
		b'[unknown]' (6236fea6c529)
		b'[unknown]' (6236f7d88dd2)
		b'[unknown]' (6236fee6a91a)
		b'[unknown]' (6236fee67893)
		b'[unknown]' (6236fee6899a)
		b'[unknown]' (6236f8525afc)
		b'[unknown]' (6236fee6d592)
		b'[unknown]' (6236fee6e112)
		b'[unknown]' (6236f8525afc)
		b'[unknown]' (6236fee6d4db)
		b'[unknown]' (7c043a894ac3)

init stack for mutex 504df92deae8 (#15)
		b'[unknown]' (7c043a8975c0)
		b'[unknown]' (6236f9d6533d)
		b'[unknown]' (6236f9e89f57)
		b'[unknown]' (6236f9e8a070)
		b'[unknown]' (6236f9e8a240)
		b'[unknown]' (6236f9e4bb54)
		b'[unknown]' (6236f9e4bcee)
		b'[unknown]' (6236f9e43dd3)
		b'[unknown]' (6236f9e4660e)
		b'[unknown]' (6236f9e48348)
		b'[unknown]' (6236f9e48853)
		b'[unknown]' (6236f9e61631)
		b'[unknown]' (6236f9e61f53)
		b'[unknown]' (6236f9c930bc)
		b'[unknown]' (6236fce6a31e)
		b'[unknown]' (6236fabcedde)
		b'[unknown]' (6236fabcfc72)
		b'[unknown]' (6236fabd1315)
		b'[unknown]' (6236fa62547f)
		b'[unknown]' (6236fa6257e5)
		b'[unknown]' (6236fa625ca5)
		b'[unknown]' (6236fa6273ec)
		b'[unknown]' (6236fa62808a)
		b'[unknown]' (6236fa62c176)
		b'[unknown]' (6236fa3321c9)
		b'[unknown]' (6236fa33dd18)
		b'[unknown]' (6236fa33e46b)
		b'[unknown]' (6236fa33dd70)
		b'[unknown]' (6236fed9754e)
		b'[unknown]' (6236f7ee69ac)
		b'[unknown]' (6236f7ee9125)
		b'[unknown]' (6236f7eec3a0)
		b'[unknown]' (6236f7eed325)
		b'[unknown]' (6236f7eec7be)
		b'[unknown]' (6236f7eec86f)
		b'[unknown]' (6236f7ee8ad5)
		b'[unknown]' (6236f7ee8bc3)
		b'[unknown]' (6236f7ef1105)
		b'[unknown]' (6236f7ee7eb9)
		b'[unknown]' (6236f7ee7f5b)
		b'[unknown]' (6236f7ef3e5e)
		b'[unknown]' (6236f7ef49e5)
		b'[unknown]' (6236f7ef5066)
		b'[unknown]' (6236f7ef5df5)
		b'[unknown]' (6236f7ed7f38)
		b'[unknown]' (6236fea64b8d)
		b'[unknown]' (6236fea65171)
		b'[unknown]' (6236fea651e4)
		b'[unknown]' (6236fea65273)
		b'[unknown]' (6236fea652d7)
		b'[unknown]' (6236fea6581e)
		b'[unknown]' (6236fea65a0e)
		b'[unknown]' (6236fea65aad)
		b'[unknown]' (6236fea65b3b)
		b'[unknown]' (6236fea666ca)
		b'[unknown]' (6236fea6678b)
		b'[unknown]' (6236fea6797d)
		b'[unknown]' (6236f7d88dd2)
		b'[unknown]' (6236fea6b3d9)
		b'[unknown]' (6236fea6c3d5)
		b'[unknown]' (6236fea6b380)
		b'[unknown]' (6236fea6c529)
		b'[unknown]' (6236f7d88dd2)
		b'[unknown]' (6236fee6a91a)
		b'[unknown]' (6236fee67893)
		b'[unknown]' (6236fee6899a)
		b'[unknown]' (6236f8525afc)
		b'[unknown]' (6236fee6d592)
		b'[unknown]' (6236fee6e112)
		b'[unknown]' (6236f8525afc)
		b'[unknown]' (6236fee6d4db)
		b'[unknown]' (7c043a894ac3)

init stack for mutex 504dff8858a8 (#16)
		b'[unknown]' (6236f7d776a7)
		b'[unknown]' (6236f7d77cac)
		b'[unknown]' (6236f7d80eca)
		b'[unknown]' (6236feea0bc6)
		b'[unknown]' (6236fee98135)
		b'[unknown]' (6236fee9a10d)
		b'[unknown]' (6236fee977b7)
		b'[unknown]' (6236fee83c84)
		b'[unknown]' (6236fee83a8b)
		b'[unknown]' (6236f82551cb)
		b'[unknown]' (6236f7e2f7d6)
		b'[unknown]' (6236fa9aaf75)
		b'[unknown]' (6236f7f52271)
		b'[unknown]' (6236feda3caa)
		b'[unknown]' (6236fed970b4)
		b'[unknown]' (6236f8604c61)
		b'[unknown]' (6236f86132f4)
		b'[unknown]' (6236f861a2e0)
		b'[unknown]' (6236f8619986)
		b'[unknown]' (6236f861a943)
		b'[unknown]' (6236f861a835)
		b'[unknown]' (6236f861a670)
		b'[unknown]' (6236f861a6aa)
		b'[unknown]' (6236f861a71c)
		b'[unknown]' (6236f861afcc)
		b'[unknown]' (6236f861af8f)
		b'[unknown]' (6236f861af3c)
		b'[unknown]' (6236f861af10)
		b'[unknown]' (6236f861aef4)
		b'[unknown]' (7c043ace62b3)

init stack for mutex 504dff953908 (#17)
		b'[unknown]' (7c043a8975c0)
		b'[unknown]' (6236f9ea5342)
		b'[unknown]' (6236f9f5a49a)
		b'[unknown]' (6236f9f589e7)
		b'[unknown]' (6236f9d669ed)
		b'[unknown]' (6236f9e8a6ec)
		b'[unknown]' (6236f9e431e4)
		b'[unknown]' (6236f9e48204)
		b'[unknown]' (6236f9e48853)
		b'[unknown]' (6236f9e44556)
		b'[unknown]' (6236f9e4660e)
		b'[unknown]' (6236f9e48348)
		b'[unknown]' (6236f9e48853)
		b'[unknown]' (6236f9e61631)
		b'[unknown]' (6236f9e61f53)
		b'[unknown]' (6236f9c930bc)
		b'[unknown]' (6236fce6a31e)
		b'[unknown]' (6236fabcedde)
		b'[unknown]' (6236fabcfc72)
		b'[unknown]' (6236fabd1315)
		b'[unknown]' (6236fa62547f)
		b'[unknown]' (6236fa6257e5)
		b'[unknown]' (6236fa625ca5)
		b'[unknown]' (6236fa6273ec)
		b'[unknown]' (6236fa62808a)
		b'[unknown]' (6236fa62c176)
		b'[unknown]' (6236fa3321c9)
		b'[unknown]' (6236fa33dd18)
		b'[unknown]' (6236fa33e46b)
		b'[unknown]' (6236fa33dd70)
		b'[unknown]' (6236fed9754e)
		b'[unknown]' (6236f7ee69ac)
		b'[unknown]' (6236f7ee9125)
		b'[unknown]' (6236f7eec3a0)
		b'[unknown]' (6236f7eed325)
		b'[unknown]' (6236f7eec7be)
		b'[unknown]' (6236f7eec86f)
		b'[unknown]' (6236f7ee8ad5)
		b'[unknown]' (6236f7ee8bc3)
		b'[unknown]' (6236f7ef1105)
		b'[unknown]' (6236f7ee7eb9)
		b'[unknown]' (6236f7ee7f5b)
		b'[unknown]' (6236f7ef3e5e)
		b'[unknown]' (6236f7ef49e5)
		b'[unknown]' (6236f7ef5066)
		b'[unknown]' (6236f7ef5df5)
		b'[unknown]' (6236f7ed7f38)
		b'[unknown]' (6236fea64b8d)
		b'[unknown]' (6236fea65171)
		b'[unknown]' (6236fea651e4)
		b'[unknown]' (6236fea65273)
		b'[unknown]' (6236fea652d7)
		b'[unknown]' (6236fea6581e)
		b'[unknown]' (6236fea65a0e)
		b'[unknown]' (6236fea65aad)
		b'[unknown]' (6236fea65b3b)
		b'[unknown]' (6236fea666ca)
		b'[unknown]' (6236fea6678b)
		b'[unknown]' (6236fea6797d)
		b'[unknown]' (6236f7d88dd2)
		b'[unknown]' (6236fea6b3d9)
		b'[unknown]' (6236fea6c3d5)
		b'[unknown]' (6236fea6b380)
		b'[unknown]' (6236fea6c529)
		b'[unknown]' (6236f7d88dd2)
		b'[unknown]' (6236fee6a91a)
		b'[unknown]' (6236fee67893)
		b'[unknown]' (6236fee6899a)
		b'[unknown]' (6236f8525afc)
		b'[unknown]' (6236fee6d592)
		b'[unknown]' (6236fee6e112)
		b'[unknown]' (6236f8525afc)
		b'[unknown]' (6236fee6d4db)
		b'[unknown]' (7c043a894ac3)

init stack for mutex 504dff884cc8 (#18)
		b'[unknown]' (7c043a8975c0)
		b'[unknown]' (6236f9fe0788)
		b'[unknown]' (6236f9f94488)
		b'[unknown]' (6236f9f9bf11)
		b'[unknown]' (6236f9f9f53f)
		b'[unknown]' (6236f9f9f644)
		b'[unknown]' (6236f9dcc753)
		b'[unknown]' (6236f9dcb950)
		b'[unknown]' (6236f9f7bf97)
		b'[unknown]' (6236f9fe43e0)
		b'[unknown]' (6236f9fe6941)
		b'[unknown]' (6236f9f341d4)
		b'[unknown]' (6236f9f363ec)
		b'[unknown]' (6236f9d940b9)
		b'[unknown]' (6236f9c62da9)
		b'[unknown]' (6236f9cd44a4)
		b'[unknown]' (6236f9cd354b)
		b'[unknown]' (6236fd111330)
		b'[unknown]' (6236fce813e9)
		b'[unknown]' (6236fce83735)
		b'[unknown]' (6236fa6263f8)
		b'[unknown]' (6236fa627794)
		b'[unknown]' (6236fa627a6a)
		b'[unknown]' (6236fa628429)
		b'[unknown]' (6236fa62c176)
		b'[unknown]' (6236fa3321c9)
		b'[unknown]' (6236fa33dd18)
		b'[unknown]' (6236fa33e46b)
		b'[unknown]' (6236fa33dd70)
		b'[unknown]' (6236fed9754e)
		b'[unknown]' (6236f7ee69ac)
		b'[unknown]' (6236f7ee9125)
		b'[unknown]' (6236f7eec3a0)
		b'[unknown]' (6236f7eed325)
		b'[unknown]' (6236f7eec7be)
		b'[unknown]' (6236f7eec86f)
		b'[unknown]' (6236f7ee8ad5)
		b'[unknown]' (6236f7ee8bc3)
		b'[unknown]' (6236f7ef1105)
		b'[unknown]' (6236f7ee7eb9)
		b'[unknown]' (6236f7ee7f5b)
		b'[unknown]' (6236f7ef3e5e)
		b'[unknown]' (6236f7ef49e5)
		b'[unknown]' (6236f7ef5066)
		b'[unknown]' (6236f7ef5df5)
		b'[unknown]' (6236f7ed7f38)
		b'[unknown]' (6236fea64b8d)
		b'[unknown]' (6236fea65171)
		b'[unknown]' (6236fea651e4)
		b'[unknown]' (6236fea65273)
		b'[unknown]' (6236fea652d7)
		b'[unknown]' (6236fea6581e)
		b'[unknown]' (6236fea65a0e)
		b'[unknown]' (6236fea65aad)
		b'[unknown]' (6236fea65b3b)
		b'[unknown]' (6236fea666ca)
		b'[unknown]' (6236fea6678b)
		b'[unknown]' (6236fea6797d)
		b'[unknown]' (6236f7d88dd2)
		b'[unknown]' (6236fea6b3d9)
		b'[unknown]' (6236fea6c3d5)
		b'[unknown]' (6236fea6b380)
		b'[unknown]' (6236fea6c529)
		b'[unknown]' (6236f7d88dd2)
		b'[unknown]' (6236fee6a91a)
		b'[unknown]' (6236fee67893)
		b'[unknown]' (6236fee6899a)
		b'[unknown]' (6236f8525afc)
		b'[unknown]' (6236fee6d592)
		b'[unknown]' (6236fee6e112)
		b'[unknown]' (6236f8525afc)
		b'[unknown]' (6236fee6d4db)
		b'[unknown]' (7c043a894ac3)

init stack for mutex 504dff8e8788 (#19)
		b'[unknown]' (7c043a8975c0)
		b'[unknown]' (6236f9ea5342)
		b'[unknown]' (6236f9d65266)
		b'[unknown]' (6236f9e89f57)
		b'[unknown]' (6236f9e8a070)
		b'[unknown]' (6236f9e8a240)
		b'[unknown]' (6236f9e431e4)
		b'[unknown]' (6236f9e48204)
		b'[unknown]' (6236f9e48853)
		b'[unknown]' (6236f9e44556)
		b'[unknown]' (6236f9e4660e)
		b'[unknown]' (6236f9e48348)
		b'[unknown]' (6236f9e48853)
		b'[unknown]' (6236f9e61631)
		b'[unknown]' (6236f9e61f53)
		b'[unknown]' (6236f9c66490)
		b'[unknown]' (6236f9c94e55)
		b'[unknown]' (6236fce6a92b)
		b'[unknown]' (6236fab86073)
		b'[unknown]' (6236fbf8113e)
		b'[unknown]' (6236fabed75d)
		b'[unknown]' (6236fabcfebc)
		b'[unknown]' (6236fabd1315)
		b'[unknown]' (6236fa62547f)
		b'[unknown]' (6236fa6257e5)
		b'[unknown]' (6236fa625ca5)
		b'[unknown]' (6236fa6273ec)
		b'[unknown]' (6236fa62808a)
		b'[unknown]' (6236fa62c176)
		b'[unknown]' (6236fa3321c9)
		b'[unknown]' (6236fa33dd18)
		b'[unknown]' (6236fa33e46b)
		b'[unknown]' (6236fa33dd70)
		b'[unknown]' (6236fed9754e)
		b'[unknown]' (6236f7ee69ac)
		b'[unknown]' (6236f7ee9125)
		b'[unknown]' (6236f7eec3a0)
		b'[unknown]' (6236f7eed325)
		b'[unknown]' (6236f7eec7be)
		b'[unknown]' (6236f7eec86f)
		b'[unknown]' (6236f7ee8ad5)
		b'[unknown]' (6236f7ee8bc3)
		b'[unknown]' (6236f7ef1105)
		b'[unknown]' (6236f7ee7eb9)
		b'[unknown]' (6236f7ee7f5b)
		b'[unknown]' (6236f7ef3e5e)
		b'[unknown]' (6236f7ef49e5)
		b'[unknown]' (6236f7ef5066)
		b'[unknown]' (6236f7ef5df5)
		b'[unknown]' (6236f7ed7f38)
		b'[unknown]' (6236fea64b8d)
		b'[unknown]' (6236fea65171)
		b'[unknown]' (6236fea651e4)
		b'[unknown]' (6236fea65273)
		b'[unknown]' (6236fea652d7)
		b'[unknown]' (6236fea6581e)
		b'[unknown]' (6236fea65a0e)
		b'[unknown]' (6236fea65aad)
		b'[unknown]' (6236fea65b3b)
		b'[unknown]' (6236fea666ca)
		b'[unknown]' (6236fea6678b)
		b'[unknown]' (6236fea6797d)
		b'[unknown]' (6236f7d88dd2)
		b'[unknown]' (6236fea6b3d9)
		b'[unknown]' (6236fea6c3d5)
		b'[unknown]' (6236fea6b380)
		b'[unknown]' (6236fea6c529)
		b'[unknown]' (6236f7d88dd2)
		b'[unknown]' (6236fee6a91a)
		b'[unknown]' (6236fee67893)
		b'[unknown]' (6236fee6899a)
		b'[unknown]' (6236f8525afc)
		b'[unknown]' (6236fee6d592)
		b'[unknown]' (6236fee6e112)
		b'[unknown]' (6236f8525afc)
		b'[unknown]' (6236fee6d4db)
		b'[unknown]' (7c043a894ac3)

init stack for mutex 504dff973c08 (#20)
		b'[unknown]' (7c043a8975c0)
		b'[unknown]' (6236f9ea536e)
		b'[unknown]' (6236f9d65266)
		b'[unknown]' (6236f9e89f57)
		b'[unknown]' (6236f9e8a070)
		b'[unknown]' (6236f9e8a240)
		b'[unknown]' (6236f9e431e4)
		b'[unknown]' (6236f9e48204)
		b'[unknown]' (6236f9e48853)
		b'[unknown]' (6236f9e44556)
		b'[unknown]' (6236f9e4660e)
		b'[unknown]' (6236f9e48348)
		b'[unknown]' (6236f9e48853)
		b'[unknown]' (6236f9e61631)
		b'[unknown]' (6236f9e61f53)
		b'[unknown]' (6236f9c66490)
		b'[unknown]' (6236f9c94e55)
		b'[unknown]' (6236fce6a92b)
		b'[unknown]' (6236fab86073)
		b'[unknown]' (6236fbf8113e)
		b'[unknown]' (6236fabed75d)
		b'[unknown]' (6236fabcfebc)
		b'[unknown]' (6236fabd1315)
		b'[unknown]' (6236fa62547f)
		b'[unknown]' (6236fa6257e5)
		b'[unknown]' (6236fa625ca5)
		b'[unknown]' (6236fa6273ec)
		b'[unknown]' (6236fa62808a)
		b'[unknown]' (6236fa62c176)
		b'[unknown]' (6236fa3321c9)
		b'[unknown]' (6236fa33dd18)
		b'[unknown]' (6236fa33e46b)
		b'[unknown]' (6236fa33dd70)
		b'[unknown]' (6236fed9754e)
		b'[unknown]' (6236f7ee69ac)
		b'[unknown]' (6236f7ee9125)
		b'[unknown]' (6236f7eec3a0)
		b'[unknown]' (6236f7eed325)
		b'[unknown]' (6236f7eec7be)
		b'[unknown]' (6236f7eec86f)
		b'[unknown]' (6236f7ee8ad5)
		b'[unknown]' (6236f7ee8bc3)
		b'[unknown]' (6236f7ef1105)
		b'[unknown]' (6236f7ee7eb9)
		b'[unknown]' (6236f7ee7f5b)
		b'[unknown]' (6236f7ef3e5e)
		b'[unknown]' (6236f7ef49e5)
		b'[unknown]' (6236f7ef5066)
		b'[unknown]' (6236f7ef5df5)
		b'[unknown]' (6236f7ed7f38)
		b'[unknown]' (6236fea64b8d)
		b'[unknown]' (6236fea65171)
		b'[unknown]' (6236fea651e4)
		b'[unknown]' (6236fea65273)
		b'[unknown]' (6236fea652d7)
		b'[unknown]' (6236fea6581e)
		b'[unknown]' (6236fea65a0e)
		b'[unknown]' (6236fea65aad)
		b'[unknown]' (6236fea65b3b)
		b'[unknown]' (6236fea666ca)
		b'[unknown]' (6236fea6678b)
		b'[unknown]' (6236fea6797d)
		b'[unknown]' (6236f7d88dd2)
		b'[unknown]' (6236fea6b3d9)
		b'[unknown]' (6236fea6c3d5)
		b'[unknown]' (6236fea6b380)
		b'[unknown]' (6236fea6c529)
		b'[unknown]' (6236f7d88dd2)
		b'[unknown]' (6236fee6a91a)
		b'[unknown]' (6236fee67893)
		b'[unknown]' (6236fee6899a)
		b'[unknown]' (6236f8525afc)
		b'[unknown]' (6236fee6d592)
		b'[unknown]' (6236fee6e112)
		b'[unknown]' (6236f8525afc)
		b'[unknown]' (6236fee6d4db)
		b'[unknown]' (7c043a894ac3)

init stack for mutex 504dff972908 (#21)
		b'[unknown]' (7c043a8975c0)
		b'[unknown]' (6236f9ea536e)
		b'[unknown]' (6236f9d65266)
		b'[unknown]' (6236f9e89f57)
		b'[unknown]' (6236f9e8a070)
		b'[unknown]' (6236f9e8a240)
		b'[unknown]' (6236f9e4bb54)
		b'[unknown]' (6236f9e4bcee)
		b'[unknown]' (6236f9e43dd3)
		b'[unknown]' (6236f9e4660e)
		b'[unknown]' (6236f9e48348)
		b'[unknown]' (6236f9e48853)
		b'[unknown]' (6236f9e61631)
		b'[unknown]' (6236f9e61f53)
		b'[unknown]' (6236f9c930bc)
		b'[unknown]' (6236fce6a31e)
		b'[unknown]' (6236fabcedde)
		b'[unknown]' (6236fabcfc72)
		b'[unknown]' (6236fabd1315)
		b'[unknown]' (6236fa62547f)
		b'[unknown]' (6236fa6257e5)
		b'[unknown]' (6236fa625ca5)
		b'[unknown]' (6236fa6273ec)
		b'[unknown]' (6236fa62808a)
		b'[unknown]' (6236fa62c176)
		b'[unknown]' (6236fa3321c9)
		b'[unknown]' (6236fa33dd18)
		b'[unknown]' (6236fa33e46b)
		b'[unknown]' (6236fa33dd70)
		b'[unknown]' (6236fed9754e)
		b'[unknown]' (6236f7ee69ac)
		b'[unknown]' (6236f7ee9125)
		b'[unknown]' (6236f7eec3a0)
		b'[unknown]' (6236f7eed325)
		b'[unknown]' (6236f7eec7be)
		b'[unknown]' (6236f7eec86f)
		b'[unknown]' (6236f7ee8ad5)
		b'[unknown]' (6236f7ee8bc3)
		b'[unknown]' (6236f7ef1105)
		b'[unknown]' (6236f7ee7eb9)
		b'[unknown]' (6236f7ee7f5b)
		b'[unknown]' (6236f7ef3e5e)
		b'[unknown]' (6236f7ef49e5)
		b'[unknown]' (6236f7ef5066)
		b'[unknown]' (6236f7ef5df5)
		b'[unknown]' (6236f7ed7f38)
		b'[unknown]' (6236fea64b8d)
		b'[unknown]' (6236fea65171)
		b'[unknown]' (6236fea651e4)
		b'[unknown]' (6236fea65273)
		b'[unknown]' (6236fea652d7)
		b'[unknown]' (6236fea6581e)
		b'[unknown]' (6236fea65a0e)
		b'[unknown]' (6236fea65aad)
		b'[unknown]' (6236fea65b3b)
		b'[unknown]' (6236fea666ca)
		b'[unknown]' (6236fea6678b)
		b'[unknown]' (6236fea6797d)
		b'[unknown]' (6236f7d88dd2)
		b'[unknown]' (6236fea6b3d9)
		b'[unknown]' (6236fea6c3d5)
		b'[unknown]' (6236fea6b380)
		b'[unknown]' (6236fea6c529)
		b'[unknown]' (6236f7d88dd2)
		b'[unknown]' (6236fee6a91a)
		b'[unknown]' (6236fee67893)
		b'[unknown]' (6236fee6899a)
		b'[unknown]' (6236f8525afc)
		b'[unknown]' (6236fee6d592)
		b'[unknown]' (6236fee6e112)
		b'[unknown]' (6236f8525afc)
		b'[unknown]' (6236fee6d4db)
		b'[unknown]' (7c043a894ac3)

init stack for mutex 504df95d7ee8 (#22)
		b'[unknown]' (7c043a8975c0)
		b'[unknown]' (6236f9d6533d)
		b'[unknown]' (6236f9e89f57)
		b'[unknown]' (6236f9e8a070)
		b'[unknown]' (6236f9e8a240)
		b'[unknown]' (6236f9e431e4)
		b'[unknown]' (6236f9e48204)
		b'[unknown]' (6236f9e48853)
		b'[unknown]' (6236f9e44556)
		b'[unknown]' (6236f9e4660e)
		b'[unknown]' (6236f9e48348)
		b'[unknown]' (6236f9e48853)
		b'[unknown]' (6236f9e61631)
		b'[unknown]' (6236f9e61f53)
		b'[unknown]' (6236f9c930bc)
		b'[unknown]' (6236fce6a31e)
		b'[unknown]' (6236fabcedde)
		b'[unknown]' (6236fabcfc72)
		b'[unknown]' (6236fabd1315)
		b'[unknown]' (6236fa62547f)
		b'[unknown]' (6236fa6257e5)
		b'[unknown]' (6236fa625ca5)
		b'[unknown]' (6236fa6273ec)
		b'[unknown]' (6236fa62808a)
		b'[unknown]' (6236fa62c176)
		b'[unknown]' (6236fa3321c9)
		b'[unknown]' (6236fa33dd18)
		b'[unknown]' (6236fa33e46b)
		b'[unknown]' (6236fa33dd70)
		b'[unknown]' (6236fed9754e)
		b'[unknown]' (6236f7ee69ac)
		b'[unknown]' (6236f7ee9125)
		b'[unknown]' (6236f7eec3a0)
		b'[unknown]' (6236f7eed325)
		b'[unknown]' (6236f7eec7be)
		b'[unknown]' (6236f7eec86f)
		b'[unknown]' (6236f7ee8ad5)
		b'[unknown]' (6236f7ee8bc3)
		b'[unknown]' (6236f7ef1105)
		b'[unknown]' (6236f7ee7eb9)
		b'[unknown]' (6236f7ee7f5b)
		b'[unknown]' (6236f7ef3e5e)
		b'[unknown]' (6236f7ef49e5)
		b'[unknown]' (6236f7ef5066)
		b'[unknown]' (6236f7ef5df5)
		b'[unknown]' (6236f7ed7f38)
		b'[unknown]' (6236fea64b8d)
		b'[unknown]' (6236fea65171)
		b'[unknown]' (6236fea651e4)
		b'[unknown]' (6236fea65273)
		b'[unknown]' (6236fea652d7)
		b'[unknown]' (6236fea6581e)
		b'[unknown]' (6236fea65a0e)
		b'[unknown]' (6236fea65aad)
		b'[unknown]' (6236fea65b3b)
		b'[unknown]' (6236fea666ca)
		b'[unknown]' (6236fea6678b)
		b'[unknown]' (6236fea6797d)
		b'[unknown]' (6236f7d88dd2)
		b'[unknown]' (6236fea6b3d9)
		b'[unknown]' (6236fea6c3d5)
		b'[unknown]' (6236fea6b380)
		b'[unknown]' (6236fea6c529)
		b'[unknown]' (6236f7d88dd2)
		b'[unknown]' (6236fee6a91a)
		b'[unknown]' (6236fee67893)
		b'[unknown]' (6236fee6899a)
		b'[unknown]' (6236f8525afc)
		b'[unknown]' (6236fee6d592)
		b'[unknown]' (6236fee6e112)
		b'[unknown]' (6236f8525afc)
		b'[unknown]' (6236fee6d4db)
		b'[unknown]' (7c043a894ac3)

init stack for mutex 504dff885778 (#23)
		b'[unknown]' (189a139)
		b'[unknown]' (ca343b)
		b'[unknown]' (ca367d)
		b'[unknown]' (ca1c29)
		b'[unknown]' (130dfd8)
		b'[unknown]' (139b94c)
		b'[unknown]' (150abb9)
		b'[unknown]' (150e37f)
		b'[unknown]' (72322bed9ef6)
		b'[unknown]' (72320c929e8d)
		b'[unknown]' (72320c10a648)
		b'[unknown]' (72320c11cb01)
		b'[unknown]' (72320c10d227)
		b'[unknown]' (72320c139641)
		b'[unknown]' (72320c599a99)
		b'[unknown]' (72320c5a6838)
		b'[unknown]' (72320c422a52)
		b'[unknown]' (72320c143db1)
		b'[unknown]' (72320c5471cc)
		b'[unknown]' (72320c7794b1)
		b'[unknown]' (18e6d43)
		b'[unknown]' (199ebf1)
		b'[unknown]' (18d6a34)
		b'[unknown]' (18ad003)
		b'[unknown]' (102b1bd)
		b'[unknown]' (102c3ef)
		b'[unknown]' (105fd66)
		b'[unknown]' (10600fd)
		b'[unknown]' (bbabc8)
		b'[unknown]' (bbb0bb)
		b'[unknown]' (bd209c)
		b'[unknown]' (c36c42)
		b'[unknown]' (188bcb1)
		b'[unknown]' (bbbb83)
		b'[unknown]' (cf4ee5)
		b'[unknown]' (cf58ad)
		b'[unknown]' (c5f397)
		b'[unknown]' (723234429d90)

init stack for mutex 504dff8819d8 (#24)
		b'[unknown]' (7c043a8975c0)
		b'[unknown]' (6236f9fe0788)
		b'[unknown]' (6236f9fdf3f6)
		b'[unknown]' (6236f9fe0d3e)
		b'[unknown]' (6236f9f3428b)
		b'[unknown]' (6236f9f3648d)
		b'[unknown]' (6236f9d940b9)
		b'[unknown]' (6236f9c62da9)
		b'[unknown]' (6236f9cd44a4)
		b'[unknown]' (6236f9cd354b)
		b'[unknown]' (6236fd111330)
		b'[unknown]' (6236fce813e9)
		b'[unknown]' (6236fce83735)
		b'[unknown]' (6236fa6263f8)
		b'[unknown]' (6236fa627794)
		b'[unknown]' (6236fa627a6a)
		b'[unknown]' (6236fa628429)
		b'[unknown]' (6236fa62c176)
		b'[unknown]' (6236fa3321c9)
		b'[unknown]' (6236fa33dd18)
		b'[unknown]' (6236fa33e46b)
		b'[unknown]' (6236fa33dd70)
		b'[unknown]' (6236fed9754e)
		b'[unknown]' (6236f7ee69ac)
		b'[unknown]' (6236f7ee9125)
		b'[unknown]' (6236f7eec3a0)
		b'[unknown]' (6236f7eed325)
		b'[unknown]' (6236f7eec7be)
		b'[unknown]' (6236f7eec86f)
		b'[unknown]' (6236f7ee8ad5)
		b'[unknown]' (6236f7ee8bc3)
		b'[unknown]' (6236f7ef1105)
		b'[unknown]' (6236f7ee7eb9)
		b'[unknown]' (6236f7ee7f5b)
		b'[unknown]' (6236f7ef3e5e)
		b'[unknown]' (6236f7ef49e5)
		b'[unknown]' (6236f7ef5066)
		b'[unknown]' (6236f7ef5df5)
		b'[unknown]' (6236f7ed7f38)
		b'[unknown]' (6236fea64b8d)
		b'[unknown]' (6236fea65171)
		b'[unknown]' (6236fea651e4)
		b'[unknown]' (6236fea65273)
		b'[unknown]' (6236fea652d7)
		b'[unknown]' (6236fea6581e)
		b'[unknown]' (6236fea65a0e)
		b'[unknown]' (6236fea65aad)
		b'[unknown]' (6236fea65b3b)
		b'[unknown]' (6236fea666ca)
		b'[unknown]' (6236fea6678b)
		b'[unknown]' (6236fea6797d)
		b'[unknown]' (6236f7d88dd2)
		b'[unknown]' (6236fea6b3d9)
		b'[unknown]' (6236fea6c3d5)
		b'[unknown]' (6236fea6b380)
		b'[unknown]' (6236fea6c529)
		b'[unknown]' (6236f7d88dd2)
		b'[unknown]' (6236fee6a91a)
		b'[unknown]' (6236fee67893)
		b'[unknown]' (6236fee6899a)
		b'[unknown]' (6236f8525afc)
		b'[unknown]' (6236fee6d592)
		b'[unknown]' (6236fee6e112)
		b'[unknown]' (6236f8525afc)
		b'[unknown]' (6236fee6d4db)
		b'[unknown]' (7c043a894ac3)

init stack for mutex 504dff8e9908 (#25)
		b'[unknown]' (7c043a8975c0)
		b'[unknown]' (6236f9ea536e)
		b'[unknown]' (6236f9d65266)
		b'[unknown]' (6236f9e89f57)
		b'[unknown]' (6236f9e8a070)
		b'[unknown]' (6236f9e8a240)
		b'[unknown]' (6236f9e4bb54)
		b'[unknown]' (6236f9e4bcee)
		b'[unknown]' (6236f9e43dd3)
		b'[unknown]' (6236f9e4660e)
		b'[unknown]' (6236f9e48348)
		b'[unknown]' (6236f9e48853)
		b'[unknown]' (6236f9e61631)
		b'[unknown]' (6236f9e61f53)
		b'[unknown]' (6236f9c66490)
		b'[unknown]' (6236f9c94e55)
		b'[unknown]' (6236fce6a92b)
		b'[unknown]' (6236fab86073)
		b'[unknown]' (6236fbf8113e)
		b'[unknown]' (6236fabed75d)
		b'[unknown]' (6236fabcfebc)
		b'[unknown]' (6236fabd1315)
		b'[unknown]' (6236fa62547f)
		b'[unknown]' (6236fa6257e5)
		b'[unknown]' (6236fa625ca5)
		b'[unknown]' (6236fa6273ec)
		b'[unknown]' (6236fa62808a)
		b'[unknown]' (6236fa62c176)
		b'[unknown]' (6236fa3321c9)
		b'[unknown]' (6236fa33dd18)
		b'[unknown]' (6236fa33e46b)
		b'[unknown]' (6236fa33dd70)
		b'[unknown]' (6236fed9754e)
		b'[unknown]' (6236f7ee69ac)
		b'[unknown]' (6236f7ee9125)
		b'[unknown]' (6236f7eec3a0)
		b'[unknown]' (6236f7eed325)
		b'[unknown]' (6236f7eec7be)
		b'[unknown]' (6236f7eec86f)
		b'[unknown]' (6236f7ee8ad5)
		b'[unknown]' (6236f7ee8bc3)
		b'[unknown]' (6236f7ef1105)
		b'[unknown]' (6236f7ee7eb9)
		b'[unknown]' (6236f7ee7f5b)
		b'[unknown]' (6236f7ef3e5e)
		b'[unknown]' (6236f7ef49e5)
		b'[unknown]' (6236f7ef5066)
		b'[unknown]' (6236f7ef5df5)
		b'[unknown]' (6236f7ed7f38)
		b'[unknown]' (6236fea64b8d)
		b'[unknown]' (6236fea65171)
		b'[unknown]' (6236fea651e4)
		b'[unknown]' (6236fea65273)
		b'[unknown]' (6236fea652d7)
		b'[unknown]' (6236fea6581e)
		b'[unknown]' (6236fea65a0e)
		b'[unknown]' (6236fea65aad)
		b'[unknown]' (6236fea65b3b)
		b'[unknown]' (6236fea666ca)
		b'[unknown]' (6236fea6678b)
		b'[unknown]' (6236fea6797d)
		b'[unknown]' (6236f7d88dd2)
		b'[unknown]' (6236fea6b3d9)
		b'[unknown]' (6236fea6c3d5)
		b'[unknown]' (6236fea6b380)
		b'[unknown]' (6236fea6c529)
		b'[unknown]' (6236f7d88dd2)
		b'[unknown]' (6236fee6a91a)
		b'[unknown]' (6236fee67893)
		b'[unknown]' (6236fee6899a)
		b'[unknown]' (6236f8525afc)
		b'[unknown]' (6236fee6d592)
		b'[unknown]' (6236fee6e112)
		b'[unknown]' (6236f8525afc)
		b'[unknown]' (6236fee6d4db)
		b'[unknown]' (7c043a894ac3)

init stack for mutex 504dff953c08 (#26)
		b'[unknown]' (7c043a8975c0)
		b'[unknown]' (6236f9ea536e)
		b'[unknown]' (6236f9f5a49a)
		b'[unknown]' (6236f9f589e7)
		b'[unknown]' (6236f9d669ed)
		b'[unknown]' (6236f9e8a6ec)
		b'[unknown]' (6236f9e431e4)
		b'[unknown]' (6236f9e48204)
		b'[unknown]' (6236f9e48853)
		b'[unknown]' (6236f9e44556)
		b'[unknown]' (6236f9e4660e)
		b'[unknown]' (6236f9e48348)
		b'[unknown]' (6236f9e48853)
		b'[unknown]' (6236f9e61631)
		b'[unknown]' (6236f9e61f53)
		b'[unknown]' (6236f9c66490)
		b'[unknown]' (6236f9c94e55)
		b'[unknown]' (6236fce6a92b)
		b'[unknown]' (6236fab86073)
		b'[unknown]' (6236fbf8113e)
		b'[unknown]' (6236fabed75d)
		b'[unknown]' (6236fabcfebc)
		b'[unknown]' (6236fabd1315)
		b'[unknown]' (6236fa62547f)
		b'[unknown]' (6236fa6257e5)
		b'[unknown]' (6236fa625ca5)
		b'[unknown]' (6236fa6273ec)
		b'[unknown]' (6236fa62808a)
		b'[unknown]' (6236fa62c176)
		b'[unknown]' (6236fa3321c9)
		b'[unknown]' (6236fa33dd18)
		b'[unknown]' (6236fa33e46b)
		b'[unknown]' (6236fa33dd70)
		b'[unknown]' (6236fed9754e)
		b'[unknown]' (6236f7ee69ac)
		b'[unknown]' (6236f7ee9125)
		b'[unknown]' (6236f7eec3a0)
		b'[unknown]' (6236f7eed325)
		b'[unknown]' (6236f7eec7be)
		b'[unknown]' (6236f7eec86f)
		b'[unknown]' (6236f7ee8ad5)
		b'[unknown]' (6236f7ee8bc3)
		b'[unknown]' (6236f7ef1105)
		b'[unknown]' (6236f7ee7eb9)
		b'[unknown]' (6236f7ee7f5b)
		b'[unknown]' (6236f7ef3e5e)
		b'[unknown]' (6236f7ef49e5)
		b'[unknown]' (6236f7ef5066)
		b'[unknown]' (6236f7ef5df5)
		b'[unknown]' (6236f7ed7f38)
		b'[unknown]' (6236fea64b8d)
		b'[unknown]' (6236fea65171)
		b'[unknown]' (6236fea651e4)
		b'[unknown]' (6236fea65273)
		b'[unknown]' (6236fea652d7)
		b'[unknown]' (6236fea6581e)
		b'[unknown]' (6236fea65a0e)
		b'[unknown]' (6236fea65aad)
		b'[unknown]' (6236fea65b3b)
		b'[unknown]' (6236fea666ca)
		b'[unknown]' (6236fea6678b)
		b'[unknown]' (6236fea6797d)
		b'[unknown]' (6236f7d88dd2)
		b'[unknown]' (6236fea6b3d9)
		b'[unknown]' (6236fea6c3d5)
		b'[unknown]' (6236fea6b380)
		b'[unknown]' (6236fea6c529)
		b'[unknown]' (6236f7d88dd2)
		b'[unknown]' (6236fee6a91a)
		b'[unknown]' (6236fee67893)
		b'[unknown]' (6236fee6899a)
		b'[unknown]' (6236f8525afc)
		b'[unknown]' (6236fee6d592)
		b'[unknown]' (6236fee6e112)
		b'[unknown]' (6236f8525afc)
		b'[unknown]' (6236fee6d4db)
		b'[unknown]' (7c043a894ac3)




Per thread lock analysis



thread 101217
	Not found in mutex_ids. mutex (b'[unknown]') 504dffb10178 ::: wait time 250570.48us ::: hold time 568903.93us ::: enter count 71303
		b'[unknown]' (6236f7d776a7)
		b'[unknown]' (6236f7d77cac)
		b'[unknown]' (6236f7d87796)
		b'[unknown]' (6236fcd8e723)
		b'[unknown]' (6236fa62b882)
		b'[unknown]' (6236fa63cf11)
		b'[unknown]' (6236fa62c3b1)
		b'[unknown]' (6236fa3321c9)
		b'[unknown]' (6236fa33dd18)
		b'[unknown]' (6236fa33e46b)
		b'[unknown]' (6236fa33dd70)
		b'[unknown]' (6236fed9754e)
		b'[unknown]' (6236f7ee69ac)
		b'[unknown]' (6236f7ee9125)
		b'[unknown]' (6236f7eec3a0)
		b'[unknown]' (6236f7eed325)
		b'[unknown]' (6236f7eec7be)
		b'[unknown]' (6236f7eec86f)
		b'[unknown]' (6236f7ee8ad5)
		b'[unknown]' (6236f7ee8bc3)
		b'[unknown]' (6236f7ef1105)
		b'[unknown]' (6236f7ee7eb9)
		b'[unknown]' (6236f7ee7f5b)
		b'[unknown]' (6236f7ef3e5e)
		b'[unknown]' (6236f7ef49e5)
		b'[unknown]' (6236f7ef5066)
		b'[unknown]' (6236f7ef5df5)
		b'[unknown]' (6236f7ed7f38)
		b'[unknown]' (6236fea64b8d)
		b'[unknown]' (6236fea65171)
		b'[unknown]' (6236fea651e4)
		b'[unknown]' (6236fea65273)
		b'[unknown]' (6236fea652d7)
		b'[unknown]' (6236fea6581e)
		b'[unknown]' (6236fea65a0e)
		b'[unknown]' (6236fea65aad)
		b'[unknown]' (6236fea65b3b)
		b'[unknown]' (6236fea666ca)
		b'[unknown]' (6236fea6678b)
		b'[unknown]' (6236fea6797d)
		b'[unknown]' (6236f7d88dd2)
		b'[unknown]' (6236fea6b3d9)
		b'[unknown]' (6236fea6c3d5)
		b'[unknown]' (6236fea6b380)
		b'[unknown]' (6236fea6c529)
		b'[unknown]' (6236f7d88dd2)
		b'[unknown]' (6236fee6a91a)
		b'[unknown]' (6236fee67893)
		b'[unknown]' (6236fee6899a)
		b'[unknown]' (6236f8525afc)
		b'[unknown]' (6236fee6d592)
		b'[unknown]' (6236fee6e112)
		b'[unknown]' (6236f8525afc)
		b'[unknown]' (6236fee6d4db)
		b'[unknown]' (7c043a894ac3)

	Not found in mutex_ids. mutex (b'[unknown]') 504dffaad2b0 ::: wait time 229330.09us ::: hold time 442942.58us ::: enter count 71304
		b'[unknown]' (6236f7d776a7)
		b'[unknown]' (6236f7d77cac)
		b'[unknown]' (6236f7d87796)
		b'[unknown]' (6236f9d11ec3)
		b'[unknown]' (6236f9d00d9f)
		b'[unknown]' (6236f9d02efa)
		b'[unknown]' (6236f9d01570)
		b'[unknown]' (6236f9d016fe)
		b'[unknown]' (6236fcd67777)
		b'[unknown]' (6236fcd64a13)
		b'[unknown]' (6236fcd650f9)
		b'[unknown]' (6236fcd68c15)
		b'[unknown]' (6236fcd66c41)
		b'[unknown]' (6236fcd666bd)
		b'[unknown]' (6236fa627325)
		b'[unknown]' (6236fa62808a)
		b'[unknown]' (6236fa62c176)
		b'[unknown]' (6236fa3321c9)
		b'[unknown]' (6236fa33dd18)
		b'[unknown]' (6236fa33e46b)
		b'[unknown]' (6236fa33dd70)
		b'[unknown]' (6236fed9754e)
		b'[unknown]' (6236f7ee69ac)
		b'[unknown]' (6236f7ee9125)
		b'[unknown]' (6236f7eec3a0)
		b'[unknown]' (6236f7eed325)
		b'[unknown]' (6236f7eec7be)
		b'[unknown]' (6236f7eec86f)
		b'[unknown]' (6236f7ee8ad5)
		b'[unknown]' (6236f7ee8bc3)
		b'[unknown]' (6236f7ef1105)
		b'[unknown]' (6236f7ee7eb9)
		b'[unknown]' (6236f7ee7f5b)
		b'[unknown]' (6236f7ef3e5e)
		b'[unknown]' (6236f7ef49e5)
		b'[unknown]' (6236f7ef5066)
		b'[unknown]' (6236f7ef5df5)
		b'[unknown]' (6236f7ed7f38)
		b'[unknown]' (6236fea64b8d)
		b'[unknown]' (6236fea65171)
		b'[unknown]' (6236fea651e4)
		b'[unknown]' (6236fea65273)
		b'[unknown]' (6236fea652d7)
		b'[unknown]' (6236fea6581e)
		b'[unknown]' (6236fea65a0e)
		b'[unknown]' (6236fea65aad)
		b'[unknown]' (6236fea65b3b)
		b'[unknown]' (6236fea666ca)
		b'[unknown]' (6236fea6678b)
		b'[unknown]' (6236fea6797d)
		b'[unknown]' (6236f7d88dd2)
		b'[unknown]' (6236fea6b3d9)
		b'[unknown]' (6236fea6c3d5)
		b'[unknown]' (6236fea6b380)
		b'[unknown]' (6236fea6c529)
		b'[unknown]' (6236f7d88dd2)
		b'[unknown]' (6236fee6a91a)
		b'[unknown]' (6236fee67893)
		b'[unknown]' (6236fee6899a)
		b'[unknown]' (6236f8525afc)
		b'[unknown]' (6236fee6d592)
		b'[unknown]' (6236fee6e112)
		b'[unknown]' (6236f8525afc)
		b'[unknown]' (6236fee6d4db)
		b'[unknown]' (7c043a894ac3)

	Not found in mutex_ids. mutex (b'[unknown]') 504dffaad2b0 ::: wait time 218777.90us ::: hold time 307423.79us ::: enter count 71306
		b'[unknown]' (6236f7d776a7)
		b'[unknown]' (6236f7d77cac)
		b'[unknown]' (6236f7d87796)
		b'[unknown]' (6236f9d12311)
		b'[unknown]' (6236f9d12573)
		b'[unknown]' (6236f9c58dd4)
		b'[unknown]' (6236f9d002c5)
		b'[unknown]' (6236f9d00304)
		b'[unknown]' (6236f7da1d9c)
		b'[unknown]' (6236f7d8c29c)
		b'[unknown]' (6236ff9e14c3)
		b'[unknown]' (6236ff9e1552)
		b'[unknown]' (6236ff9f80d3)
		b'[unknown]' (6236f7d8c4f8)
		b'[unknown]' (6236fea6dc9a)
		b'[unknown]' (6236fea6dcd4)
		b'[unknown]' (6236fea6ed4e)
		b'[unknown]' (6236fea6f7b5)
		b'[unknown]' (6236fea6d573)
		b'[unknown]' (6236fea667c6)
		b'[unknown]' (6236fea6797d)
		b'[unknown]' (6236f7d88dd2)
		b'[unknown]' (6236fea6b3d9)
		b'[unknown]' (6236fea6c3d5)
		b'[unknown]' (6236fea6b380)
		b'[unknown]' (6236fea6c529)
		b'[unknown]' (6236f7d88dd2)
		b'[unknown]' (6236fee6a91a)
		b'[unknown]' (6236fee67893)
		b'[unknown]' (6236fee6899a)
		b'[unknown]' (6236f8525afc)
		b'[unknown]' (6236fee6d592)
		b'[unknown]' (6236fee6e112)
		b'[unknown]' (6236f8525afc)
		b'[unknown]' (6236fee6d4db)
		b'[unknown]' (7c043a894ac3)

	Not found in mutex_ids. mutex (b'[unknown]') 504dff896898 ::: wait time 209175.89us ::: hold time 298464.43us ::: enter count 71308
		b'[unknown]' (6236f7d776a7)
		b'[unknown]' (6236f7d77cac)
		b'[unknown]' (6236f7d9daa5)
		b'[unknown]' (6236f7d87c9d)
		b'[unknown]' (6236fee6a5ab)
		b'[unknown]' (6236fee6a819)
		b'[unknown]' (6236fee680bc)
		b'[unknown]' (6236fee60b2f)
		b'[unknown]' (6236fea6b7fe)
		b'[unknown]' (6236fea65c2b)
		b'[unknown]' (6236fea65ce5)
		b'[unknown]' (6236fea65d6d)
		b'[unknown]' (6236fea65e3b)
		b'[unknown]' (6236fea662dd)
		b'[unknown]' (6236fea66512)
		b'[unknown]' (6236fea665b1)
		b'[unknown]' (6236fea6663f)
		b'[unknown]' (6236fea666e9)
		b'[unknown]' (6236fea6678b)
		b'[unknown]' (6236fea6797d)
		b'[unknown]' (6236f7d88dd2)
		b'[unknown]' (6236fea6b3d9)
		b'[unknown]' (6236fea6c3d5)
		b'[unknown]' (6236fea6b380)
		b'[unknown]' (6236fea6c529)
		b'[unknown]' (6236f7d88dd2)
		b'[unknown]' (6236fee6a91a)
		b'[unknown]' (6236fee67893)
		b'[unknown]' (6236fee6899a)
		b'[unknown]' (6236f8525afc)
		b'[unknown]' (6236fee6d592)
		b'[unknown]' (6236fee6e112)
		b'[unknown]' (6236f8525afc)
		b'[unknown]' (6236fee6d4db)
		b'[unknown]' (7c043a894ac3)

	Not found in mutex_ids. mutex (b'[unknown]') 504dff896898 ::: wait time 206792.69us ::: hold time 276008.89us ::: enter count 71308
		b'[unknown]' (6236f7d776a7)
		b'[unknown]' (6236f7d77cac)
		b'[unknown]' (6236f7d9daa5)
		b'[unknown]' (6236f7d87c9d)
		b'[unknown]' (6236fee6a5ab)
		b'[unknown]' (6236fee6a819)
		b'[unknown]' (6236fee680bc)
		b'[unknown]' (6236fee60b2f)
		b'[unknown]' (6236fea6b7fe)
		b'[unknown]' (6236fea6b733)
		b'[unknown]' (6236fea666ab)
		b'[unknown]' (6236fea6678b)
		b'[unknown]' (6236fea6797d)
		b'[unknown]' (6236f7d88dd2)
		b'[unknown]' (6236fea6b3d9)
		b'[unknown]' (6236fea6c3d5)
		b'[unknown]' (6236fea6b380)
		b'[unknown]' (6236fea6c529)
		b'[unknown]' (6236f7d88dd2)
		b'[unknown]' (6236fee6a91a)
		b'[unknown]' (6236fee67893)
		b'[unknown]' (6236fee6899a)
		b'[unknown]' (6236f8525afc)
		b'[unknown]' (6236fee6d592)
		b'[unknown]' (6236fee6e112)
		b'[unknown]' (6236f8525afc)
		b'[unknown]' (6236fee6d4db)
		b'[unknown]' (7c043a894ac3)

	Not found in mutex_ids. mutex (b'[unknown]') 504dff8640c8 ::: wait time 198879.30us ::: hold time 466035.95us ::: enter count 71305
		b'[unknown]' (6236f7d776a7)
		b'[unknown]' (6236f7d77cac)
		b'[unknown]' (6236f7d9daa5)
		b'[unknown]' (6236f7d87c9d)
		b'[unknown]' (6236feeabd9b)
		b'[unknown]' (6236fee96dbd)
		b'[unknown]' (6236fee839f6)
		b'[unknown]' (6236fee860ca)
		b'[unknown]' (6236fee85c86)
		b'[unknown]' (6236fee85a16)
		b'[unknown]' (6236fee84742)
		b'[unknown]' (6236fcd85cb0)
		b'[unknown]' (6236fcd85d84)
		b'[unknown]' (6236fcd83f03)
		b'[unknown]' (6236fcd82139)
		b'[unknown]' (6236fcd806c6)
		b'[unknown]' (6236fcd7dbbf)
		b'[unknown]' (6236fcd79bb3)
		b'[unknown]' (6236fcd76206)
		b'[unknown]' (6236fcd68821)
		b'[unknown]' (6236fcd66c41)
		b'[unknown]' (6236fcd666bd)
		b'[unknown]' (6236fa627325)
		b'[unknown]' (6236fa62808a)
		b'[unknown]' (6236fa62c176)
		b'[unknown]' (6236fa3321c9)
		b'[unknown]' (6236fa33dd18)
		b'[unknown]' (6236fa33e46b)
		b'[unknown]' (6236fa33dd70)
		b'[unknown]' (6236fed9754e)
		b'[unknown]' (6236f7ee69ac)
		b'[unknown]' (6236f7ee9125)
		b'[unknown]' (6236f7eec3a0)
		b'[unknown]' (6236f7eed325)
		b'[unknown]' (6236f7eec7be)
		b'[unknown]' (6236f7eec86f)
		b'[unknown]' (6236f7ee8ad5)
		b'[unknown]' (6236f7ee8bc3)
		b'[unknown]' (6236f7ef1105)
		b'[unknown]' (6236f7ee7eb9)
		b'[unknown]' (6236f7ee7f5b)
		b'[unknown]' (6236f7ef3e5e)
		b'[unknown]' (6236f7ef49e5)
		b'[unknown]' (6236f7ef5066)
		b'[unknown]' (6236f7ef5df5)
		b'[unknown]' (6236f7ed7f38)
		b'[unknown]' (6236fea64b8d)
		b'[unknown]' (6236fea65171)
		b'[unknown]' (6236fea651e4)
		b'[unknown]' (6236fea65273)
		b'[unknown]' (6236fea652d7)
		b'[unknown]' (6236fea6581e)
		b'[unknown]' (6236fea65a0e)
		b'[unknown]' (6236fea65aad)
		b'[unknown]' (6236fea65b3b)
		b'[unknown]' (6236fea666ca)
		b'[unknown]' (6236fea6678b)
		b'[unknown]' (6236fea6797d)
		b'[unknown]' (6236f7d88dd2)
		b'[unknown]' (6236fea6b3d9)
		b'[unknown]' (6236fea6c3d5)
		b'[unknown]' (6236fea6b380)
		b'[unknown]' (6236fea6c529)
		b'[unknown]' (6236f7d88dd2)
		b'[unknown]' (6236fee6a91a)
		b'[unknown]' (6236fee67893)
		b'[unknown]' (6236fee6899a)
		b'[unknown]' (6236f8525afc)
		b'[unknown]' (6236fee6d592)
		b'[unknown]' (6236fee6e112)
		b'[unknown]' (6236f8525afc)
		b'[unknown]' (6236fee6d4db)
		b'[unknown]' (7c043a894ac3)

	Not found in mutex_ids. mutex (b'[unknown]') 504dffb0db80 ::: wait time 191800.33us ::: hold time 383513.19us ::: enter count 71308
		b'[unknown]' (6236f7d776a7)
		b'[unknown]' (6236f7d77cac)
		b'[unknown]' (6236f7d87796)
		b'[unknown]' (6236ff804768)
		b'[unknown]' (6236ff804c98)
		b'[unknown]' (6236ff7bb5f1)
		b'[unknown]' (6236f7ee8726)
		b'[unknown]' (6236f7ee7dcc)
		b'[unknown]' (6236f7ef3e4f)
		b'[unknown]' (6236f7ef49e5)
		b'[unknown]' (6236f7ef5066)
		b'[unknown]' (6236f7ef5df5)
		b'[unknown]' (6236f7ed7f38)
		b'[unknown]' (6236fea64b8d)
		b'[unknown]' (6236fea65171)
		b'[unknown]' (6236fea651e4)
		b'[unknown]' (6236fea65273)
		b'[unknown]' (6236fea652d7)
		b'[unknown]' (6236fea6581e)
		b'[unknown]' (6236fea65a0e)
		b'[unknown]' (6236fea65aad)
		b'[unknown]' (6236fea65b3b)
		b'[unknown]' (6236fea666ca)
		b'[unknown]' (6236fea6678b)
		b'[unknown]' (6236fea6797d)
		b'[unknown]' (6236f7d88dd2)
		b'[unknown]' (6236fea6b3d9)
		b'[unknown]' (6236fea6c3d5)
		b'[unknown]' (6236fea6b380)
		b'[unknown]' (6236fea6c529)
		b'[unknown]' (6236f7d88dd2)
		b'[unknown]' (6236fee6a91a)
		b'[unknown]' (6236fee67893)
		b'[unknown]' (6236fee6899a)
		b'[unknown]' (6236f8525afc)
		b'[unknown]' (6236fee6d592)
		b'[unknown]' (6236fee6e112)
		b'[unknown]' (6236f8525afc)
		b'[unknown]' (6236fee6d4db)
		b'[unknown]' (7c043a894ac3)

	Not found in mutex_ids. mutex (b'[unknown]') 504dff602708 ::: wait time 187107.49us ::: hold time 367814.62us ::: enter count 71305
		b'[unknown]' (6236f7d776a7)
		b'[unknown]' (6236f7d77cac)
		b'[unknown]' (6236f7d87796)
		b'[unknown]' (6236f845faea)
		b'[unknown]' (6236fb9115d2)
		b'[unknown]' (6236f7eda5ea)
		b'[unknown]' (6236f7eda902)
		b'[unknown]' (6236f7eec728)
		b'[unknown]' (6236f7eed801)
		b'[unknown]' (6236f7eec89b)
		b'[unknown]' (6236f7ee8ad5)
		b'[unknown]' (6236f7ee8bc3)
		b'[unknown]' (6236f7ef1105)
		b'[unknown]' (6236f7ee7eb9)
		b'[unknown]' (6236f7ee7f5b)
		b'[unknown]' (6236f7ef3e5e)
		b'[unknown]' (6236f7ef49e5)
		b'[unknown]' (6236f7ef5066)
		b'[unknown]' (6236f7ef5df5)
		b'[unknown]' (6236f7ed7f38)
		b'[unknown]' (6236fea64b8d)
		b'[unknown]' (6236fea65171)
		b'[unknown]' (6236fea651e4)
		b'[unknown]' (6236fea65273)
		b'[unknown]' (6236fea652d7)
		b'[unknown]' (6236fea6581e)
		b'[unknown]' (6236fea65a0e)
		b'[unknown]' (6236fea65aad)
		b'[unknown]' (6236fea65b3b)
		b'[unknown]' (6236fea666ca)
		b'[unknown]' (6236fea6678b)
		b'[unknown]' (6236fea6797d)
		b'[unknown]' (6236f7d88dd2)
		b'[unknown]' (6236fea6b3d9)
		b'[unknown]' (6236fea6c3d5)
		b'[unknown]' (6236fea6b380)
		b'[unknown]' (6236fea6c529)
		b'[unknown]' (6236f7d88dd2)
		b'[unknown]' (6236fee6a91a)
		b'[unknown]' (6236fee67893)
		b'[unknown]' (6236fee6899a)
		b'[unknown]' (6236f8525afc)
		b'[unknown]' (6236fee6d592)
		b'[unknown]' (6236fee6e112)
		b'[unknown]' (6236f8525afc)
		b'[unknown]' (6236fee6d4db)
		b'[unknown]' (7c043a894ac3)

	Not found in mutex_ids. mutex (b'[unknown]') 504dffc25948 ::: wait time 182097.63us ::: hold time 323632.81us ::: enter count 71306
		b'[unknown]' (6236f7d776a7)
		b'[unknown]' (6236f7d77cac)
		b'[unknown]' (6236f7d87796)
		b'[unknown]' (6236f9c9ca76)
		b'[unknown]' (6236f9d123fb)
		b'[unknown]' (6236f9d12573)
		b'[unknown]' (6236f9c58dd4)
		b'[unknown]' (6236f9d002c5)
		b'[unknown]' (6236f9d00304)
		b'[unknown]' (6236f7da1d9c)
		b'[unknown]' (6236f7d8c29c)
		b'[unknown]' (6236ff9e14c3)
		b'[unknown]' (6236ff9e1552)
		b'[unknown]' (6236ff9f80d3)
		b'[unknown]' (6236f7d8c4f8)
		b'[unknown]' (6236fea6dc9a)
		b'[unknown]' (6236fea6dcd4)
		b'[unknown]' (6236fea6ed4e)
		b'[unknown]' (6236fea6f7b5)
		b'[unknown]' (6236fea6d573)
		b'[unknown]' (6236fea667c6)
		b'[unknown]' (6236fea6797d)
		b'[unknown]' (6236f7d88dd2)
		b'[unknown]' (6236fea6b3d9)
		b'[unknown]' (6236fea6c3d5)
		b'[unknown]' (6236fea6b380)
		b'[unknown]' (6236fea6c529)
		b'[unknown]' (6236f7d88dd2)
		b'[unknown]' (6236fee6a91a)
		b'[unknown]' (6236fee67893)
		b'[unknown]' (6236fee6899a)
		b'[unknown]' (6236f8525afc)
		b'[unknown]' (6236fee6d592)
		b'[unknown]' (6236fee6e112)
		b'[unknown]' (6236f8525afc)
		b'[unknown]' (6236fee6d4db)
		b'[unknown]' (7c043a894ac3)

	Not found in mutex_ids. mutex (b'[unknown]') 504dff917170 ::: wait time 176350.50us ::: hold time 377654.81us ::: enter count 71308
		b'[unknown]' (6236f7d776a7)
		b'[unknown]' (6236f7d77cac)
		b'[unknown]' (6236f7d80eca)
		b'[unknown]' (6236f7d80f70)
		b'[unknown]' (6236f84883e7)
		b'[unknown]' (6236f847668d)
		b'[unknown]' (6236ff9fbddd)
		b'[unknown]' (6236ff9fbe1a)
		b'[unknown]' (6236ff9f63c7)
		b'[unknown]' (6236ff9f7e64)
		b'[unknown]' (6236ff9d3a4f)
		b'[unknown]' (6236fea6b8db)
		b'[unknown]' (6236fea64b2d)
		b'[unknown]' (6236fea65171)
		b'[unknown]' (6236fea651e4)
		b'[unknown]' (6236fea65273)
		b'[unknown]' (6236fea652d7)
		b'[unknown]' (6236fea6581e)
		b'[unknown]' (6236fea65a0e)
		b'[unknown]' (6236fea65aad)
		b'[unknown]' (6236fea65b3b)
		b'[unknown]' (6236fea666ca)
		b'[unknown]' (6236fea6678b)
		b'[unknown]' (6236fea6797d)
		b'[unknown]' (6236f7d88dd2)
		b'[unknown]' (6236fea6b3d9)
		b'[unknown]' (6236fea6c3d5)
		b'[unknown]' (6236fea6b380)
		b'[unknown]' (6236fea6c529)
		b'[unknown]' (6236f7d88dd2)
		b'[unknown]' (6236fee6a91a)
		b'[unknown]' (6236fee67893)
		b'[unknown]' (6236fee6899a)
		b'[unknown]' (6236f8525afc)
		b'[unknown]' (6236fee6d592)
		b'[unknown]' (6236fee6e112)
		b'[unknown]' (6236f8525afc)
		b'[unknown]' (6236fee6d4db)
		b'[unknown]' (7c043a894ac3)

	Not found in mutex_ids. mutex (b'[unknown]') 504df9790428 ::: wait time 175006.60us ::: hold time 439599.76us ::: enter count 71305
		b'[unknown]' (6236f7d776a7)
		b'[unknown]' (6236f7d77cac)
		b'[unknown]' (6236f7d80eca)
		b'[unknown]' (6236feea0bc6)
		b'[unknown]' (6236fee9948d)
		b'[unknown]' (6236f7ed9668)
		b'[unknown]' (6236fee839b4)
		b'[unknown]' (6236fee860ca)
		b'[unknown]' (6236fee85c86)
		b'[unknown]' (6236fee85a16)
		b'[unknown]' (6236fee84742)
		b'[unknown]' (6236fcd85cb0)
		b'[unknown]' (6236fcd85d84)
		b'[unknown]' (6236fcd83f03)
		b'[unknown]' (6236fcd82139)
		b'[unknown]' (6236fcd806c6)
		b'[unknown]' (6236fcd7dbbf)
		b'[unknown]' (6236fcd79bb3)
		b'[unknown]' (6236fcd76206)
		b'[unknown]' (6236fcd68821)
		b'[unknown]' (6236fcd66c41)
		b'[unknown]' (6236fcd666bd)
		b'[unknown]' (6236fa627325)
		b'[unknown]' (6236fa62808a)
		b'[unknown]' (6236fa62c176)
		b'[unknown]' (6236fa3321c9)
		b'[unknown]' (6236fa33dd18)
		b'[unknown]' (6236fa33e46b)
		b'[unknown]' (6236fa33dd70)
		b'[unknown]' (6236fed9754e)
		b'[unknown]' (6236f7ee69ac)
		b'[unknown]' (6236f7ee9125)
		b'[unknown]' (6236f7eec3a0)
		b'[unknown]' (6236f7eed325)
		b'[unknown]' (6236f7eec7be)
		b'[unknown]' (6236f7eec86f)
		b'[unknown]' (6236f7ee8ad5)
		b'[unknown]' (6236f7ee8bc3)
		b'[unknown]' (6236f7ef1105)
		b'[unknown]' (6236f7ee7eb9)
		b'[unknown]' (6236f7ee7f5b)
		b'[unknown]' (6236f7ef3e5e)
		b'[unknown]' (6236f7ef49e5)
		b'[unknown]' (6236f7ef5066)
		b'[unknown]' (6236f7ef5df5)
		b'[unknown]' (6236f7ed7f38)
		b'[unknown]' (6236fea64b8d)
		b'[unknown]' (6236fea65171)
		b'[unknown]' (6236fea651e4)
		b'[unknown]' (6236fea65273)
		b'[unknown]' (6236fea652d7)
		b'[unknown]' (6236fea6581e)
		b'[unknown]' (6236fea65a0e)
		b'[unknown]' (6236fea65aad)
		b'[unknown]' (6236fea65b3b)
		b'[unknown]' (6236fea666ca)
		b'[unknown]' (6236fea6678b)
		b'[unknown]' (6236fea6797d)
		b'[unknown]' (6236f7d88dd2)
		b'[unknown]' (6236fea6b3d9)
		b'[unknown]' (6236fea6c3d5)
		b'[unknown]' (6236fea6b380)
		b'[unknown]' (6236fea6c529)
		b'[unknown]' (6236f7d88dd2)
		b'[unknown]' (6236fee6a91a)
		b'[unknown]' (6236fee67893)
		b'[unknown]' (6236fee6899a)
		b'[unknown]' (6236f8525afc)
		b'[unknown]' (6236fee6d592)
		b'[unknown]' (6236fee6e112)
		b'[unknown]' (6236f8525afc)
		b'[unknown]' (6236fee6d4db)
		b'[unknown]' (7c043a894ac3)

	Not found in mutex_ids. mutex (b'[unknown]') 504dff9207f0 ::: wait time 173784.83us ::: hold time 294762.25us ::: enter count 71308
		b'[unknown]' (6236f7d776a7)
		b'[unknown]' (6236f7d77cac)
		b'[unknown]' (6236f7d87796)
		b'[unknown]' (6236f7efcd59)
		b'[unknown]' (6236f7ef58c6)
		b'[unknown]' (6236f7ef5e0e)
		b'[unknown]' (6236f7ed7f38)
		b'[unknown]' (6236fea64b8d)
		b'[unknown]' (6236fea65171)
		b'[unknown]' (6236fea651e4)
		b'[unknown]' (6236fea65273)
		b'[unknown]' (6236fea652d7)
		b'[unknown]' (6236fea6581e)
		b'[unknown]' (6236fea65a0e)
		b'[unknown]' (6236fea65aad)
		b'[unknown]' (6236fea65b3b)
		b'[unknown]' (6236fea666ca)
		b'[unknown]' (6236fea6678b)
		b'[unknown]' (6236fea6797d)
		b'[unknown]' (6236f7d88dd2)
		b'[unknown]' (6236fea6b3d9)
		b'[unknown]' (6236fea6c3d5)
		b'[unknown]' (6236fea6b380)
		b'[unknown]' (6236fea6c529)
		b'[unknown]' (6236f7d88dd2)
		b'[unknown]' (6236fee6a91a)
		b'[unknown]' (6236fee67893)
		b'[unknown]' (6236fee6899a)
		b'[unknown]' (6236f8525afc)
		b'[unknown]' (6236fee6d592)
		b'[unknown]' (6236fee6e112)
		b'[unknown]' (6236f8525afc)
		b'[unknown]' (6236fee6d4db)
		b'[unknown]' (7c043a894ac3)

	Not found in mutex_ids. mutex (b'[unknown]') 504df9790428 ::: wait time 173589.05us ::: hold time 426883.36us ::: enter count 71303
		b'[unknown]' (6236f7d776a7)
		b'[unknown]' (6236f7d77cac)
		b'[unknown]' (6236f7d80eca)
		b'[unknown]' (6236feea0bc6)
		b'[unknown]' (6236fee9948d)
		b'[unknown]' (6236f7ed9668)
		b'[unknown]' (6236f9c66b72)
		b'[unknown]' (6236fd023e9c)
		b'[unknown]' (6236fd0238fc)
		b'[unknown]' (6236fd02c6cb)
		b'[unknown]' (6236fd02310f)
		b'[unknown]' (6236fabf499a)
		b'[unknown]' (6236fabf4c0a)
		b'[unknown]' (6236fabf59f7)
		b'[unknown]' (6236fce81b42)
		b'[unknown]' (6236fce83735)
		b'[unknown]' (6236fa6263f8)
		b'[unknown]' (6236fa627794)
		b'[unknown]' (6236fa627a6a)
		b'[unknown]' (6236fa628429)
		b'[unknown]' (6236fa62c176)
		b'[unknown]' (6236fa3321c9)
		b'[unknown]' (6236fa33dd18)
		b'[unknown]' (6236fa33e46b)
		b'[unknown]' (6236fa33dd70)
		b'[unknown]' (6236fed9754e)
		b'[unknown]' (6236f7ee69ac)
		b'[unknown]' (6236f7ee9125)
		b'[unknown]' (6236f7eec3a0)
		b'[unknown]' (6236f7eed325)
		b'[unknown]' (6236f7eec7be)
		b'[unknown]' (6236f7eec86f)
		b'[unknown]' (6236f7ee8ad5)
		b'[unknown]' (6236f7ee8bc3)
		b'[unknown]' (6236f7ef1105)
		b'[unknown]' (6236f7ee7eb9)
		b'[unknown]' (6236f7ee7f5b)
		b'[unknown]' (6236f7ef3e5e)
		b'[unknown]' (6236f7ef49e5)
		b'[unknown]' (6236f7ef5066)
		b'[unknown]' (6236f7ef5df5)
		b'[unknown]' (6236f7ed7f38)
		b'[unknown]' (6236fea64b8d)
		b'[unknown]' (6236fea65171)
		b'[unknown]' (6236fea651e4)
		b'[unknown]' (6236fea65273)
		b'[unknown]' (6236fea652d7)
		b'[unknown]' (6236fea6581e)
		b'[unknown]' (6236fea65a0e)
		b'[unknown]' (6236fea65aad)
		b'[unknown]' (6236fea65b3b)
		b'[unknown]' (6236fea666ca)
		b'[unknown]' (6236fea6678b)
		b'[unknown]' (6236fea6797d)
		b'[unknown]' (6236f7d88dd2)
		b'[unknown]' (6236fea6b3d9)
		b'[unknown]' (6236fea6c3d5)
		b'[unknown]' (6236fea6b380)
		b'[unknown]' (6236fea6c529)
		b'[unknown]' (6236f7d88dd2)
		b'[unknown]' (6236fee6a91a)
		b'[unknown]' (6236fee67893)
		b'[unknown]' (6236fee6899a)
		b'[unknown]' (6236f8525afc)
		b'[unknown]' (6236fee6d592)
		b'[unknown]' (6236fee6e112)
		b'[unknown]' (6236f8525afc)
		b'[unknown]' (6236fee6d4db)
		b'[unknown]' (7c043a894ac3)

	Not found in mutex_ids. mutex (b'[unknown]') 504df9790428 ::: wait time 173584.99us ::: hold time 400801.16us ::: enter count 71304
		b'[unknown]' (6236f7d776a7)
		b'[unknown]' (6236f7d77cac)
		b'[unknown]' (6236f7d80eca)
		b'[unknown]' (6236feea0bc6)
		b'[unknown]' (6236fee9948d)
		b'[unknown]' (6236f7eacf5e)
		b'[unknown]' (6236fee9ba34)
		b'[unknown]' (6236fee996a4)
		b'[unknown]' (6236fce80b65)
		b'[unknown]' (6236fce83735)
		b'[unknown]' (6236fa6263f8)
		b'[unknown]' (6236fa627794)
		b'[unknown]' (6236fa627a6a)
		b'[unknown]' (6236fa628429)
		b'[unknown]' (6236fa62c176)
		b'[unknown]' (6236fa3321c9)
		b'[unknown]' (6236fa33dd18)
		b'[unknown]' (6236fa33e46b)
		b'[unknown]' (6236fa33dd70)
		b'[unknown]' (6236fed9754e)
		b'[unknown]' (6236f7ee69ac)
		b'[unknown]' (6236f7ee9125)
		b'[unknown]' (6236f7eec3a0)
		b'[unknown]' (6236f7eed325)
		b'[unknown]' (6236f7eec7be)
		b'[unknown]' (6236f7eec86f)
		b'[unknown]' (6236f7ee8ad5)
		b'[unknown]' (6236f7ee8bc3)
		b'[unknown]' (6236f7ef1105)
		b'[unknown]' (6236f7ee7eb9)
		b'[unknown]' (6236f7ee7f5b)
		b'[unknown]' (6236f7ef3e5e)
		b'[unknown]' (6236f7ef49e5)
		b'[unknown]' (6236f7ef5066)
		b'[unknown]' (6236f7ef5df5)
		b'[unknown]' (6236f7ed7f38)
		b'[unknown]' (6236fea64b8d)
		b'[unknown]' (6236fea65171)
		b'[unknown]' (6236fea651e4)
		b'[unknown]' (6236fea65273)
		b'[unknown]' (6236fea652d7)
		b'[unknown]' (6236fea6581e)
		b'[unknown]' (6236fea65a0e)
		b'[unknown]' (6236fea65aad)
		b'[unknown]' (6236fea65b3b)
		b'[unknown]' (6236fea666ca)
		b'[unknown]' (6236fea6678b)
		b'[unknown]' (6236fea6797d)
		b'[unknown]' (6236f7d88dd2)
		b'[unknown]' (6236fea6b3d9)
		b'[unknown]' (6236fea6c3d5)
		b'[unknown]' (6236fea6b380)
		b'[unknown]' (6236fea6c529)
		b'[unknown]' (6236f7d88dd2)
		b'[unknown]' (6236fee6a91a)
		b'[unknown]' (6236fee67893)
		b'[unknown]' (6236fee6899a)
		b'[unknown]' (6236f8525afc)
		b'[unknown]' (6236fee6d592)
		b'[unknown]' (6236fee6e112)
		b'[unknown]' (6236f8525afc)
		b'[unknown]' (6236fee6d4db)
		b'[unknown]' (7c043a894ac3)

	Not found in mutex_ids. mutex (b'[unknown]') 504dff917170 ::: wait time 173336.27us ::: hold time 396404.73us ::: enter count 71304
		b'[unknown]' (6236f7d776a7)
		b'[unknown]' (6236f7d77cac)
		b'[unknown]' (6236f7d80eca)
		b'[unknown]' (6236f7d80f70)
		b'[unknown]' (6236f7d8c638)
		b'[unknown]' (6236fa62ba2f)
		b'[unknown]' (6236fa3321c9)
		b'[unknown]' (6236fa33dd18)
		b'[unknown]' (6236fa33e46b)
		b'[unknown]' (6236fa33dd70)
		b'[unknown]' (6236fed9754e)
		b'[unknown]' (6236f7ee69ac)
		b'[unknown]' (6236f7ee9125)
		b'[unknown]' (6236f7eec3a0)
		b'[unknown]' (6236f7eed325)
		b'[unknown]' (6236f7eec7be)
		b'[unknown]' (6236f7eec86f)
		b'[unknown]' (6236f7ee8ad5)
		b'[unknown]' (6236f7ee8bc3)
		b'[unknown]' (6236f7ef1105)
		b'[unknown]' (6236f7ee7eb9)
		b'[unknown]' (6236f7ee7f5b)
		b'[unknown]' (6236f7ef3e5e)
		b'[unknown]' (6236f7ef49e5)
		b'[unknown]' (6236f7ef5066)
		b'[unknown]' (6236f7ef5df5)
		b'[unknown]' (6236f7ed7f38)
		b'[unknown]' (6236fea64b8d)
		b'[unknown]' (6236fea65171)
		b'[unknown]' (6236fea651e4)
		b'[unknown]' (6236fea65273)
		b'[unknown]' (6236fea652d7)
		b'[unknown]' (6236fea6581e)
		b'[unknown]' (6236fea65a0e)
		b'[unknown]' (6236fea65aad)
		b'[unknown]' (6236fea65b3b)
		b'[unknown]' (6236fea666ca)
		b'[unknown]' (6236fea6678b)
		b'[unknown]' (6236fea6797d)
		b'[unknown]' (6236f7d88dd2)
		b'[unknown]' (6236fea6b3d9)
		b'[unknown]' (6236fea6c3d5)
		b'[unknown]' (6236fea6b380)
		b'[unknown]' (6236fea6c529)
		b'[unknown]' (6236f7d88dd2)
		b'[unknown]' (6236fee6a91a)
		b'[unknown]' (6236fee67893)
		b'[unknown]' (6236fee6899a)
		b'[unknown]' (6236f8525afc)
		b'[unknown]' (6236fee6d592)
		b'[unknown]' (6236fee6e112)
		b'[unknown]' (6236f8525afc)
		b'[unknown]' (6236fee6d4db)
		b'[unknown]' (7c043a894ac3)

	Not found in mutex_ids. mutex (b'[unknown]') 504df9790428 ::: wait time 173111.61us ::: hold time 412846.55us ::: enter count 71307
		b'[unknown]' (6236f7d776a7)
		b'[unknown]' (6236f7d77cac)
		b'[unknown]' (6236f7d80eca)
		b'[unknown]' (6236feea0bc6)
		b'[unknown]' (6236fee9948d)
		b'[unknown]' (6236f8472814)
		b'[unknown]' (6236f8446717)
		b'[unknown]' (6236fcd8ad66)
		b'[unknown]' (6236fcd8af49)
		b'[unknown]' (6236fcd67504)
		b'[unknown]' (6236fcd64a07)
		b'[unknown]' (6236fcd650f9)
		b'[unknown]' (6236fcd68c15)
		b'[unknown]' (6236fcd66c41)
		b'[unknown]' (6236fcd666bd)
		b'[unknown]' (6236fa627325)
		b'[unknown]' (6236fa62808a)
		b'[unknown]' (6236fa62c176)
		b'[unknown]' (6236fa3321c9)
		b'[unknown]' (6236fa33dd18)
		b'[unknown]' (6236fa33e46b)
		b'[unknown]' (6236fa33dd70)
		b'[unknown]' (6236fed9754e)
		b'[unknown]' (6236f7ee69ac)
		b'[unknown]' (6236f7ee9125)
		b'[unknown]' (6236f7eec3a0)
		b'[unknown]' (6236f7eed325)
		b'[unknown]' (6236f7eec7be)
		b'[unknown]' (6236f7eec86f)
		b'[unknown]' (6236f7ee8ad5)
		b'[unknown]' (6236f7ee8bc3)
		b'[unknown]' (6236f7ef1105)
		b'[unknown]' (6236f7ee7eb9)
		b'[unknown]' (6236f7ee7f5b)
		b'[unknown]' (6236f7ef3e5e)
		b'[unknown]' (6236f7ef49e5)
		b'[unknown]' (6236f7ef5066)
		b'[unknown]' (6236f7ef5df5)
		b'[unknown]' (6236f7ed7f38)
		b'[unknown]' (6236fea64b8d)
		b'[unknown]' (6236fea65171)
		b'[unknown]' (6236fea651e4)
		b'[unknown]' (6236fea65273)
		b'[unknown]' (6236fea652d7)
		b'[unknown]' (6236fea6581e)
		b'[unknown]' (6236fea65a0e)
		b'[unknown]' (6236fea65aad)
		b'[unknown]' (6236fea65b3b)
		b'[unknown]' (6236fea666ca)
		b'[unknown]' (6236fea6678b)
		b'[unknown]' (6236fea6797d)
		b'[unknown]' (6236f7d88dd2)
		b'[unknown]' (6236fea6b3d9)
		b'[unknown]' (6236fea6c3d5)
		b'[unknown]' (6236fea6b380)
		b'[unknown]' (6236fea6c529)
		b'[unknown]' (6236f7d88dd2)
		b'[unknown]' (6236fee6a91a)
		b'[unknown]' (6236fee67893)
		b'[unknown]' (6236fee6899a)
		b'[unknown]' (6236f8525afc)
		b'[unknown]' (6236fee6d592)
		b'[unknown]' (6236fee6e112)
		b'[unknown]' (6236f8525afc)
		b'[unknown]' (6236fee6d4db)
		b'[unknown]' (7c043a894ac3)

	Not found in mutex_ids. mutex (b'[unknown]') 504df9790428 ::: wait time 172642.04us ::: hold time 405811.39us ::: enter count 71304
		b'[unknown]' (6236f7d776a7)
		b'[unknown]' (6236f7d77cac)
		b'[unknown]' (6236f7d80eca)
		b'[unknown]' (6236feea0bc6)
		b'[unknown]' (6236fee9948d)
		b'[unknown]' (6236f7eacf5e)
		b'[unknown]' (6236fee9ba34)
		b'[unknown]' (6236fee996a4)
		b'[unknown]' (6236fd13fb00)
		b'[unknown]' (6236fb827246)
		b'[unknown]' (6236fa62748a)
		b'[unknown]' (6236fa62808a)
		b'[unknown]' (6236fa62c176)
		b'[unknown]' (6236fa3321c9)
		b'[unknown]' (6236fa33dd18)
		b'[unknown]' (6236fa33e46b)
		b'[unknown]' (6236fa33dd70)
		b'[unknown]' (6236fed9754e)
		b'[unknown]' (6236f7ee69ac)
		b'[unknown]' (6236f7ee9125)
		b'[unknown]' (6236f7eec3a0)
		b'[unknown]' (6236f7eed325)
		b'[unknown]' (6236f7eec7be)
		b'[unknown]' (6236f7eec86f)
		b'[unknown]' (6236f7ee8ad5)
		b'[unknown]' (6236f7ee8bc3)
		b'[unknown]' (6236f7ef1105)
		b'[unknown]' (6236f7ee7eb9)
		b'[unknown]' (6236f7ee7f5b)
		b'[unknown]' (6236f7ef3e5e)
		b'[unknown]' (6236f7ef49e5)
		b'[unknown]' (6236f7ef5066)
		b'[unknown]' (6236f7ef5df5)
		b'[unknown]' (6236f7ed7f38)
		b'[unknown]' (6236fea64b8d)
		b'[unknown]' (6236fea65171)
		b'[unknown]' (6236fea651e4)
		b'[unknown]' (6236fea65273)
		b'[unknown]' (6236fea652d7)
		b'[unknown]' (6236fea6581e)
		b'[unknown]' (6236fea65a0e)
		b'[unknown]' (6236fea65aad)
		b'[unknown]' (6236fea65b3b)
		b'[unknown]' (6236fea666ca)
		b'[unknown]' (6236fea6678b)
		b'[unknown]' (6236fea6797d)
		b'[unknown]' (6236f7d88dd2)
		b'[unknown]' (6236fea6b3d9)
		b'[unknown]' (6236fea6c3d5)
		b'[unknown]' (6236fea6b380)
		b'[unknown]' (6236fea6c529)
		b'[unknown]' (6236f7d88dd2)
		b'[unknown]' (6236fee6a91a)
		b'[unknown]' (6236fee67893)
		b'[unknown]' (6236fee6899a)
		b'[unknown]' (6236f8525afc)
		b'[unknown]' (6236fee6d592)
		b'[unknown]' (6236fee6e112)
		b'[unknown]' (6236f8525afc)
		b'[unknown]' (6236fee6d4db)
		b'[unknown]' (7c043a894ac3)

	Not found in mutex_ids. mutex (b'[unknown]') 504dff917170 ::: wait time 172327.50us ::: hold time 453340.85us ::: enter count 71308
		b'[unknown]' (6236f7d776a7)
		b'[unknown]' (6236f7d77cac)
		b'[unknown]' (6236f7d80eca)
		b'[unknown]' (6236f7d80f70)
		b'[unknown]' (6236f7d8c638)
		b'[unknown]' (6236f7ee85ad)
		b'[unknown]' (6236f7ee7dcc)
		b'[unknown]' (6236f7ef3e4f)
		b'[unknown]' (6236f7ef49e5)
		b'[unknown]' (6236f7ef5066)
		b'[unknown]' (6236f7ef5df5)
		b'[unknown]' (6236f7ed7f38)
		b'[unknown]' (6236fea64b8d)
		b'[unknown]' (6236fea65171)
		b'[unknown]' (6236fea651e4)
		b'[unknown]' (6236fea65273)
		b'[unknown]' (6236fea652d7)
		b'[unknown]' (6236fea6581e)
		b'[unknown]' (6236fea65a0e)
		b'[unknown]' (6236fea65aad)
		b'[unknown]' (6236fea65b3b)
		b'[unknown]' (6236fea666ca)
		b'[unknown]' (6236fea6678b)
		b'[unknown]' (6236fea6797d)
		b'[unknown]' (6236f7d88dd2)
		b'[unknown]' (6236fea6b3d9)
		b'[unknown]' (6236fea6c3d5)
		b'[unknown]' (6236fea6b380)
		b'[unknown]' (6236fea6c529)
		b'[unknown]' (6236f7d88dd2)
		b'[unknown]' (6236fee6a91a)
		b'[unknown]' (6236fee67893)
		b'[unknown]' (6236fee6899a)
		b'[unknown]' (6236f8525afc)
		b'[unknown]' (6236fee6d592)
		b'[unknown]' (6236fee6e112)
		b'[unknown]' (6236f8525afc)
		b'[unknown]' (6236fee6d4db)
		b'[unknown]' (7c043a894ac3)

	Not found in mutex_ids. mutex (b'[unknown]') 504df9790428 ::: wait time 171529.17us ::: hold time 457996.38us ::: enter count 71303
		b'[unknown]' (6236f7d776a7)
		b'[unknown]' (6236f7d77cac)
		b'[unknown]' (6236f7d80eca)
		b'[unknown]' (6236feea0bc6)
		b'[unknown]' (6236fee9b7d2)
		b'[unknown]' (6236fee97f34)
		b'[unknown]' (6236fee978bb)
		b'[unknown]' (6236fee83f43)
		b'[unknown]' (6236fee83ed8)
		b'[unknown]' (6236f7e894d4)
		b'[unknown]' (6236f7e89385)
		b'[unknown]' (6236f7e892d8)
		b'[unknown]' (6236f7e89298)
		b'[unknown]' (6236fee84aa4)
		b'[unknown]' (6236f7dd36a6)
		b'[unknown]' (6236fcd8a808)
		b'[unknown]' (6236fcd8a37b)
		b'[unknown]' (6236f7d9cab7)
		b'[unknown]' (6236f7d862a3)
		b'[unknown]' (6236fcd735cc)
		b'[unknown]' (6236fcd735ec)
		b'[unknown]' (6236fcd73972)
		b'[unknown]' (6236fcd84c9e)
		b'[unknown]' (6236fcd83414)
		b'[unknown]' (6236fcd8163b)
		b'[unknown]' (6236fcd7f951)
		b'[unknown]' (6236fcd7cc48)
		b'[unknown]' (6236fcd78cdd)
		b'[unknown]' (6236fcd6d02c)
		b'[unknown]' (6236fcd65d21)
		b'[unknown]' (6236f8676266)
		b'[unknown]' (6236f8675bab)
		b'[unknown]' (6236f867537a)
		b'[unknown]' (6236f86750a2)
		b'[unknown]' (6236fa6284a3)
		b'[unknown]' (6236fa62c176)
		b'[unknown]' (6236fa3321c9)
		b'[unknown]' (6236fa33dd18)
		b'[unknown]' (6236fa33e46b)
		b'[unknown]' (6236fa33dd70)
		b'[unknown]' (6236fed9754e)
		b'[unknown]' (6236f7ee69ac)
		b'[unknown]' (6236f7ee9125)
		b'[unknown]' (6236f7eec3a0)
		b'[unknown]' (6236f7eed325)
		b'[unknown]' (6236f7eec7be)
		b'[unknown]' (6236f7eec86f)
		b'[unknown]' (6236f7ee8ad5)
		b'[unknown]' (6236f7ee8bc3)
		b'[unknown]' (6236f7ef1105)
		b'[unknown]' (6236f7ee7eb9)
		b'[unknown]' (6236f7ee7f5b)
		b'[unknown]' (6236f7ef3e5e)
		b'[unknown]' (6236f7ef49e5)
		b'[unknown]' (6236f7ef5066)
		b'[unknown]' (6236f7ef5df5)
		b'[unknown]' (6236f7ed7f38)
		b'[unknown]' (6236fea64b8d)
		b'[unknown]' (6236fea65171)
		b'[unknown]' (6236fea651e4)
		b'[unknown]' (6236fea65273)
		b'[unknown]' (6236fea652d7)
		b'[unknown]' (6236fea6581e)
		b'[unknown]' (6236fea65a0e)
		b'[unknown]' (6236fea65aad)
		b'[unknown]' (6236fea65b3b)
		b'[unknown]' (6236fea666ca)
		b'[unknown]' (6236fea6678b)
		b'[unknown]' (6236fea6797d)
		b'[unknown]' (6236f7d88dd2)
		b'[unknown]' (6236fea6b3d9)
		b'[unknown]' (6236fea6c3d5)
		b'[unknown]' (6236fea6b380)
		b'[unknown]' (6236fea6c529)
		b'[unknown]' (6236f7d88dd2)
		b'[unknown]' (6236fee6a91a)
		b'[unknown]' (6236fee67893)
		b'[unknown]' (6236fee6899a)
		b'[unknown]' (6236f8525afc)
		b'[unknown]' (6236fee6d592)
		b'[unknown]' (6236fee6e112)
		b'[unknown]' (6236f8525afc)
		b'[unknown]' (6236fee6d4db)
		b'[unknown]' (7c043a894ac3)

	Not found in mutex_ids. mutex (b'[unknown]') 504df9790428 ::: wait time 171299.05us ::: hold time 383798.22us ::: enter count 71304
		b'[unknown]' (6236f7d776a7)
		b'[unknown]' (6236f7d77cac)
		b'[unknown]' (6236f7d80eca)
		b'[unknown]' (6236feea0bc6)
		b'[unknown]' (6236fee9948d)
		b'[unknown]' (6236f7efb57c)
		b'[unknown]' (6236fee99786)
		b'[unknown]' (6236fd13fb00)
		b'[unknown]' (6236fb827246)
		b'[unknown]' (6236fa62748a)
		b'[unknown]' (6236fa62808a)
		b'[unknown]' (6236fa62c176)
		b'[unknown]' (6236fa3321c9)
		b'[unknown]' (6236fa33dd18)
		b'[unknown]' (6236fa33e46b)
		b'[unknown]' (6236fa33dd70)
		b'[unknown]' (6236fed9754e)
		b'[unknown]' (6236f7ee69ac)
		b'[unknown]' (6236f7ee9125)
		b'[unknown]' (6236f7eec3a0)
		b'[unknown]' (6236f7eed325)
		b'[unknown]' (6236f7eec7be)
		b'[unknown]' (6236f7eec86f)
		b'[unknown]' (6236f7ee8ad5)
		b'[unknown]' (6236f7ee8bc3)
		b'[unknown]' (6236f7ef1105)
		b'[unknown]' (6236f7ee7eb9)
		b'[unknown]' (6236f7ee7f5b)
		b'[unknown]' (6236f7ef3e5e)
		b'[unknown]' (6236f7ef49e5)
		b'[unknown]' (6236f7ef5066)
		b'[unknown]' (6236f7ef5df5)
		b'[unknown]' (6236f7ed7f38)
		b'[unknown]' (6236fea64b8d)
		b'[unknown]' (6236fea65171)
		b'[unknown]' (6236fea651e4)
		b'[unknown]' (6236fea65273)
		b'[unknown]' (6236fea652d7)
		b'[unknown]' (6236fea6581e)
		b'[unknown]' (6236fea65a0e)
		b'[unknown]' (6236fea65aad)
		b'[unknown]' (6236fea65b3b)
		b'[unknown]' (6236fea666ca)
		b'[unknown]' (6236fea6678b)
		b'[unknown]' (6236fea6797d)
		b'[unknown]' (6236f7d88dd2)
		b'[unknown]' (6236fea6b3d9)
		b'[unknown]' (6236fea6c3d5)
		b'[unknown]' (6236fea6b380)
		b'[unknown]' (6236fea6c529)
		b'[unknown]' (6236f7d88dd2)
		b'[unknown]' (6236fee6a91a)
		b'[unknown]' (6236fee67893)
		b'[unknown]' (6236fee6899a)
		b'[unknown]' (6236f8525afc)
		b'[unknown]' (6236fee6d592)
		b'[unknown]' (6236fee6e112)
		b'[unknown]' (6236f8525afc)
		b'[unknown]' (6236fee6d4db)
		b'[unknown]' (7c043a894ac3)

	Not found in mutex_ids. mutex (b'[unknown]') 504df9790428 ::: wait time 171258.01us ::: hold time 427631.88us ::: enter count 71305
		b'[unknown]' (6236f7d776a7)
		b'[unknown]' (6236f7d77cac)
		b'[unknown]' (6236f7d80eca)
		b'[unknown]' (6236feea0bc6)
		b'[unknown]' (6236fee9948d)
		b'[unknown]' (6236fee83aed)
		b'[unknown]' (6236fee860ca)
		b'[unknown]' (6236fee85c86)
		b'[unknown]' (6236fee85a16)
		b'[unknown]' (6236fee84742)
		b'[unknown]' (6236fcd85cb0)
		b'[unknown]' (6236fcd85d84)
		b'[unknown]' (6236fcd83f03)
		b'[unknown]' (6236fcd82139)
		b'[unknown]' (6236fcd806c6)
		b'[unknown]' (6236fcd7dbbf)
		b'[unknown]' (6236fcd79bb3)
		b'[unknown]' (6236fcd76206)
		b'[unknown]' (6236fcd68821)
		b'[unknown]' (6236fcd66c41)
		b'[unknown]' (6236fcd666bd)
		b'[unknown]' (6236fa627325)
		b'[unknown]' (6236fa62808a)
		b'[unknown]' (6236fa62c176)
		b'[unknown]' (6236fa3321c9)
		b'[unknown]' (6236fa33dd18)
		b'[unknown]' (6236fa33e46b)
		b'[unknown]' (6236fa33dd70)
		b'[unknown]' (6236fed9754e)
		b'[unknown]' (6236f7ee69ac)
		b'[unknown]' (6236f7ee9125)
		b'[unknown]' (6236f7eec3a0)
		b'[unknown]' (6236f7eed325)
		b'[unknown]' (6236f7eec7be)
		b'[unknown]' (6236f7eec86f)
		b'[unknown]' (6236f7ee8ad5)
		b'[unknown]' (6236f7ee8bc3)
		b'[unknown]' (6236f7ef1105)
		b'[unknown]' (6236f7ee7eb9)
		b'[unknown]' (6236f7ee7f5b)
		b'[unknown]' (6236f7ef3e5e)
		b'[unknown]' (6236f7ef49e5)
		b'[unknown]' (6236f7ef5066)
		b'[unknown]' (6236f7ef5df5)
		b'[unknown]' (6236f7ed7f38)
		b'[unknown]' (6236fea64b8d)
		b'[unknown]' (6236fea65171)
		b'[unknown]' (6236fea651e4)
		b'[unknown]' (6236fea65273)
		b'[unknown]' (6236fea652d7)
		b'[unknown]' (6236fea6581e)
		b'[unknown]' (6236fea65a0e)
		b'[unknown]' (6236fea65aad)
		b'[unknown]' (6236fea65b3b)
		b'[unknown]' (6236fea666ca)
		b'[unknown]' (6236fea6678b)
		b'[unknown]' (6236fea6797d)
		b'[unknown]' (6236f7d88dd2)
		b'[unknown]' (6236fea6b3d9)
		b'[unknown]' (6236fea6c3d5)
		b'[unknown]' (6236fea6b380)
		b'[unknown]' (6236fea6c529)
		b'[unknown]' (6236f7d88dd2)
		b'[unknown]' (6236fee6a91a)
		b'[unknown]' (6236fee67893)
		b'[unknown]' (6236fee6899a)
		b'[unknown]' (6236f8525afc)
		b'[unknown]' (6236fee6d592)
		b'[unknown]' (6236fee6e112)
		b'[unknown]' (6236f8525afc)
		b'[unknown]' (6236fee6d4db)
		b'[unknown]' (7c043a894ac3)

	Not found in mutex_ids. mutex (b'[unknown]') 504df9790428 ::: wait time 171111.61us ::: hold time 423423.98us ::: enter count 71305
		b'[unknown]' (6236f7d776a7)
		b'[unknown]' (6236f7d77cac)
		b'[unknown]' (6236f7d80eca)
		b'[unknown]' (6236feea0bc6)
		b'[unknown]' (6236fee98135)
		b'[unknown]' (6236fee9a10d)
		b'[unknown]' (6236fee977b7)
		b'[unknown]' (6236fee83d5f)
		b'[unknown]' (6236fee83aa6)
		b'[unknown]' (6236fee860ca)
		b'[unknown]' (6236fee85c86)
		b'[unknown]' (6236fee85a16)
		b'[unknown]' (6236fee84742)
		b'[unknown]' (6236fcd85cb0)
		b'[unknown]' (6236fcd85d84)
		b'[unknown]' (6236fcd83f03)
		b'[unknown]' (6236fcd82139)
		b'[unknown]' (6236fcd806c6)
		b'[unknown]' (6236fcd7dbbf)
		b'[unknown]' (6236fcd79bb3)
		b'[unknown]' (6236fcd76206)
		b'[unknown]' (6236fcd68821)
		b'[unknown]' (6236fcd66c41)
		b'[unknown]' (6236fcd666bd)
		b'[unknown]' (6236fa627325)
		b'[unknown]' (6236fa62808a)
		b'[unknown]' (6236fa62c176)
		b'[unknown]' (6236fa3321c9)
		b'[unknown]' (6236fa33dd18)
		b'[unknown]' (6236fa33e46b)
		b'[unknown]' (6236fa33dd70)
		b'[unknown]' (6236fed9754e)
		b'[unknown]' (6236f7ee69ac)
		b'[unknown]' (6236f7ee9125)
		b'[unknown]' (6236f7eec3a0)
		b'[unknown]' (6236f7eed325)
		b'[unknown]' (6236f7eec7be)
		b'[unknown]' (6236f7eec86f)
		b'[unknown]' (6236f7ee8ad5)
		b'[unknown]' (6236f7ee8bc3)
		b'[unknown]' (6236f7ef1105)
		b'[unknown]' (6236f7ee7eb9)
		b'[unknown]' (6236f7ee7f5b)
		b'[unknown]' (6236f7ef3e5e)
		b'[unknown]' (6236f7ef49e5)
		b'[unknown]' (6236f7ef5066)
		b'[unknown]' (6236f7ef5df5)
		b'[unknown]' (6236f7ed7f38)
		b'[unknown]' (6236fea64b8d)
		b'[unknown]' (6236fea65171)
		b'[unknown]' (6236fea651e4)
		b'[unknown]' (6236fea65273)
		b'[unknown]' (6236fea652d7)
		b'[unknown]' (6236fea6581e)
		b'[unknown]' (6236fea65a0e)
		b'[unknown]' (6236fea65aad)
		b'[unknown]' (6236fea65b3b)
		b'[unknown]' (6236fea666ca)
		b'[unknown]' (6236fea6678b)
		b'[unknown]' (6236fea6797d)
		b'[unknown]' (6236f7d88dd2)
		b'[unknown]' (6236fea6b3d9)
		b'[unknown]' (6236fea6c3d5)
		b'[unknown]' (6236fea6b380)
		b'[unknown]' (6236fea6c529)
		b'[unknown]' (6236f7d88dd2)
		b'[unknown]' (6236fee6a91a)
		b'[unknown]' (6236fee67893)
		b'[unknown]' (6236fee6899a)
		b'[unknown]' (6236f8525afc)
		b'[unknown]' (6236fee6d592)
		b'[unknown]' (6236fee6e112)
		b'[unknown]' (6236f8525afc)
		b'[unknown]' (6236fee6d4db)
		b'[unknown]' (7c043a894ac3)

	Not found in mutex_ids. mutex (b'[unknown]') 504df9790428 ::: wait time 170929.83us ::: hold time 433006.76us ::: enter count 71303
		b'[unknown]' (6236f7d776a7)
		b'[unknown]' (6236f7d77cac)
		b'[unknown]' (6236f7d80eca)
		b'[unknown]' (6236feea0bc6)
		b'[unknown]' (6236fee9b7d2)
		b'[unknown]' (6236fee97f34)
		b'[unknown]' (6236fee84cbf)
		b'[unknown]' (6236f949285e)
		b'[unknown]' (6236f94907af)
		b'[unknown]' (6236f948ef38)
		b'[unknown]' (6236f948ee78)
		b'[unknown]' (6236fcd73960)
		b'[unknown]' (6236fcd84c9e)
		b'[unknown]' (6236fcd83414)
		b'[unknown]' (6236fcd8163b)
		b'[unknown]' (6236fcd7f951)
		b'[unknown]' (6236fcd7cc48)
		b'[unknown]' (6236fcd78cdd)
		b'[unknown]' (6236fcd6d02c)
		b'[unknown]' (6236fcd65d21)
		b'[unknown]' (6236f8676266)
		b'[unknown]' (6236f8675bab)
		b'[unknown]' (6236f867537a)
		b'[unknown]' (6236f86750a2)
		b'[unknown]' (6236fa6284a3)
		b'[unknown]' (6236fa62c176)
		b'[unknown]' (6236fa3321c9)
		b'[unknown]' (6236fa33dd18)
		b'[unknown]' (6236fa33e46b)
		b'[unknown]' (6236fa33dd70)
		b'[unknown]' (6236fed9754e)
		b'[unknown]' (6236f7ee69ac)
		b'[unknown]' (6236f7ee9125)
		b'[unknown]' (6236f7eec3a0)
		b'[unknown]' (6236f7eed325)
		b'[unknown]' (6236f7eec7be)
		b'[unknown]' (6236f7eec86f)
		b'[unknown]' (6236f7ee8ad5)
		b'[unknown]' (6236f7ee8bc3)
		b'[unknown]' (6236f7ef1105)
		b'[unknown]' (6236f7ee7eb9)
		b'[unknown]' (6236f7ee7f5b)
		b'[unknown]' (6236f7ef3e5e)
		b'[unknown]' (6236f7ef49e5)
		b'[unknown]' (6236f7ef5066)
		b'[unknown]' (6236f7ef5df5)
		b'[unknown]' (6236f7ed7f38)
		b'[unknown]' (6236fea64b8d)
		b'[unknown]' (6236fea65171)
		b'[unknown]' (6236fea651e4)
		b'[unknown]' (6236fea65273)
		b'[unknown]' (6236fea652d7)
		b'[unknown]' (6236fea6581e)
		b'[unknown]' (6236fea65a0e)
		b'[unknown]' (6236fea65aad)
		b'[unknown]' (6236fea65b3b)
		b'[unknown]' (6236fea666ca)
		b'[unknown]' (6236fea6678b)
		b'[unknown]' (6236fea6797d)
		b'[unknown]' (6236f7d88dd2)
		b'[unknown]' (6236fea6b3d9)
		b'[unknown]' (6236fea6c3d5)
		b'[unknown]' (6236fea6b380)
		b'[unknown]' (6236fea6c529)
		b'[unknown]' (6236f7d88dd2)
		b'[unknown]' (6236fee6a91a)
		b'[unknown]' (6236fee67893)
		b'[unknown]' (6236fee6899a)
		b'[unknown]' (6236f8525afc)
		b'[unknown]' (6236fee6d592)
		b'[unknown]' (6236fee6e112)
		b'[unknown]' (6236f8525afc)
		b'[unknown]' (6236fee6d4db)
		b'[unknown]' (7c043a894ac3)

	Not found in mutex_ids. mutex (b'[unknown]') 504df9790428 ::: wait time 170921.48us ::: hold time 496219.89us ::: enter count 71305
		b'[unknown]' (6236f7d776a7)
		b'[unknown]' (6236f7d77cac)
		b'[unknown]' (6236f7d80eca)
		b'[unknown]' (6236feea0bc6)
		b'[unknown]' (6236fee9a247)
		b'[unknown]' (6236fee97c33)
		b'[unknown]' (6236fee83d1b)
		b'[unknown]' (6236fee83aa6)
		b'[unknown]' (6236fee860ca)
		b'[unknown]' (6236fee85c86)
		b'[unknown]' (6236fee85a16)
		b'[unknown]' (6236fee84742)
		b'[unknown]' (6236fcd85cb0)
		b'[unknown]' (6236fcd85d84)
		b'[unknown]' (6236fcd83f03)
		b'[unknown]' (6236fcd82139)
		b'[unknown]' (6236fcd806c6)
		b'[unknown]' (6236fcd7dbbf)
		b'[unknown]' (6236fcd79bb3)
		b'[unknown]' (6236fcd76206)
		b'[unknown]' (6236fcd68821)
		b'[unknown]' (6236fcd66c41)
		b'[unknown]' (6236fcd666bd)
		b'[unknown]' (6236fa627325)
		b'[unknown]' (6236fa62808a)
		b'[unknown]' (6236fa62c176)
		b'[unknown]' (6236fa3321c9)
		b'[unknown]' (6236fa33dd18)
		b'[unknown]' (6236fa33e46b)
		b'[unknown]' (6236fa33dd70)
		b'[unknown]' (6236fed9754e)
		b'[unknown]' (6236f7ee69ac)
		b'[unknown]' (6236f7ee9125)
		b'[unknown]' (6236f7eec3a0)
		b'[unknown]' (6236f7eed325)
		b'[unknown]' (6236f7eec7be)
		b'[unknown]' (6236f7eec86f)
		b'[unknown]' (6236f7ee8ad5)
		b'[unknown]' (6236f7ee8bc3)
		b'[unknown]' (6236f7ef1105)
		b'[unknown]' (6236f7ee7eb9)
		b'[unknown]' (6236f7ee7f5b)
		b'[unknown]' (6236f7ef3e5e)
		b'[unknown]' (6236f7ef49e5)
		b'[unknown]' (6236f7ef5066)
		b'[unknown]' (6236f7ef5df5)
		b'[unknown]' (6236f7ed7f38)
		b'[unknown]' (6236fea64b8d)
		b'[unknown]' (6236fea65171)
		b'[unknown]' (6236fea651e4)
		b'[unknown]' (6236fea65273)
		b'[unknown]' (6236fea652d7)
		b'[unknown]' (6236fea6581e)
		b'[unknown]' (6236fea65a0e)
		b'[unknown]' (6236fea65aad)
		b'[unknown]' (6236fea65b3b)
		b'[unknown]' (6236fea666ca)
		b'[unknown]' (6236fea6678b)
		b'[unknown]' (6236fea6797d)
		b'[unknown]' (6236f7d88dd2)
		b'[unknown]' (6236fea6b3d9)
		b'[unknown]' (6236fea6c3d5)
		b'[unknown]' (6236fea6b380)
		b'[unknown]' (6236fea6c529)
		b'[unknown]' (6236f7d88dd2)
		b'[unknown]' (6236fee6a91a)
		b'[unknown]' (6236fee67893)
		b'[unknown]' (6236fee6899a)
		b'[unknown]' (6236f8525afc)
		b'[unknown]' (6236fee6d592)
		b'[unknown]' (6236fee6e112)
		b'[unknown]' (6236f8525afc)
		b'[unknown]' (6236fee6d4db)
		b'[unknown]' (7c043a894ac3)

	Not found in mutex_ids. mutex (b'[unknown]') 504df9790428 ::: wait time 170719.89us ::: hold time 405130.41us ::: enter count 71305
		b'[unknown]' (6236f7d776a7)
		b'[unknown]' (6236f7d77cac)
		b'[unknown]' (6236f7d80eca)
		b'[unknown]' (6236feea0bc6)
		b'[unknown]' (6236fee9948d)
		b'[unknown]' (6236f7eacf5e)
		b'[unknown]' (6236fee9ba34)
		b'[unknown]' (6236fee9956f)
		b'[unknown]' (6236fee84b8b)
		b'[unknown]' (6236fcd7dc8e)
		b'[unknown]' (6236fcd79c33)
		b'[unknown]' (6236fcd762bd)
		b'[unknown]' (6236fcd6897e)
		b'[unknown]' (6236fcd66c41)
		b'[unknown]' (6236fcd666bd)
		b'[unknown]' (6236fa627325)
		b'[unknown]' (6236fa62808a)
		b'[unknown]' (6236fa62c176)
		b'[unknown]' (6236fa3321c9)
		b'[unknown]' (6236fa33dd18)
		b'[unknown]' (6236fa33e46b)
		b'[unknown]' (6236fa33dd70)
		b'[unknown]' (6236fed9754e)
		b'[unknown]' (6236f7ee69ac)
		b'[unknown]' (6236f7ee9125)
		b'[unknown]' (6236f7eec3a0)
		b'[unknown]' (6236f7eed325)
		b'[unknown]' (6236f7eec7be)
		b'[unknown]' (6236f7eec86f)
		b'[unknown]' (6236f7ee8ad5)
		b'[unknown]' (6236f7ee8bc3)
		b'[unknown]' (6236f7ef1105)
		b'[unknown]' (6236f7ee7eb9)
		b'[unknown]' (6236f7ee7f5b)
		b'[unknown]' (6236f7ef3e5e)
		b'[unknown]' (6236f7ef49e5)
		b'[unknown]' (6236f7ef5066)
		b'[unknown]' (6236f7ef5df5)
		b'[unknown]' (6236f7ed7f38)
		b'[unknown]' (6236fea64b8d)
		b'[unknown]' (6236fea65171)
		b'[unknown]' (6236fea651e4)
		b'[unknown]' (6236fea65273)
		b'[unknown]' (6236fea652d7)
		b'[unknown]' (6236fea6581e)
		b'[unknown]' (6236fea65a0e)
		b'[unknown]' (6236fea65aad)
		b'[unknown]' (6236fea65b3b)
		b'[unknown]' (6236fea666ca)
		b'[unknown]' (6236fea6678b)
		b'[unknown]' (6236fea6797d)
		b'[unknown]' (6236f7d88dd2)
		b'[unknown]' (6236fea6b3d9)
		b'[unknown]' (6236fea6c3d5)
		b'[unknown]' (6236fea6b380)
		b'[unknown]' (6236fea6c529)
		b'[unknown]' (6236f7d88dd2)
		b'[unknown]' (6236fee6a91a)
		b'[unknown]' (6236fee67893)
		b'[unknown]' (6236fee6899a)
		b'[unknown]' (6236f8525afc)
		b'[unknown]' (6236fee6d592)
		b'[unknown]' (6236fee6e112)
		b'[unknown]' (6236f8525afc)
		b'[unknown]' (6236fee6d4db)
		b'[unknown]' (7c043a894ac3)

	Not found in mutex_ids. mutex (b'[unknown]') 504df9790428 ::: wait time 170668.98us ::: hold time 384250.83us ::: enter count 71304
		b'[unknown]' (6236f7d776a7)
		b'[unknown]' (6236f7d77cac)
		b'[unknown]' (6236f7d80eca)
		b'[unknown]' (6236feea0bc6)
		b'[unknown]' (6236fee9948d)
		b'[unknown]' (6236fee9970e)
		b'[unknown]' (6236fd13fb00)
		b'[unknown]' (6236fb827246)
		b'[unknown]' (6236fa62748a)
		b'[unknown]' (6236fa62808a)
		b'[unknown]' (6236fa62c176)
		b'[unknown]' (6236fa3321c9)
		b'[unknown]' (6236fa33dd18)
		b'[unknown]' (6236fa33e46b)
		b'[unknown]' (6236fa33dd70)
		b'[unknown]' (6236fed9754e)
		b'[unknown]' (6236f7ee69ac)
		b'[unknown]' (6236f7ee9125)
		b'[unknown]' (6236f7eec3a0)
		b'[unknown]' (6236f7eed325)
		b'[unknown]' (6236f7eec7be)
		b'[unknown]' (6236f7eec86f)
		b'[unknown]' (6236f7ee8ad5)
		b'[unknown]' (6236f7ee8bc3)
		b'[unknown]' (6236f7ef1105)
		b'[unknown]' (6236f7ee7eb9)
		b'[unknown]' (6236f7ee7f5b)
		b'[unknown]' (6236f7ef3e5e)
		b'[unknown]' (6236f7ef49e5)
		b'[unknown]' (6236f7ef5066)
		b'[unknown]' (6236f7ef5df5)
		b'[unknown]' (6236f7ed7f38)
		b'[unknown]' (6236fea64b8d)
		b'[unknown]' (6236fea65171)
		b'[unknown]' (6236fea651e4)
		b'[unknown]' (6236fea65273)
		b'[unknown]' (6236fea652d7)
		b'[unknown]' (6236fea6581e)
		b'[unknown]' (6236fea65a0e)
		b'[unknown]' (6236fea65aad)
		b'[unknown]' (6236fea65b3b)
		b'[unknown]' (6236fea666ca)
		b'[unknown]' (6236fea6678b)
		b'[unknown]' (6236fea6797d)
		b'[unknown]' (6236f7d88dd2)
		b'[unknown]' (6236fea6b3d9)
		b'[unknown]' (6236fea6c3d5)
		b'[unknown]' (6236fea6b380)
		b'[unknown]' (6236fea6c529)
		b'[unknown]' (6236f7d88dd2)
		b'[unknown]' (6236fee6a91a)
		b'[unknown]' (6236fee67893)
		b'[unknown]' (6236fee6899a)
		b'[unknown]' (6236f8525afc)
		b'[unknown]' (6236fee6d592)
		b'[unknown]' (6236fee6e112)
		b'[unknown]' (6236f8525afc)
		b'[unknown]' (6236fee6d4db)
		b'[unknown]' (7c043a894ac3)

	Not found in mutex_ids. mutex (b'[unknown]') 504dff917170 ::: wait time 170593.20us ::: hold time 384057.60us ::: enter count 71308
		b'[unknown]' (6236f7d776a7)
		b'[unknown]' (6236f7d77cac)
		b'[unknown]' (6236f7d80eca)
		b'[unknown]' (6236f7d80f70)
		b'[unknown]' (6236f7d8c638)
		b'[unknown]' (6236ff9f8747)
		b'[unknown]' (6236ff9f888a)
		b'[unknown]' (6236fea64c7d)
		b'[unknown]' (6236fea65bae)
		b'[unknown]' (6236fea65ce5)
		b'[unknown]' (6236fea65d6d)
		b'[unknown]' (6236fea65e3b)
		b'[unknown]' (6236fea662dd)
		b'[unknown]' (6236fea66512)
		b'[unknown]' (6236fea665b1)
		b'[unknown]' (6236fea6663f)
		b'[unknown]' (6236fea666e9)
		b'[unknown]' (6236fea6678b)
		b'[unknown]' (6236fea6797d)
		b'[unknown]' (6236f7d88dd2)
		b'[unknown]' (6236fea6b3d9)
		b'[unknown]' (6236fea6c3d5)
		b'[unknown]' (6236fea6b380)
		b'[unknown]' (6236fea6c529)
		b'[unknown]' (6236f7d88dd2)
		b'[unknown]' (6236fee6a91a)
		b'[unknown]' (6236fee67893)
		b'[unknown]' (6236fee6899a)
		b'[unknown]' (6236f8525afc)
		b'[unknown]' (6236fee6d592)
		b'[unknown]' (6236fee6e112)
		b'[unknown]' (6236f8525afc)
		b'[unknown]' (6236fee6d4db)
		b'[unknown]' (7c043a894ac3)

	Not found in mutex_ids. mutex (b'[unknown]') 504df9790428 ::: wait time 170461.71us ::: hold time 434435.04us ::: enter count 71303
		b'[unknown]' (6236f7d776a7)
		b'[unknown]' (6236f7d77cac)
		b'[unknown]' (6236f7d80eca)
		b'[unknown]' (6236feea0bc6)
		b'[unknown]' (6236fee9b7d2)
		b'[unknown]' (6236fee97f34)
		b'[unknown]' (6236fee84a84)
		b'[unknown]' (6236f7dd36a6)
		b'[unknown]' (6236fcd8a808)
		b'[unknown]' (6236fcd8a37b)
		b'[unknown]' (6236f7d9cab7)
		b'[unknown]' (6236f7d862a3)
		b'[unknown]' (6236fcd735cc)
		b'[unknown]' (6236fcd735ec)
		b'[unknown]' (6236fcd73972)
		b'[unknown]' (6236fcd84c9e)
		b'[unknown]' (6236fcd83414)
		b'[unknown]' (6236fcd8163b)
		b'[unknown]' (6236fcd7f951)
		b'[unknown]' (6236fcd7cc48)
		b'[unknown]' (6236fcd78cdd)
		b'[unknown]' (6236fcd6d02c)
		b'[unknown]' (6236fcd65d21)
		b'[unknown]' (6236f8676266)
		b'[unknown]' (6236f8675bab)
		b'[unknown]' (6236f867537a)
		b'[unknown]' (6236f86750a2)
		b'[unknown]' (6236fa6284a3)
		b'[unknown]' (6236fa62c176)
		b'[unknown]' (6236fa3321c9)
		b'[unknown]' (6236fa33dd18)
		b'[unknown]' (6236fa33e46b)
		b'[unknown]' (6236fa33dd70)
		b'[unknown]' (6236fed9754e)
		b'[unknown]' (6236f7ee69ac)
		b'[unknown]' (6236f7ee9125)
		b'[unknown]' (6236f7eec3a0)
		b'[unknown]' (6236f7eed325)
		b'[unknown]' (6236f7eec7be)
		b'[unknown]' (6236f7eec86f)
		b'[unknown]' (6236f7ee8ad5)
		b'[unknown]' (6236f7ee8bc3)
		b'[unknown]' (6236f7ef1105)
		b'[unknown]' (6236f7ee7eb9)
		b'[unknown]' (6236f7ee7f5b)
		b'[unknown]' (6236f7ef3e5e)
		b'[unknown]' (6236f7ef49e5)
		b'[unknown]' (6236f7ef5066)
		b'[unknown]' (6236f7ef5df5)
		b'[unknown]' (6236f7ed7f38)
		b'[unknown]' (6236fea64b8d)
		b'[unknown]' (6236fea65171)
		b'[unknown]' (6236fea651e4)
		b'[unknown]' (6236fea65273)
		b'[unknown]' (6236fea652d7)
		b'[unknown]' (6236fea6581e)
		b'[unknown]' (6236fea65a0e)
		b'[unknown]' (6236fea65aad)
		b'[unknown]' (6236fea65b3b)
		b'[unknown]' (6236fea666ca)
		b'[unknown]' (6236fea6678b)
		b'[unknown]' (6236fea6797d)
		b'[unknown]' (6236f7d88dd2)
		b'[unknown]' (6236fea6b3d9)
		b'[unknown]' (6236fea6c3d5)
		b'[unknown]' (6236fea6b380)
		b'[unknown]' (6236fea6c529)
		b'[unknown]' (6236f7d88dd2)
		b'[unknown]' (6236fee6a91a)
		b'[unknown]' (6236fee67893)
		b'[unknown]' (6236fee6899a)
		b'[unknown]' (6236f8525afc)
		b'[unknown]' (6236fee6d592)
		b'[unknown]' (6236fee6e112)
		b'[unknown]' (6236f8525afc)
		b'[unknown]' (6236fee6d4db)
		b'[unknown]' (7c043a894ac3)

	Not found in mutex_ids. mutex (b'[unknown]') 504df9790428 ::: wait time 170448.99us ::: hold time 440471.77us ::: enter count 71305
		b'[unknown]' (6236f7d776a7)
		b'[unknown]' (6236f7d77cac)
		b'[unknown]' (6236f7d80eca)
		b'[unknown]' (6236feea0bc6)
		b'[unknown]' (6236fee9948d)
		b'[unknown]' (6236f7ed9668)
		b'[unknown]' (6236fee97473)
		b'[unknown]' (6236fee83d5f)
		b'[unknown]' (6236fee83aa6)
		b'[unknown]' (6236fee860ca)
		b'[unknown]' (6236fee85c86)
		b'[unknown]' (6236fee85a16)
		b'[unknown]' (6236fee84742)
		b'[unknown]' (6236fcd85cb0)
		b'[unknown]' (6236fcd85d84)
		b'[unknown]' (6236fcd83f03)
		b'[unknown]' (6236fcd82139)
		b'[unknown]' (6236fcd806c6)
		b'[unknown]' (6236fcd7dbbf)
		b'[unknown]' (6236fcd79bb3)
		b'[unknown]' (6236fcd76206)
		b'[unknown]' (6236fcd68821)
		b'[unknown]' (6236fcd66c41)
		b'[unknown]' (6236fcd666bd)
		b'[unknown]' (6236fa627325)
		b'[unknown]' (6236fa62808a)
		b'[unknown]' (6236fa62c176)
		b'[unknown]' (6236fa3321c9)
		b'[unknown]' (6236fa33dd18)
		b'[unknown]' (6236fa33e46b)
		b'[unknown]' (6236fa33dd70)
		b'[unknown]' (6236fed9754e)
		b'[unknown]' (6236f7ee69ac)
		b'[unknown]' (6236f7ee9125)
		b'[unknown]' (6236f7eec3a0)
		b'[unknown]' (6236f7eed325)
		b'[unknown]' (6236f7eec7be)
		b'[unknown]' (6236f7eec86f)
		b'[unknown]' (6236f7ee8ad5)
		b'[unknown]' (6236f7ee8bc3)
		b'[unknown]' (6236f7ef1105)
		b'[unknown]' (6236f7ee7eb9)
		b'[unknown]' (6236f7ee7f5b)
		b'[unknown]' (6236f7ef3e5e)
		b'[unknown]' (6236f7ef49e5)
		b'[unknown]' (6236f7ef5066)
		b'[unknown]' (6236f7ef5df5)
		b'[unknown]' (6236f7ed7f38)
		b'[unknown]' (6236fea64b8d)
		b'[unknown]' (6236fea65171)
		b'[unknown]' (6236fea651e4)
		b'[unknown]' (6236fea65273)
		b'[unknown]' (6236fea652d7)
		b'[unknown]' (6236fea6581e)
		b'[unknown]' (6236fea65a0e)
		b'[unknown]' (6236fea65aad)
		b'[unknown]' (6236fea65b3b)
		b'[unknown]' (6236fea666ca)
		b'[unknown]' (6236fea6678b)
		b'[unknown]' (6236fea6797d)
		b'[unknown]' (6236f7d88dd2)
		b'[unknown]' (6236fea6b3d9)
		b'[unknown]' (6236fea6c3d5)
		b'[unknown]' (6236fea6b380)
		b'[unknown]' (6236fea6c529)
		b'[unknown]' (6236f7d88dd2)
		b'[unknown]' (6236fee6a91a)
		b'[unknown]' (6236fee67893)
		b'[unknown]' (6236fee6899a)
		b'[unknown]' (6236f8525afc)
		b'[unknown]' (6236fee6d592)
		b'[unknown]' (6236fee6e112)
		b'[unknown]' (6236f8525afc)
		b'[unknown]' (6236fee6d4db)
		b'[unknown]' (7c043a894ac3)

	Not found in mutex_ids. mutex (b'[unknown]') 504df9790428 ::: wait time 170235.09us ::: hold time 442599.39us ::: enter count 71305
		b'[unknown]' (6236f7d776a7)
		b'[unknown]' (6236f7d77cac)
		b'[unknown]' (6236f7d80eca)
		b'[unknown]' (6236feea0bc6)
		b'[unknown]' (6236fee9a247)
		b'[unknown]' (6236fee977b7)
		b'[unknown]' (6236fee83d5f)
		b'[unknown]' (6236fee83aa6)
		b'[unknown]' (6236fee860ca)
		b'[unknown]' (6236fee85c86)
		b'[unknown]' (6236fee85a16)
		b'[unknown]' (6236fee84742)
		b'[unknown]' (6236fcd85cb0)
		b'[unknown]' (6236fcd85d84)
		b'[unknown]' (6236fcd83f03)
		b'[unknown]' (6236fcd82139)
		b'[unknown]' (6236fcd806c6)
		b'[unknown]' (6236fcd7dbbf)
		b'[unknown]' (6236fcd79bb3)
		b'[unknown]' (6236fcd76206)
		b'[unknown]' (6236fcd68821)
		b'[unknown]' (6236fcd66c41)
		b'[unknown]' (6236fcd666bd)
		b'[unknown]' (6236fa627325)
		b'[unknown]' (6236fa62808a)
		b'[unknown]' (6236fa62c176)
		b'[unknown]' (6236fa3321c9)
		b'[unknown]' (6236fa33dd18)
		b'[unknown]' (6236fa33e46b)
		b'[unknown]' (6236fa33dd70)
		b'[unknown]' (6236fed9754e)
		b'[unknown]' (6236f7ee69ac)
		b'[unknown]' (6236f7ee9125)
		b'[unknown]' (6236f7eec3a0)
		b'[unknown]' (6236f7eed325)
		b'[unknown]' (6236f7eec7be)
		b'[unknown]' (6236f7eec86f)
		b'[unknown]' (6236f7ee8ad5)
		b'[unknown]' (6236f7ee8bc3)
		b'[unknown]' (6236f7ef1105)
		b'[unknown]' (6236f7ee7eb9)
		b'[unknown]' (6236f7ee7f5b)
		b'[unknown]' (6236f7ef3e5e)
		b'[unknown]' (6236f7ef49e5)
		b'[unknown]' (6236f7ef5066)
		b'[unknown]' (6236f7ef5df5)
		b'[unknown]' (6236f7ed7f38)
		b'[unknown]' (6236fea64b8d)
		b'[unknown]' (6236fea65171)
		b'[unknown]' (6236fea651e4)
		b'[unknown]' (6236fea65273)
		b'[unknown]' (6236fea652d7)
		b'[unknown]' (6236fea6581e)
		b'[unknown]' (6236fea65a0e)
		b'[unknown]' (6236fea65aad)
		b'[unknown]' (6236fea65b3b)
		b'[unknown]' (6236fea666ca)
		b'[unknown]' (6236fea6678b)
		b'[unknown]' (6236fea6797d)
		b'[unknown]' (6236f7d88dd2)
		b'[unknown]' (6236fea6b3d9)
		b'[unknown]' (6236fea6c3d5)
		b'[unknown]' (6236fea6b380)
		b'[unknown]' (6236fea6c529)
		b'[unknown]' (6236f7d88dd2)
		b'[unknown]' (6236fee6a91a)
		b'[unknown]' (6236fee67893)
		b'[unknown]' (6236fee6899a)
		b'[unknown]' (6236f8525afc)
		b'[unknown]' (6236fee6d592)
		b'[unknown]' (6236fee6e112)
		b'[unknown]' (6236f8525afc)
		b'[unknown]' (6236fee6d4db)
		b'[unknown]' (7c043a894ac3)

	Not found in mutex_ids. mutex (b'[unknown]') 504df949b378 ::: wait time 170089.86us ::: hold time 343037.07us ::: enter count 71308
		b'[unknown]' (6236f7d776a7)
		b'[unknown]' (6236f7d77cac)
		b'[unknown]' (6236f7d9daa5)
		b'[unknown]' (6236f7d87c9d)
		b'[unknown]' (6236ff7c3107)
		b'[unknown]' (6236ff7c2bf9)
		b'[unknown]' (6236ff7c2c37)
		b'[unknown]' (6236ff7c1a8d)
		b'[unknown]' (6236fcfa52cc)
		b'[unknown]' (6236f7f0d3b2)
		b'[unknown]' (6236f7f08ce9)
		b'[unknown]' (6236f7f02bab)
		b'[unknown]' (6236f7eef9f2)
		b'[unknown]' (6236f7ee7eaa)
		b'[unknown]' (6236f7ee7f5b)
		b'[unknown]' (6236f7ef3e5e)
		b'[unknown]' (6236f7ef49e5)
		b'[unknown]' (6236f7ef5066)
		b'[unknown]' (6236f7ef5df5)
		b'[unknown]' (6236f7ed7f38)
		b'[unknown]' (6236fea64b8d)
		b'[unknown]' (6236fea65171)
		b'[unknown]' (6236fea651e4)
		b'[unknown]' (6236fea65273)
		b'[unknown]' (6236fea652d7)
		b'[unknown]' (6236fea6581e)
		b'[unknown]' (6236fea65a0e)
		b'[unknown]' (6236fea65aad)
		b'[unknown]' (6236fea65b3b)
		b'[unknown]' (6236fea666ca)
		b'[unknown]' (6236fea6678b)
		b'[unknown]' (6236fea6797d)
		b'[unknown]' (6236f7d88dd2)
		b'[unknown]' (6236fea6b3d9)
		b'[unknown]' (6236fea6c3d5)
		b'[unknown]' (6236fea6b380)
		b'[unknown]' (6236fea6c529)
		b'[unknown]' (6236f7d88dd2)
		b'[unknown]' (6236fee6a91a)
		b'[unknown]' (6236fee67893)
		b'[unknown]' (6236fee6899a)
		b'[unknown]' (6236f8525afc)
		b'[unknown]' (6236fee6d592)
		b'[unknown]' (6236fee6e112)
		b'[unknown]' (6236f8525afc)
		b'[unknown]' (6236fee6d4db)
		b'[unknown]' (7c043a894ac3)

	Not found in mutex_ids. mutex (b'[unknown]') 504df9790428 ::: wait time 169947.20us ::: hold time 297649.74us ::: enter count 71308
		b'[unknown]' (6236f7d776a7)
		b'[unknown]' (6236f7d77cac)
		b'[unknown]' (6236f7d80eca)
		b'[unknown]' (6236feea0bc6)
		b'[unknown]' (6236fee9948d)
		b'[unknown]' (6236f7ed9668)
		b'[unknown]' (6236f7ef4d97)
		b'[unknown]' (6236f7ef5ddc)
		b'[unknown]' (6236f7ed7f38)
		b'[unknown]' (6236fea64b8d)
		b'[unknown]' (6236fea65171)
		b'[unknown]' (6236fea651e4)
		b'[unknown]' (6236fea65273)
		b'[unknown]' (6236fea652d7)
		b'[unknown]' (6236fea6581e)
		b'[unknown]' (6236fea65a0e)
		b'[unknown]' (6236fea65aad)
		b'[unknown]' (6236fea65b3b)
		b'[unknown]' (6236fea666ca)
		b'[unknown]' (6236fea6678b)
		b'[unknown]' (6236fea6797d)
		b'[unknown]' (6236f7d88dd2)
		b'[unknown]' (6236fea6b3d9)
		b'[unknown]' (6236fea6c3d5)
		b'[unknown]' (6236fea6b380)
		b'[unknown]' (6236fea6c529)
		b'[unknown]' (6236f7d88dd2)
		b'[unknown]' (6236fee6a91a)
		b'[unknown]' (6236fee67893)
		b'[unknown]' (6236fee6899a)
		b'[unknown]' (6236f8525afc)
		b'[unknown]' (6236fee6d592)
		b'[unknown]' (6236fee6e112)
		b'[unknown]' (6236f8525afc)
		b'[unknown]' (6236fee6d4db)
		b'[unknown]' (7c043a894ac3)

	Not found in mutex_ids. mutex (b'[unknown]') 504df9790428 ::: wait time 169901.04us ::: hold time 452460.46us ::: enter count 71303
		b'[unknown]' (6236f7d776a7)
		b'[unknown]' (6236f7d77cac)
		b'[unknown]' (6236f7d80eca)
		b'[unknown]' (6236feea0bc6)
		b'[unknown]' (6236fee9b7d2)
		b'[unknown]' (6236fee97f34)
		b'[unknown]' (6236fee83f09)
		b'[unknown]' (6236f7e894d4)
		b'[unknown]' (6236f7e89385)
		b'[unknown]' (6236f7e892d8)
		b'[unknown]' (6236f7e89298)
		b'[unknown]' (6236fee84aa4)
		b'[unknown]' (6236f7dd36a6)
		b'[unknown]' (6236fcd8a808)
		b'[unknown]' (6236fcd8a37b)
		b'[unknown]' (6236f7d9cab7)
		b'[unknown]' (6236f7d862a3)
		b'[unknown]' (6236fcd735cc)
		b'[unknown]' (6236fcd735ec)
		b'[unknown]' (6236fcd73972)
		b'[unknown]' (6236fcd84c9e)
		b'[unknown]' (6236fcd83414)
		b'[unknown]' (6236fcd8163b)
		b'[unknown]' (6236fcd7f951)
		b'[unknown]' (6236fcd7cc48)
		b'[unknown]' (6236fcd78cdd)
		b'[unknown]' (6236fcd6d02c)
		b'[unknown]' (6236fcd65d21)
		b'[unknown]' (6236f8676266)
		b'[unknown]' (6236f8675bab)
		b'[unknown]' (6236f867537a)
		b'[unknown]' (6236f86750a2)
		b'[unknown]' (6236fa6284a3)
		b'[unknown]' (6236fa62c176)
		b'[unknown]' (6236fa3321c9)
		b'[unknown]' (6236fa33dd18)
		b'[unknown]' (6236fa33e46b)
		b'[unknown]' (6236fa33dd70)
		b'[unknown]' (6236fed9754e)
		b'[unknown]' (6236f7ee69ac)
		b'[unknown]' (6236f7ee9125)
		b'[unknown]' (6236f7eec3a0)
		b'[unknown]' (6236f7eed325)
		b'[unknown]' (6236f7eec7be)
		b'[unknown]' (6236f7eec86f)
		b'[unknown]' (6236f7ee8ad5)
		b'[unknown]' (6236f7ee8bc3)
		b'[unknown]' (6236f7ef1105)
		b'[unknown]' (6236f7ee7eb9)
		b'[unknown]' (6236f7ee7f5b)
		b'[unknown]' (6236f7ef3e5e)
		b'[unknown]' (6236f7ef49e5)
		b'[unknown]' (6236f7ef5066)
		b'[unknown]' (6236f7ef5df5)
		b'[unknown]' (6236f7ed7f38)
		b'[unknown]' (6236fea64b8d)
		b'[unknown]' (6236fea65171)
		b'[unknown]' (6236fea651e4)
		b'[unknown]' (6236fea65273)
		b'[unknown]' (6236fea652d7)
		b'[unknown]' (6236fea6581e)
		b'[unknown]' (6236fea65a0e)
		b'[unknown]' (6236fea65aad)
		b'[unknown]' (6236fea65b3b)
		b'[unknown]' (6236fea666ca)
		b'[unknown]' (6236fea6678b)
		b'[unknown]' (6236fea6797d)
		b'[unknown]' (6236f7d88dd2)
		b'[unknown]' (6236fea6b3d9)
		b'[unknown]' (6236fea6c3d5)
		b'[unknown]' (6236fea6b380)
		b'[unknown]' (6236fea6c529)
		b'[unknown]' (6236f7d88dd2)
		b'[unknown]' (6236fee6a91a)
		b'[unknown]' (6236fee67893)
		b'[unknown]' (6236fee6899a)
		b'[unknown]' (6236f8525afc)
		b'[unknown]' (6236fee6d592)
		b'[unknown]' (6236fee6e112)
		b'[unknown]' (6236f8525afc)
		b'[unknown]' (6236fee6d4db)
		b'[unknown]' (7c043a894ac3)

	Not found in mutex_ids. mutex (b'[unknown]') 504df9790428 ::: wait time 169892.42us ::: hold time 388038.34us ::: enter count 71304
		b'[unknown]' (6236f7d776a7)
		b'[unknown]' (6236f7d77cac)
		b'[unknown]' (6236f7d80eca)
		b'[unknown]' (6236feea0bc6)
		b'[unknown]' (6236fee9948d)
		b'[unknown]' (6236fee9970e)
		b'[unknown]' (6236fce80b65)
		b'[unknown]' (6236fce83735)
		b'[unknown]' (6236fa6263f8)
		b'[unknown]' (6236fa627794)
		b'[unknown]' (6236fa627a6a)
		b'[unknown]' (6236fa628429)
		b'[unknown]' (6236fa62c176)
		b'[unknown]' (6236fa3321c9)
		b'[unknown]' (6236fa33dd18)
		b'[unknown]' (6236fa33e46b)
		b'[unknown]' (6236fa33dd70)
		b'[unknown]' (6236fed9754e)
		b'[unknown]' (6236f7ee69ac)
		b'[unknown]' (6236f7ee9125)
		b'[unknown]' (6236f7eec3a0)
		b'[unknown]' (6236f7eed325)
		b'[unknown]' (6236f7eec7be)
		b'[unknown]' (6236f7eec86f)
		b'[unknown]' (6236f7ee8ad5)
		b'[unknown]' (6236f7ee8bc3)
		b'[unknown]' (6236f7ef1105)
		b'[unknown]' (6236f7ee7eb9)
		b'[unknown]' (6236f7ee7f5b)
		b'[unknown]' (6236f7ef3e5e)
		b'[unknown]' (6236f7ef49e5)
		b'[unknown]' (6236f7ef5066)
		b'[unknown]' (6236f7ef5df5)
		b'[unknown]' (6236f7ed7f38)
		b'[unknown]' (6236fea64b8d)
		b'[unknown]' (6236fea65171)
		b'[unknown]' (6236fea651e4)
		b'[unknown]' (6236fea65273)
		b'[unknown]' (6236fea652d7)
		b'[unknown]' (6236fea6581e)
		b'[unknown]' (6236fea65a0e)
		b'[unknown]' (6236fea65aad)
		b'[unknown]' (6236fea65b3b)
		b'[unknown]' (6236fea666ca)
		b'[unknown]' (6236fea6678b)
		b'[unknown]' (6236fea6797d)
		b'[unknown]' (6236f7d88dd2)
		b'[unknown]' (6236fea6b3d9)
		b'[unknown]' (6236fea6c3d5)
		b'[unknown]' (6236fea6b380)
		b'[unknown]' (6236fea6c529)
		b'[unknown]' (6236f7d88dd2)
		b'[unknown]' (6236fee6a91a)
		b'[unknown]' (6236fee67893)
		b'[unknown]' (6236fee6899a)
		b'[unknown]' (6236f8525afc)
		b'[unknown]' (6236fee6d592)
		b'[unknown]' (6236fee6e112)
		b'[unknown]' (6236f8525afc)
		b'[unknown]' (6236fee6d4db)
		b'[unknown]' (7c043a894ac3)

	Not found in mutex_ids. mutex (b'[unknown]') 504df9790428 ::: wait time 169748.59us ::: hold time 407015.50us ::: enter count 71305
		b'[unknown]' (6236f7d776a7)
		b'[unknown]' (6236f7d77cac)
		b'[unknown]' (6236f7d80eca)
		b'[unknown]' (6236feea0bc6)
		b'[unknown]' (6236fee98135)
		b'[unknown]' (6236fee9a10d)
		b'[unknown]' (6236fee97c33)
		b'[unknown]' (6236fee848e8)
		b'[unknown]' (6236fcd85cb0)
		b'[unknown]' (6236fcd85d84)
		b'[unknown]' (6236fcd83f03)
		b'[unknown]' (6236fcd82139)
		b'[unknown]' (6236fcd806c6)
		b'[unknown]' (6236fcd7dbbf)
		b'[unknown]' (6236fcd79bb3)
		b'[unknown]' (6236fcd76206)
		b'[unknown]' (6236fcd68821)
		b'[unknown]' (6236fcd66c41)
		b'[unknown]' (6236fcd666bd)
		b'[unknown]' (6236fa627325)
		b'[unknown]' (6236fa62808a)
		b'[unknown]' (6236fa62c176)
		b'[unknown]' (6236fa3321c9)
		b'[unknown]' (6236fa33dd18)
		b'[unknown]' (6236fa33e46b)
		b'[unknown]' (6236fa33dd70)
		b'[unknown]' (6236fed9754e)
		b'[unknown]' (6236f7ee69ac)
		b'[unknown]' (6236f7ee9125)
		b'[unknown]' (6236f7eec3a0)
		b'[unknown]' (6236f7eed325)
		b'[unknown]' (6236f7eec7be)
		b'[unknown]' (6236f7eec86f)
		b'[unknown]' (6236f7ee8ad5)
		b'[unknown]' (6236f7ee8bc3)
		b'[unknown]' (6236f7ef1105)
		b'[unknown]' (6236f7ee7eb9)
		b'[unknown]' (6236f7ee7f5b)
		b'[unknown]' (6236f7ef3e5e)
		b'[unknown]' (6236f7ef49e5)
		b'[unknown]' (6236f7ef5066)
		b'[unknown]' (6236f7ef5df5)
		b'[unknown]' (6236f7ed7f38)
		b'[unknown]' (6236fea64b8d)
		b'[unknown]' (6236fea65171)
		b'[unknown]' (6236fea651e4)
		b'[unknown]' (6236fea65273)
		b'[unknown]' (6236fea652d7)
		b'[unknown]' (6236fea6581e)
		b'[unknown]' (6236fea65a0e)
		b'[unknown]' (6236fea65aad)
		b'[unknown]' (6236fea65b3b)
		b'[unknown]' (6236fea666ca)
		b'[unknown]' (6236fea6678b)
		b'[unknown]' (6236fea6797d)
		b'[unknown]' (6236f7d88dd2)
		b'[unknown]' (6236fea6b3d9)
		b'[unknown]' (6236fea6c3d5)
		b'[unknown]' (6236fea6b380)
		b'[unknown]' (6236fea6c529)
		b'[unknown]' (6236f7d88dd2)
		b'[unknown]' (6236fee6a91a)
		b'[unknown]' (6236fee67893)
		b'[unknown]' (6236fee6899a)
		b'[unknown]' (6236f8525afc)
		b'[unknown]' (6236fee6d592)
		b'[unknown]' (6236fee6e112)
		b'[unknown]' (6236f8525afc)
		b'[unknown]' (6236fee6d4db)
		b'[unknown]' (7c043a894ac3)

	Not found in mutex_ids. mutex (b'[unknown]') 504df9790428 ::: wait time 169677.89us ::: hold time 318883.09us ::: enter count 71308
		b'[unknown]' (6236f7d776a7)
		b'[unknown]' (6236f7d77cac)
		b'[unknown]' (6236f7d80eca)
		b'[unknown]' (6236feea0bc6)
		b'[unknown]' (6236fee9948d)
		b'[unknown]' (6236f7ed9668)
		b'[unknown]' (6236f858d67b)
		b'[unknown]' (6236fcf13f1f)
		b'[unknown]' (6236f7ef4d83)
		b'[unknown]' (6236f7ef5ddc)
		b'[unknown]' (6236f7ed7f38)
		b'[unknown]' (6236fea64b8d)
		b'[unknown]' (6236fea65171)
		b'[unknown]' (6236fea651e4)
		b'[unknown]' (6236fea65273)
		b'[unknown]' (6236fea652d7)
		b'[unknown]' (6236fea6581e)
		b'[unknown]' (6236fea65a0e)
		b'[unknown]' (6236fea65aad)
		b'[unknown]' (6236fea65b3b)
		b'[unknown]' (6236fea666ca)
		b'[unknown]' (6236fea6678b)
		b'[unknown]' (6236fea6797d)
		b'[unknown]' (6236f7d88dd2)
		b'[unknown]' (6236fea6b3d9)
		b'[unknown]' (6236fea6c3d5)
		b'[unknown]' (6236fea6b380)
		b'[unknown]' (6236fea6c529)
		b'[unknown]' (6236f7d88dd2)
		b'[unknown]' (6236fee6a91a)
		b'[unknown]' (6236fee67893)
		b'[unknown]' (6236fee6899a)
		b'[unknown]' (6236f8525afc)
		b'[unknown]' (6236fee6d592)
		b'[unknown]' (6236fee6e112)
		b'[unknown]' (6236f8525afc)
		b'[unknown]' (6236fee6d4db)
		b'[unknown]' (7c043a894ac3)

	Not found in mutex_ids. mutex (b'[unknown]') 504df9790428 ::: wait time 169677.52us ::: hold time 406011.97us ::: enter count 71305
		b'[unknown]' (6236f7d776a7)
		b'[unknown]' (6236f7d77cac)
		b'[unknown]' (6236f7d80eca)
		b'[unknown]' (6236feea0bc6)
		b'[unknown]' (6236fee9948d)
		b'[unknown]' (6236feea0838)
		b'[unknown]' (6236fee9ba64)
		b'[unknown]' (6236fee9956f)
		b'[unknown]' (6236fee84b8b)
		b'[unknown]' (6236fcd7dc8e)
		b'[unknown]' (6236fcd79c33)
		b'[unknown]' (6236fcd762bd)
		b'[unknown]' (6236fcd6897e)
		b'[unknown]' (6236fcd66c41)
		b'[unknown]' (6236fcd666bd)
		b'[unknown]' (6236fa627325)
		b'[unknown]' (6236fa62808a)
		b'[unknown]' (6236fa62c176)
		b'[unknown]' (6236fa3321c9)
		b'[unknown]' (6236fa33dd18)
		b'[unknown]' (6236fa33e46b)
		b'[unknown]' (6236fa33dd70)
		b'[unknown]' (6236fed9754e)
		b'[unknown]' (6236f7ee69ac)
		b'[unknown]' (6236f7ee9125)
		b'[unknown]' (6236f7eec3a0)
		b'[unknown]' (6236f7eed325)
		b'[unknown]' (6236f7eec7be)
		b'[unknown]' (6236f7eec86f)
		b'[unknown]' (6236f7ee8ad5)
		b'[unknown]' (6236f7ee8bc3)
		b'[unknown]' (6236f7ef1105)
		b'[unknown]' (6236f7ee7eb9)
		b'[unknown]' (6236f7ee7f5b)
		b'[unknown]' (6236f7ef3e5e)
		b'[unknown]' (6236f7ef49e5)
		b'[unknown]' (6236f7ef5066)
		b'[unknown]' (6236f7ef5df5)
		b'[unknown]' (6236f7ed7f38)
		b'[unknown]' (6236fea64b8d)
		b'[unknown]' (6236fea65171)
		b'[unknown]' (6236fea651e4)
		b'[unknown]' (6236fea65273)
		b'[unknown]' (6236fea652d7)
		b'[unknown]' (6236fea6581e)
		b'[unknown]' (6236fea65a0e)
		b'[unknown]' (6236fea65aad)
		b'[unknown]' (6236fea65b3b)
		b'[unknown]' (6236fea666ca)
		b'[unknown]' (6236fea6678b)
		b'[unknown]' (6236fea6797d)
		b'[unknown]' (6236f7d88dd2)
		b'[unknown]' (6236fea6b3d9)
		b'[unknown]' (6236fea6c3d5)
		b'[unknown]' (6236fea6b380)
		b'[unknown]' (6236fea6c529)
		b'[unknown]' (6236f7d88dd2)
		b'[unknown]' (6236fee6a91a)
		b'[unknown]' (6236fee67893)
		b'[unknown]' (6236fee6899a)
		b'[unknown]' (6236f8525afc)
		b'[unknown]' (6236fee6d592)
		b'[unknown]' (6236fee6e112)
		b'[unknown]' (6236f8525afc)
		b'[unknown]' (6236fee6d4db)
		b'[unknown]' (7c043a894ac3)

	Not found in mutex_ids. mutex (b'[unknown]') 504df9790428 ::: wait time 169533.97us ::: hold time 390468.38us ::: enter count 71304
		b'[unknown]' (6236f7d776a7)
		b'[unknown]' (6236f7d77cac)
		b'[unknown]' (6236f7d80eca)
		b'[unknown]' (6236feea0bc6)
		b'[unknown]' (6236fee9948d)
		b'[unknown]' (6236f7efb57c)
		b'[unknown]' (6236fee99786)
		b'[unknown]' (6236fce80b65)
		b'[unknown]' (6236fce83735)
		b'[unknown]' (6236fa6263f8)
		b'[unknown]' (6236fa627794)
		b'[unknown]' (6236fa627a6a)
		b'[unknown]' (6236fa628429)
		b'[unknown]' (6236fa62c176)
		b'[unknown]' (6236fa3321c9)
		b'[unknown]' (6236fa33dd18)
		b'[unknown]' (6236fa33e46b)
		b'[unknown]' (6236fa33dd70)
		b'[unknown]' (6236fed9754e)
		b'[unknown]' (6236f7ee69ac)
		b'[unknown]' (6236f7ee9125)
		b'[unknown]' (6236f7eec3a0)
		b'[unknown]' (6236f7eed325)
		b'[unknown]' (6236f7eec7be)
		b'[unknown]' (6236f7eec86f)
		b'[unknown]' (6236f7ee8ad5)
		b'[unknown]' (6236f7ee8bc3)
		b'[unknown]' (6236f7ef1105)
		b'[unknown]' (6236f7ee7eb9)
		b'[unknown]' (6236f7ee7f5b)
		b'[unknown]' (6236f7ef3e5e)
		b'[unknown]' (6236f7ef49e5)
		b'[unknown]' (6236f7ef5066)
		b'[unknown]' (6236f7ef5df5)
		b'[unknown]' (6236f7ed7f38)
		b'[unknown]' (6236fea64b8d)
		b'[unknown]' (6236fea65171)
		b'[unknown]' (6236fea651e4)
		b'[unknown]' (6236fea65273)
		b'[unknown]' (6236fea652d7)
		b'[unknown]' (6236fea6581e)
		b'[unknown]' (6236fea65a0e)
		b'[unknown]' (6236fea65aad)
		b'[unknown]' (6236fea65b3b)
		b'[unknown]' (6236fea666ca)
		b'[unknown]' (6236fea6678b)
		b'[unknown]' (6236fea6797d)
		b'[unknown]' (6236f7d88dd2)
		b'[unknown]' (6236fea6b3d9)
		b'[unknown]' (6236fea6c3d5)
		b'[unknown]' (6236fea6b380)
		b'[unknown]' (6236fea6c529)
		b'[unknown]' (6236f7d88dd2)
		b'[unknown]' (6236fee6a91a)
		b'[unknown]' (6236fee67893)
		b'[unknown]' (6236fee6899a)
		b'[unknown]' (6236f8525afc)
		b'[unknown]' (6236fee6d592)
		b'[unknown]' (6236fee6e112)
		b'[unknown]' (6236f8525afc)
		b'[unknown]' (6236fee6d4db)
		b'[unknown]' (7c043a894ac3)

	Not found in mutex_ids. mutex (b'[unknown]') 504dff917170 ::: wait time 169384.80us ::: hold time 325540.56us ::: enter count 71308
		b'[unknown]' (6236f7d776a7)
		b'[unknown]' (6236f7d77cac)
		b'[unknown]' (6236f7d80eca)
		b'[unknown]' (6236f7d80f70)
		b'[unknown]' (6236f7d8c638)
		b'[unknown]' (6236f7ef0920)
		b'[unknown]' (6236f7ee7eaa)
		b'[unknown]' (6236f7ee7f5b)
		b'[unknown]' (6236f7ef3e5e)
		b'[unknown]' (6236f7ef49e5)
		b'[unknown]' (6236f7ef5066)
		b'[unknown]' (6236f7ef5df5)
		b'[unknown]' (6236f7ed7f38)
		b'[unknown]' (6236fea64b8d)
		b'[unknown]' (6236fea65171)
		b'[unknown]' (6236fea651e4)
		b'[unknown]' (6236fea65273)
		b'[unknown]' (6236fea652d7)
		b'[unknown]' (6236fea6581e)
		b'[unknown]' (6236fea65a0e)
		b'[unknown]' (6236fea65aad)
		b'[unknown]' (6236fea65b3b)
		b'[unknown]' (6236fea666ca)
		b'[unknown]' (6236fea6678b)
		b'[unknown]' (6236fea6797d)
		b'[unknown]' (6236f7d88dd2)
		b'[unknown]' (6236fea6b3d9)
		b'[unknown]' (6236fea6c3d5)
		b'[unknown]' (6236fea6b380)
		b'[unknown]' (6236fea6c529)
		b'[unknown]' (6236f7d88dd2)
		b'[unknown]' (6236fee6a91a)
		b'[unknown]' (6236fee67893)
		b'[unknown]' (6236fee6899a)
		b'[unknown]' (6236f8525afc)
		b'[unknown]' (6236fee6d592)
		b'[unknown]' (6236fee6e112)
		b'[unknown]' (6236f8525afc)
		b'[unknown]' (6236fee6d4db)
		b'[unknown]' (7c043a894ac3)

	Not found in mutex_ids. mutex (b'[unknown]') 504df9790428 ::: wait time 169370.17us ::: hold time 395477.77us ::: enter count 71304
		b'[unknown]' (6236f7d776a7)
		b'[unknown]' (6236f7d77cac)
		b'[unknown]' (6236f7d80eca)
		b'[unknown]' (6236feea0bc6)
		b'[unknown]' (6236fee9948d)
		b'[unknown]' (6236feea0838)
		b'[unknown]' (6236fee9ba64)
		b'[unknown]' (6236fee996a4)
		b'[unknown]' (6236fce80b65)
		b'[unknown]' (6236fce83735)
		b'[unknown]' (6236fa6263f8)
		b'[unknown]' (6236fa627794)
		b'[unknown]' (6236fa627a6a)
		b'[unknown]' (6236fa628429)
		b'[unknown]' (6236fa62c176)
		b'[unknown]' (6236fa3321c9)
		b'[unknown]' (6236fa33dd18)
		b'[unknown]' (6236fa33e46b)
		b'[unknown]' (6236fa33dd70)
		b'[unknown]' (6236fed9754e)
		b'[unknown]' (6236f7ee69ac)
		b'[unknown]' (6236f7ee9125)
		b'[unknown]' (6236f7eec3a0)
		b'[unknown]' (6236f7eed325)
		b'[unknown]' (6236f7eec7be)
		b'[unknown]' (6236f7eec86f)
		b'[unknown]' (6236f7ee8ad5)
		b'[unknown]' (6236f7ee8bc3)
		b'[unknown]' (6236f7ef1105)
		b'[unknown]' (6236f7ee7eb9)
		b'[unknown]' (6236f7ee7f5b)
		b'[unknown]' (6236f7ef3e5e)
		b'[unknown]' (6236f7ef49e5)
		b'[unknown]' (6236f7ef5066)
		b'[unknown]' (6236f7ef5df5)
		b'[unknown]' (6236f7ed7f38)
		b'[unknown]' (6236fea64b8d)
		b'[unknown]' (6236fea65171)
		b'[unknown]' (6236fea651e4)
		b'[unknown]' (6236fea65273)
		b'[unknown]' (6236fea652d7)
		b'[unknown]' (6236fea6581e)
		b'[unknown]' (6236fea65a0e)
		b'[unknown]' (6236fea65aad)
		b'[unknown]' (6236fea65b3b)
		b'[unknown]' (6236fea666ca)
		b'[unknown]' (6236fea6678b)
		b'[unknown]' (6236fea6797d)
		b'[unknown]' (6236f7d88dd2)
		b'[unknown]' (6236fea6b3d9)
		b'[unknown]' (6236fea6c3d5)
		b'[unknown]' (6236fea6b380)
		b'[unknown]' (6236fea6c529)
		b'[unknown]' (6236f7d88dd2)
		b'[unknown]' (6236fee6a91a)
		b'[unknown]' (6236fee67893)
		b'[unknown]' (6236fee6899a)
		b'[unknown]' (6236f8525afc)
		b'[unknown]' (6236fee6d592)
		b'[unknown]' (6236fee6e112)
		b'[unknown]' (6236f8525afc)
		b'[unknown]' (6236fee6d4db)
		b'[unknown]' (7c043a894ac3)

	Not found in mutex_ids. mutex (b'[unknown]') 504dff917170 ::: wait time 169176.68us ::: hold time 274910.98us ::: enter count 71308
		b'[unknown]' (6236f7d776a7)
		b'[unknown]' (6236f7d77cac)
		b'[unknown]' (6236f7d80eca)
		b'[unknown]' (6236f7d80f70)
		b'[unknown]' (6236f7d8c638)
		b'[unknown]' (6236ff9f8747)
		b'[unknown]' (6236ff9f80a6)
		b'[unknown]' (6236f7d8c4f8)
		b'[unknown]' (6236fea6dc9a)
		b'[unknown]' (6236fea6dcd4)
		b'[unknown]' (6236fea6ed4e)
		b'[unknown]' (6236fea6f7b5)
		b'[unknown]' (6236fea6d573)
		b'[unknown]' (6236fea667c6)
		b'[unknown]' (6236fea6797d)
		b'[unknown]' (6236f7d88dd2)
		b'[unknown]' (6236fea6b3d9)
		b'[unknown]' (6236fea6c3d5)
		b'[unknown]' (6236fea6b380)
		b'[unknown]' (6236fea6c529)
		b'[unknown]' (6236f7d88dd2)
		b'[unknown]' (6236fee6a91a)
		b'[unknown]' (6236fee67893)
		b'[unknown]' (6236fee6899a)
		b'[unknown]' (6236f8525afc)
		b'[unknown]' (6236fee6d592)
		b'[unknown]' (6236fee6e112)
		b'[unknown]' (6236f8525afc)
		b'[unknown]' (6236fee6d4db)
		b'[unknown]' (7c043a894ac3)

	Not found in mutex_ids. mutex (b'[unknown]') 504df9790428 ::: wait time 169107.34us ::: hold time 423004.11us ::: enter count 71305
		b'[unknown]' (6236f7d776a7)
		b'[unknown]' (6236f7d77cac)
		b'[unknown]' (6236f7d80eca)
		b'[unknown]' (6236feea0bc6)
		b'[unknown]' (6236fee98135)
		b'[unknown]' (6236fee9a10d)
		b'[unknown]' (6236fee97c33)
		b'[unknown]' (6236fee83d1b)
		b'[unknown]' (6236fee83aa6)
		b'[unknown]' (6236fee860ca)
		b'[unknown]' (6236fee85c86)
		b'[unknown]' (6236fee85a16)
		b'[unknown]' (6236fee84742)
		b'[unknown]' (6236fcd85cb0)
		b'[unknown]' (6236fcd85d84)
		b'[unknown]' (6236fcd83f03)
		b'[unknown]' (6236fcd82139)
		b'[unknown]' (6236fcd806c6)
		b'[unknown]' (6236fcd7dbbf)
		b'[unknown]' (6236fcd79bb3)
		b'[unknown]' (6236fcd76206)
		b'[unknown]' (6236fcd68821)
		b'[unknown]' (6236fcd66c41)
		b'[unknown]' (6236fcd666bd)
		b'[unknown]' (6236fa627325)
		b'[unknown]' (6236fa62808a)
		b'[unknown]' (6236fa62c176)
		b'[unknown]' (6236fa3321c9)
		b'[unknown]' (6236fa33dd18)
		b'[unknown]' (6236fa33e46b)
		b'[unknown]' (6236fa33dd70)
		b'[unknown]' (6236fed9754e)
		b'[unknown]' (6236f7ee69ac)
		b'[unknown]' (6236f7ee9125)
		b'[unknown]' (6236f7eec3a0)
		b'[unknown]' (6236f7eed325)
		b'[unknown]' (6236f7eec7be)
		b'[unknown]' (6236f7eec86f)
		b'[unknown]' (6236f7ee8ad5)
		b'[unknown]' (6236f7ee8bc3)
		b'[unknown]' (6236f7ef1105)
		b'[unknown]' (6236f7ee7eb9)
		b'[unknown]' (6236f7ee7f5b)
		b'[unknown]' (6236f7ef3e5e)
		b'[unknown]' (6236f7ef49e5)
		b'[unknown]' (6236f7ef5066)
		b'[unknown]' (6236f7ef5df5)
		b'[unknown]' (6236f7ed7f38)
		b'[unknown]' (6236fea64b8d)
		b'[unknown]' (6236fea65171)
		b'[unknown]' (6236fea651e4)
		b'[unknown]' (6236fea65273)
		b'[unknown]' (6236fea652d7)
		b'[unknown]' (6236fea6581e)
		b'[unknown]' (6236fea65a0e)
		b'[unknown]' (6236fea65aad)
		b'[unknown]' (6236fea65b3b)
		b'[unknown]' (6236fea666ca)
		b'[unknown]' (6236fea6678b)
		b'[unknown]' (6236fea6797d)
		b'[unknown]' (6236f7d88dd2)
		b'[unknown]' (6236fea6b3d9)
		b'[unknown]' (6236fea6c3d5)
		b'[unknown]' (6236fea6b380)
		b'[unknown]' (6236fea6c529)
		b'[unknown]' (6236f7d88dd2)
		b'[unknown]' (6236fee6a91a)
		b'[unknown]' (6236fee67893)
		b'[unknown]' (6236fee6899a)
		b'[unknown]' (6236f8525afc)
		b'[unknown]' (6236fee6d592)
		b'[unknown]' (6236fee6e112)
		b'[unknown]' (6236f8525afc)
		b'[unknown]' (6236fee6d4db)
		b'[unknown]' (7c043a894ac3)

	Not found in mutex_ids. mutex (b'[unknown]') 504df9790428 ::: wait time 168749.00us ::: hold time 390420.99us ::: enter count 71304
		b'[unknown]' (6236f7d776a7)
		b'[unknown]' (6236f7d77cac)
		b'[unknown]' (6236f7d80eca)
		b'[unknown]' (6236feea0bc6)
		b'[unknown]' (6236fee9948d)
		b'[unknown]' (6236feea0838)
		b'[unknown]' (6236fee9ba64)
		b'[unknown]' (6236fee996a4)
		b'[unknown]' (6236fd13fb00)
		b'[unknown]' (6236fb827246)
		b'[unknown]' (6236fa62748a)
		b'[unknown]' (6236fa62808a)
		b'[unknown]' (6236fa62c176)
		b'[unknown]' (6236fa3321c9)
		b'[unknown]' (6236fa33dd18)
		b'[unknown]' (6236fa33e46b)
		b'[unknown]' (6236fa33dd70)
		b'[unknown]' (6236fed9754e)
		b'[unknown]' (6236f7ee69ac)
		b'[unknown]' (6236f7ee9125)
		b'[unknown]' (6236f7eec3a0)
		b'[unknown]' (6236f7eed325)
		b'[unknown]' (6236f7eec7be)
		b'[unknown]' (6236f7eec86f)
		b'[unknown]' (6236f7ee8ad5)
		b'[unknown]' (6236f7ee8bc3)
		b'[unknown]' (6236f7ef1105)
		b'[unknown]' (6236f7ee7eb9)
		b'[unknown]' (6236f7ee7f5b)
		b'[unknown]' (6236f7ef3e5e)
		b'[unknown]' (6236f7ef49e5)
		b'[unknown]' (6236f7ef5066)
		b'[unknown]' (6236f7ef5df5)
		b'[unknown]' (6236f7ed7f38)
		b'[unknown]' (6236fea64b8d)
		b'[unknown]' (6236fea65171)
		b'[unknown]' (6236fea651e4)
		b'[unknown]' (6236fea65273)
		b'[unknown]' (6236fea652d7)
		b'[unknown]' (6236fea6581e)
		b'[unknown]' (6236fea65a0e)
		b'[unknown]' (6236fea65aad)
		b'[unknown]' (6236fea65b3b)
		b'[unknown]' (6236fea666ca)
		b'[unknown]' (6236fea6678b)
		b'[unknown]' (6236fea6797d)
		b'[unknown]' (6236f7d88dd2)
		b'[unknown]' (6236fea6b3d9)
		b'[unknown]' (6236fea6c3d5)
		b'[unknown]' (6236fea6b380)
		b'[unknown]' (6236fea6c529)
		b'[unknown]' (6236f7d88dd2)
		b'[unknown]' (6236fee6a91a)
		b'[unknown]' (6236fee67893)
		b'[unknown]' (6236fee6899a)
		b'[unknown]' (6236f8525afc)
		b'[unknown]' (6236fee6d592)
		b'[unknown]' (6236fee6e112)
		b'[unknown]' (6236f8525afc)
		b'[unknown]' (6236fee6d4db)
		b'[unknown]' (7c043a894ac3)

	Not found in mutex_ids. mutex (b'[unknown]') 504df9790428 ::: wait time 168646.81us ::: hold time 397418.65us ::: enter count 71305
		b'[unknown]' (6236f7d776a7)
		b'[unknown]' (6236f7d77cac)
		b'[unknown]' (6236f7d80eca)
		b'[unknown]' (6236feea0bc6)
		b'[unknown]' (6236fee9948d)
		b'[unknown]' (6236f7efb57c)
		b'[unknown]' (6236fee995d1)
		b'[unknown]' (6236fee84b8b)
		b'[unknown]' (6236fcd7dc8e)
		b'[unknown]' (6236fcd79c33)
		b'[unknown]' (6236fcd762bd)
		b'[unknown]' (6236fcd6897e)
		b'[unknown]' (6236fcd66c41)
		b'[unknown]' (6236fcd666bd)
		b'[unknown]' (6236fa627325)
		b'[unknown]' (6236fa62808a)
		b'[unknown]' (6236fa62c176)
		b'[unknown]' (6236fa3321c9)
		b'[unknown]' (6236fa33dd18)
		b'[unknown]' (6236fa33e46b)
		b'[unknown]' (6236fa33dd70)
		b'[unknown]' (6236fed9754e)
		b'[unknown]' (6236f7ee69ac)
		b'[unknown]' (6236f7ee9125)
		b'[unknown]' (6236f7eec3a0)
		b'[unknown]' (6236f7eed325)
		b'[unknown]' (6236f7eec7be)
		b'[unknown]' (6236f7eec86f)
		b'[unknown]' (6236f7ee8ad5)
		b'[unknown]' (6236f7ee8bc3)
		b'[unknown]' (6236f7ef1105)
		b'[unknown]' (6236f7ee7eb9)
		b'[unknown]' (6236f7ee7f5b)
		b'[unknown]' (6236f7ef3e5e)
		b'[unknown]' (6236f7ef49e5)
		b'[unknown]' (6236f7ef5066)
		b'[unknown]' (6236f7ef5df5)
		b'[unknown]' (6236f7ed7f38)
		b'[unknown]' (6236fea64b8d)
		b'[unknown]' (6236fea65171)
		b'[unknown]' (6236fea651e4)
		b'[unknown]' (6236fea65273)
		b'[unknown]' (6236fea652d7)
		b'[unknown]' (6236fea6581e)
		b'[unknown]' (6236fea65a0e)
		b'[unknown]' (6236fea65aad)
		b'[unknown]' (6236fea65b3b)
		b'[unknown]' (6236fea666ca)
		b'[unknown]' (6236fea6678b)
		b'[unknown]' (6236fea6797d)
		b'[unknown]' (6236f7d88dd2)
		b'[unknown]' (6236fea6b3d9)
		b'[unknown]' (6236fea6c3d5)
		b'[unknown]' (6236fea6b380)
		b'[unknown]' (6236fea6c529)
		b'[unknown]' (6236f7d88dd2)
		b'[unknown]' (6236fee6a91a)
		b'[unknown]' (6236fee67893)
		b'[unknown]' (6236fee6899a)
		b'[unknown]' (6236f8525afc)
		b'[unknown]' (6236fee6d592)
		b'[unknown]' (6236fee6e112)
		b'[unknown]' (6236f8525afc)
		b'[unknown]' (6236fee6d4db)
		b'[unknown]' (7c043a894ac3)

	Not found in mutex_ids. mutex (b'[unknown]') 504dff95e048 ::: wait time 168361.51us ::: hold time 358910.57us ::: enter count 71308
		b'[unknown]' (6236f7d776a7)
		b'[unknown]' (6236f7d77cac)
		b'[unknown]' (6236f7d9daa5)
		b'[unknown]' (6236f7d87c9d)
		b'[unknown]' (6236fe967a4b)
		b'[unknown]' (6236f9192a23)
		b'[unknown]' (6236ff9f80c2)
		b'[unknown]' (6236f7d8c4f8)
		b'[unknown]' (6236fea6dc9a)
		b'[unknown]' (6236fea6dcd4)
		b'[unknown]' (6236fea6ed4e)
		b'[unknown]' (6236fea6f7b5)
		b'[unknown]' (6236fea6d573)
		b'[unknown]' (6236fea667c6)
		b'[unknown]' (6236fea6797d)
		b'[unknown]' (6236f7d88dd2)
		b'[unknown]' (6236fea6b3d9)
		b'[unknown]' (6236fea6c3d5)
		b'[unknown]' (6236fea6b380)
		b'[unknown]' (6236fea6c529)
		b'[unknown]' (6236f7d88dd2)
		b'[unknown]' (6236fee6a91a)
		b'[unknown]' (6236fee67893)
		b'[unknown]' (6236fee6899a)
		b'[unknown]' (6236f8525afc)
		b'[unknown]' (6236fee6d592)
		b'[unknown]' (6236fee6e112)
		b'[unknown]' (6236f8525afc)
		b'[unknown]' (6236fee6d4db)
		b'[unknown]' (7c043a894ac3)

	Not found in mutex_ids. mutex (b'[unknown]') 504df9790428 ::: wait time 168336.87us ::: hold time 389143.47us ::: enter count 71305
		b'[unknown]' (6236f7d776a7)
		b'[unknown]' (6236f7d77cac)
		b'[unknown]' (6236f7d80eca)
		b'[unknown]' (6236feea0bc6)
		b'[unknown]' (6236fee98135)
		b'[unknown]' (6236fee9a10d)
		b'[unknown]' (6236fee97c33)
		b'[unknown]' (6236fee84be4)
		b'[unknown]' (6236fcd7dc8e)
		b'[unknown]' (6236fcd79c33)
		b'[unknown]' (6236fcd762bd)
		b'[unknown]' (6236fcd6897e)
		b'[unknown]' (6236fcd66c41)
		b'[unknown]' (6236fcd666bd)
		b'[unknown]' (6236fa627325)
		b'[unknown]' (6236fa62808a)
		b'[unknown]' (6236fa62c176)
		b'[unknown]' (6236fa3321c9)
		b'[unknown]' (6236fa33dd18)
		b'[unknown]' (6236fa33e46b)
		b'[unknown]' (6236fa33dd70)
		b'[unknown]' (6236fed9754e)
		b'[unknown]' (6236f7ee69ac)
		b'[unknown]' (6236f7ee9125)
		b'[unknown]' (6236f7eec3a0)
		b'[unknown]' (6236f7eed325)
		b'[unknown]' (6236f7eec7be)
		b'[unknown]' (6236f7eec86f)
		b'[unknown]' (6236f7ee8ad5)
		b'[unknown]' (6236f7ee8bc3)
		b'[unknown]' (6236f7ef1105)
		b'[unknown]' (6236f7ee7eb9)
		b'[unknown]' (6236f7ee7f5b)
		b'[unknown]' (6236f7ef3e5e)
		b'[unknown]' (6236f7ef49e5)
		b'[unknown]' (6236f7ef5066)
		b'[unknown]' (6236f7ef5df5)
		b'[unknown]' (6236f7ed7f38)
		b'[unknown]' (6236fea64b8d)
		b'[unknown]' (6236fea65171)
		b'[unknown]' (6236fea651e4)
		b'[unknown]' (6236fea65273)
		b'[unknown]' (6236fea652d7)
		b'[unknown]' (6236fea6581e)
		b'[unknown]' (6236fea65a0e)
		b'[unknown]' (6236fea65aad)
		b'[unknown]' (6236fea65b3b)
		b'[unknown]' (6236fea666ca)
		b'[unknown]' (6236fea6678b)
		b'[unknown]' (6236fea6797d)
		b'[unknown]' (6236f7d88dd2)
		b'[unknown]' (6236fea6b3d9)
		b'[unknown]' (6236fea6c3d5)
		b'[unknown]' (6236fea6b380)
		b'[unknown]' (6236fea6c529)
		b'[unknown]' (6236f7d88dd2)
		b'[unknown]' (6236fee6a91a)
		b'[unknown]' (6236fee67893)
		b'[unknown]' (6236fee6899a)
		b'[unknown]' (6236f8525afc)
		b'[unknown]' (6236fee6d592)
		b'[unknown]' (6236fee6e112)
		b'[unknown]' (6236f8525afc)
		b'[unknown]' (6236fee6d4db)
		b'[unknown]' (7c043a894ac3)

	Not found in mutex_ids. mutex (b'[unknown]') 504df9790428 ::: wait time 168093.51us ::: hold time 422594.61us ::: enter count 71305
		b'[unknown]' (6236f7d776a7)
		b'[unknown]' (6236f7d77cac)
		b'[unknown]' (6236f7d80eca)
		b'[unknown]' (6236feea0bc6)
		b'[unknown]' (6236fee9a247)
		b'[unknown]' (6236fee97c33)
		b'[unknown]' (6236fee848e8)
		b'[unknown]' (6236fcd85cb0)
		b'[unknown]' (6236fcd85d84)
		b'[unknown]' (6236fcd83f03)
		b'[unknown]' (6236fcd82139)
		b'[unknown]' (6236fcd806c6)
		b'[unknown]' (6236fcd7dbbf)
		b'[unknown]' (6236fcd79bb3)
		b'[unknown]' (6236fcd76206)
		b'[unknown]' (6236fcd68821)
		b'[unknown]' (6236fcd66c41)
		b'[unknown]' (6236fcd666bd)
		b'[unknown]' (6236fa627325)
		b'[unknown]' (6236fa62808a)
		b'[unknown]' (6236fa62c176)
		b'[unknown]' (6236fa3321c9)
		b'[unknown]' (6236fa33dd18)
		b'[unknown]' (6236fa33e46b)
		b'[unknown]' (6236fa33dd70)
		b'[unknown]' (6236fed9754e)
		b'[unknown]' (6236f7ee69ac)
		b'[unknown]' (6236f7ee9125)
		b'[unknown]' (6236f7eec3a0)
		b'[unknown]' (6236f7eed325)
		b'[unknown]' (6236f7eec7be)
		b'[unknown]' (6236f7eec86f)
		b'[unknown]' (6236f7ee8ad5)
		b'[unknown]' (6236f7ee8bc3)
		b'[unknown]' (6236f7ef1105)
		b'[unknown]' (6236f7ee7eb9)
		b'[unknown]' (6236f7ee7f5b)
		b'[unknown]' (6236f7ef3e5e)
		b'[unknown]' (6236f7ef49e5)
		b'[unknown]' (6236f7ef5066)
		b'[unknown]' (6236f7ef5df5)
		b'[unknown]' (6236f7ed7f38)
		b'[unknown]' (6236fea64b8d)
		b'[unknown]' (6236fea65171)
		b'[unknown]' (6236fea651e4)
		b'[unknown]' (6236fea65273)
		b'[unknown]' (6236fea652d7)
		b'[unknown]' (6236fea6581e)
		b'[unknown]' (6236fea65a0e)
		b'[unknown]' (6236fea65aad)
		b'[unknown]' (6236fea65b3b)
		b'[unknown]' (6236fea666ca)
		b'[unknown]' (6236fea6678b)
		b'[unknown]' (6236fea6797d)
		b'[unknown]' (6236f7d88dd2)
		b'[unknown]' (6236fea6b3d9)
		b'[unknown]' (6236fea6c3d5)
		b'[unknown]' (6236fea6b380)
		b'[unknown]' (6236fea6c529)
		b'[unknown]' (6236f7d88dd2)
		b'[unknown]' (6236fee6a91a)
		b'[unknown]' (6236fee67893)
		b'[unknown]' (6236fee6899a)
		b'[unknown]' (6236f8525afc)
		b'[unknown]' (6236fee6d592)
		b'[unknown]' (6236fee6e112)
		b'[unknown]' (6236f8525afc)
		b'[unknown]' (6236fee6d4db)
		b'[unknown]' (7c043a894ac3)

	Not found in mutex_ids. mutex (b'[unknown]') 504df949b378 ::: wait time 168070.90us ::: hold time 340960.70us ::: enter count 71308
		b'[unknown]' (6236f7d776a7)
		b'[unknown]' (6236f7d77cac)
		b'[unknown]' (6236f7d9daa5)
		b'[unknown]' (6236f7d87c9d)
		b'[unknown]' (6236ff7c2d2d)
		b'[unknown]' (6236ff7c2a5d)
		b'[unknown]' (6236ff7c2a9a)
		b'[unknown]' (6236ff7c1bf6)
		b'[unknown]' (6236ff7bb43d)
		b'[unknown]' (6236f7ee8726)
		b'[unknown]' (6236f7ee7dcc)
		b'[unknown]' (6236f7ef3e4f)
		b'[unknown]' (6236f7ef49e5)
		b'[unknown]' (6236f7ef5066)
		b'[unknown]' (6236f7ef5df5)
		b'[unknown]' (6236f7ed7f38)
		b'[unknown]' (6236fea64b8d)
		b'[unknown]' (6236fea65171)
		b'[unknown]' (6236fea651e4)
		b'[unknown]' (6236fea65273)
		b'[unknown]' (6236fea652d7)
		b'[unknown]' (6236fea6581e)
		b'[unknown]' (6236fea65a0e)
		b'[unknown]' (6236fea65aad)
		b'[unknown]' (6236fea65b3b)
		b'[unknown]' (6236fea666ca)
		b'[unknown]' (6236fea6678b)
		b'[unknown]' (6236fea6797d)
		b'[unknown]' (6236f7d88dd2)
		b'[unknown]' (6236fea6b3d9)
		b'[unknown]' (6236fea6c3d5)
		b'[unknown]' (6236fea6b380)
		b'[unknown]' (6236fea6c529)
		b'[unknown]' (6236f7d88dd2)
		b'[unknown]' (6236fee6a91a)
		b'[unknown]' (6236fee67893)
		b'[unknown]' (6236fee6899a)
		b'[unknown]' (6236f8525afc)
		b'[unknown]' (6236fee6d592)
		b'[unknown]' (6236fee6e112)
		b'[unknown]' (6236f8525afc)
		b'[unknown]' (6236fee6d4db)
		b'[unknown]' (7c043a894ac3)

	Not found in mutex_ids. mutex (b'[unknown]') 504df9790428 ::: wait time 167436.96us ::: hold time 406348.68us ::: enter count 71305
		b'[unknown]' (6236f7d776a7)
		b'[unknown]' (6236f7d77cac)
		b'[unknown]' (6236f7d80eca)
		b'[unknown]' (6236feea0bc6)
		b'[unknown]' (6236fee9a247)
		b'[unknown]' (6236fee97c33)
		b'[unknown]' (6236fee84be4)
		b'[unknown]' (6236fcd7dc8e)
		b'[unknown]' (6236fcd79c33)
		b'[unknown]' (6236fcd762bd)
		b'[unknown]' (6236fcd6897e)
		b'[unknown]' (6236fcd66c41)
		b'[unknown]' (6236fcd666bd)
		b'[unknown]' (6236fa627325)
		b'[unknown]' (6236fa62808a)
		b'[unknown]' (6236fa62c176)
		b'[unknown]' (6236fa3321c9)
		b'[unknown]' (6236fa33dd18)
		b'[unknown]' (6236fa33e46b)
		b'[unknown]' (6236fa33dd70)
		b'[unknown]' (6236fed9754e)
		b'[unknown]' (6236f7ee69ac)
		b'[unknown]' (6236f7ee9125)
		b'[unknown]' (6236f7eec3a0)
		b'[unknown]' (6236f7eed325)
		b'[unknown]' (6236f7eec7be)
		b'[unknown]' (6236f7eec86f)
		b'[unknown]' (6236f7ee8ad5)
		b'[unknown]' (6236f7ee8bc3)
		b'[unknown]' (6236f7ef1105)
		b'[unknown]' (6236f7ee7eb9)
		b'[unknown]' (6236f7ee7f5b)
		b'[unknown]' (6236f7ef3e5e)
		b'[unknown]' (6236f7ef49e5)
		b'[unknown]' (6236f7ef5066)
		b'[unknown]' (6236f7ef5df5)
		b'[unknown]' (6236f7ed7f38)
		b'[unknown]' (6236fea64b8d)
		b'[unknown]' (6236fea65171)
		b'[unknown]' (6236fea651e4)
		b'[unknown]' (6236fea65273)
		b'[unknown]' (6236fea652d7)
		b'[unknown]' (6236fea6581e)
		b'[unknown]' (6236fea65a0e)
		b'[unknown]' (6236fea65aad)
		b'[unknown]' (6236fea65b3b)
		b'[unknown]' (6236fea666ca)
		b'[unknown]' (6236fea6678b)
		b'[unknown]' (6236fea6797d)
		b'[unknown]' (6236f7d88dd2)
		b'[unknown]' (6236fea6b3d9)
		b'[unknown]' (6236fea6c3d5)
		b'[unknown]' (6236fea6b380)
		b'[unknown]' (6236fea6c529)
		b'[unknown]' (6236f7d88dd2)
		b'[unknown]' (6236fee6a91a)
		b'[unknown]' (6236fee67893)
		b'[unknown]' (6236fee6899a)
		b'[unknown]' (6236f8525afc)
		b'[unknown]' (6236fee6d592)
		b'[unknown]' (6236fee6e112)
		b'[unknown]' (6236f8525afc)
		b'[unknown]' (6236fee6d4db)
		b'[unknown]' (7c043a894ac3)

	Found in mutex_ids. mutex (#4) 504dff884b98 ::: wait time 97644.76us ::: hold time 243045.64us ::: enter count 40064
		b'[unknown]' (6236f9fda571)
		b'[unknown]' (6236f9fda6cd)
		b'[unknown]' (6236f9fdfee0)
		b'[unknown]' (6236f9fe1be3)
		b'[unknown]' (6236f9f3428b)
		b'[unknown]' (6236f9f3648d)
		b'[unknown]' (6236f9d940b9)
		b'[unknown]' (6236f9c62da9)
		b'[unknown]' (6236f9c6cd9c)
		b'[unknown]' (6236f9c66c6f)
		b'[unknown]' (6236fd023e9c)
		b'[unknown]' (6236fd0238fc)
		b'[unknown]' (6236fd02c6cb)
		b'[unknown]' (6236fd02310f)
		b'[unknown]' (6236fabf499a)
		b'[unknown]' (6236fabf4c0a)
		b'[unknown]' (6236fabf59f7)
		b'[unknown]' (6236fce81b42)
		b'[unknown]' (6236fce83735)
		b'[unknown]' (6236fa6263f8)
		b'[unknown]' (6236fa627794)
		b'[unknown]' (6236fa627a6a)
		b'[unknown]' (6236fa628429)
		b'[unknown]' (6236fa62c176)
		b'[unknown]' (6236fa3321c9)
		b'[unknown]' (6236fa33dd18)
		b'[unknown]' (6236fa33e46b)
		b'[unknown]' (6236fa33dd70)
		b'[unknown]' (6236fed9754e)
		b'[unknown]' (6236f7ee69ac)
		b'[unknown]' (6236f7ee9125)
		b'[unknown]' (6236f7eec3a0)
		b'[unknown]' (6236f7eed325)
		b'[unknown]' (6236f7eec7be)
		b'[unknown]' (6236f7eec86f)
		b'[unknown]' (6236f7ee8ad5)
		b'[unknown]' (6236f7ee8bc3)
		b'[unknown]' (6236f7ef1105)
		b'[unknown]' (6236f7ee7eb9)
		b'[unknown]' (6236f7ee7f5b)
		b'[unknown]' (6236f7ef3e5e)
		b'[unknown]' (6236f7ef49e5)
		b'[unknown]' (6236f7ef5066)
		b'[unknown]' (6236f7ef5df5)
		b'[unknown]' (6236f7ed7f38)
		b'[unknown]' (6236fea64b8d)
		b'[unknown]' (6236fea65171)
		b'[unknown]' (6236fea651e4)
		b'[unknown]' (6236fea65273)
		b'[unknown]' (6236fea652d7)
		b'[unknown]' (6236fea6581e)
		b'[unknown]' (6236fea65a0e)
		b'[unknown]' (6236fea65aad)
		b'[unknown]' (6236fea65b3b)
		b'[unknown]' (6236fea666ca)
		b'[unknown]' (6236fea6678b)
		b'[unknown]' (6236fea6797d)
		b'[unknown]' (6236f7d88dd2)
		b'[unknown]' (6236fea6b3d9)
		b'[unknown]' (6236fea6c3d5)
		b'[unknown]' (6236fea6b380)
		b'[unknown]' (6236fea6c529)
		b'[unknown]' (6236f7d88dd2)
		b'[unknown]' (6236fee6a91a)
		b'[unknown]' (6236fee67893)
		b'[unknown]' (6236fee6899a)
		b'[unknown]' (6236f8525afc)
		b'[unknown]' (6236fee6d592)
		b'[unknown]' (6236fee6e112)
		b'[unknown]' (6236f8525afc)
		b'[unknown]' (6236fee6d4db)
		b'[unknown]' (7c043a894ac3)

	Found in mutex_ids. mutex (#24) 504dff8819d8 ::: wait time 92918.54us ::: hold time 227154.48us ::: enter count 37887
		b'[unknown]' (6236f7d776a7)
		b'[unknown]' (6236f7d77cac)
		b'[unknown]' (6236f7d80eca)
		b'[unknown]' (6236feea0bc6)
		b'[unknown]' (6236fee9b7d2)
		b'[unknown]' (6236fee97f34)
		b'[unknown]' (6236fee84a84)
		b'[unknown]' (6236f7d835a8)
		b'[unknown]' (6236f867c938)
		b'[unknown]' (6236f867c0e1)
		b'[unknown]' (6236f867b890)
		b'[unknown]' (6236f867b6d8)
		b'[unknown]' (6236fae912e4)
		b'[unknown]' (6236fae92ec4)
		b'[unknown]' (6236fae93707)
		b'[unknown]' (6236fae93c68)
		b'[unknown]' (6236fae93fa9)
		b'[unknown]' (6236fa22d08c)
		b'[unknown]' (6236fa23dc82)
		b'[unknown]' (6236fa23dfe5)
		b'[unknown]' (6236fa23dcda)
		b'[unknown]' (6236fed9754e)
		b'[unknown]' (6236f7ee69ac)
		b'[unknown]' (6236f7ee9125)
		b'[unknown]' (6236f7eec3a0)
		b'[unknown]' (6236f7eed325)
		b'[unknown]' (6236f7eec7be)
		b'[unknown]' (6236f7eec86f)
		b'[unknown]' (6236f7ee8ad5)
		b'[unknown]' (6236f7ee8bc3)
		b'[unknown]' (6236f7ef1105)
		b'[unknown]' (6236f7ee7eb9)
		b'[unknown]' (6236f7ee7f5b)
		b'[unknown]' (6236f7ef3e5e)
		b'[unknown]' (6236f7ef49e5)
		b'[unknown]' (6236f7ef5066)
		b'[unknown]' (6236f7ef5df5)
		b'[unknown]' (6236f7ed7f38)
		b'[unknown]' (6236fea64b8d)
		b'[unknown]' (6236fea65171)
		b'[unknown]' (6236fea651e4)
		b'[unknown]' (6236fea65273)
		b'[unknown]' (6236fea652d7)
		b'[unknown]' (6236fea6581e)
		b'[unknown]' (6236fea65a0e)
		b'[unknown]' (6236fea65aad)
		b'[unknown]' (6236fea65b3b)
		b'[unknown]' (6236fea666ca)
		b'[unknown]' (6236fea6678b)
		b'[unknown]' (6236fea6797d)
		b'[unknown]' (6236f7d88dd2)
		b'[unknown]' (6236fea6b3d9)
		b'[unknown]' (6236fea6c3d5)
		b'[unknown]' (6236fea6b380)
		b'[unknown]' (6236fea6c529)
		b'[unknown]' (6236f7d88dd2)
		b'[unknown]' (6236fee6a91a)
		b'[unknown]' (6236fee67893)
		b'[unknown]' (6236fee6899a)
		b'[unknown]' (6236f8525afc)
		b'[unknown]' (6236fee6d592)
		b'[unknown]' (6236fee6e112)
		b'[unknown]' (6236f8525afc)
		b'[unknown]' (6236fee6d4db)
		b'[unknown]' (7c043a894ac3)

	Not found in mutex_ids. mutex (b'[unknown]') 504dffc3b148 ::: wait time 6216.75us ::: hold time 19834.79us ::: enter count 2251
		b'[unknown]' (6236f9ad3c3a)
		b'[unknown]' (6236f9ad6190)
		b'[unknown]' (6236fee87859)
		b'[unknown]' (6236fee9a513)
		b'[unknown]' (6236fee97c33)
		b'[unknown]' (6236fee83d1b)
		b'[unknown]' (6236fee83aa6)
		b'[unknown]' (6236fee860ca)
		b'[unknown]' (6236fee85c86)
		b'[unknown]' (6236fee85a16)
		b'[unknown]' (6236fee84742)
		b'[unknown]' (6236fcd85cb0)
		b'[unknown]' (6236fcd85d84)
		b'[unknown]' (6236fcd83f03)
		b'[unknown]' (6236fcd82139)
		b'[unknown]' (6236fcd806c6)
		b'[unknown]' (6236fcd7dbbf)
		b'[unknown]' (6236fcd79bb3)
		b'[unknown]' (6236fcd76206)
		b'[unknown]' (6236fcd68821)
		b'[unknown]' (6236fcd66c41)
		b'[unknown]' (6236fcd666bd)
		b'[unknown]' (6236fa627325)
		b'[unknown]' (6236fa62808a)
		b'[unknown]' (6236fa62c176)
		b'[unknown]' (6236fa3321c9)
		b'[unknown]' (6236fa33dd18)
		b'[unknown]' (6236fa33e46b)
		b'[unknown]' (6236fa33dd70)
		b'[unknown]' (6236fed9754e)
		b'[unknown]' (6236f7ee69ac)
		b'[unknown]' (6236f7ee9125)
		b'[unknown]' (6236f7eec3a0)
		b'[unknown]' (6236f7eed325)
		b'[unknown]' (6236f7eec7be)
		b'[unknown]' (6236f7eec86f)
		b'[unknown]' (6236f7ee8ad5)
		b'[unknown]' (6236f7ee8bc3)
		b'[unknown]' (6236f7ef1105)
		b'[unknown]' (6236f7ee7eb9)
		b'[unknown]' (6236f7ee7f5b)
		b'[unknown]' (6236f7ef3e5e)
		b'[unknown]' (6236f7ef49e5)
		b'[unknown]' (6236f7ef5066)
		b'[unknown]' (6236f7ef5df5)
		b'[unknown]' (6236f7ed7f38)
		b'[unknown]' (6236fea64b8d)
		b'[unknown]' (6236fea65171)
		b'[unknown]' (6236fea651e4)
		b'[unknown]' (6236fea65273)
		b'[unknown]' (6236fea652d7)
		b'[unknown]' (6236fea6581e)
		b'[unknown]' (6236fea65a0e)
		b'[unknown]' (6236fea65aad)
		b'[unknown]' (6236fea65b3b)
		b'[unknown]' (6236fea666ca)
		b'[unknown]' (6236fea6678b)
		b'[unknown]' (6236fea6797d)
		b'[unknown]' (6236f7d88dd2)
		b'[unknown]' (6236fea6b3d9)
		b'[unknown]' (6236fea6c3d5)
		b'[unknown]' (6236fea6b380)
		b'[unknown]' (6236fea6c529)
		b'[unknown]' (6236f7d88dd2)
		b'[unknown]' (6236fee6a91a)
		b'[unknown]' (6236fee67893)
		b'[unknown]' (6236fee6899a)
		b'[unknown]' (6236f8525afc)
		b'[unknown]' (6236fee6d592)
		b'[unknown]' (6236fee6e112)
		b'[unknown]' (6236f8525afc)
		b'[unknown]' (6236fee6d4db)
		b'[unknown]' (7c043a894ac3)

	Not found in mutex_ids. mutex (b'[unknown]') 504dffc3ac80 ::: wait time 6195.41us ::: hold time 19658.59us ::: enter count 2265
		b'[unknown]' (6236f9ad3c3a)
		b'[unknown]' (6236f9ad6190)
		b'[unknown]' (6236fee87859)
		b'[unknown]' (6236fee9a513)
		b'[unknown]' (6236fee97c33)
		b'[unknown]' (6236fee83d1b)
		b'[unknown]' (6236fee83aa6)
		b'[unknown]' (6236fee860ca)
		b'[unknown]' (6236fee85c86)
		b'[unknown]' (6236fee85a16)
		b'[unknown]' (6236fee84742)
		b'[unknown]' (6236fcd85cb0)
		b'[unknown]' (6236fcd85d84)
		b'[unknown]' (6236fcd83f03)
		b'[unknown]' (6236fcd82139)
		b'[unknown]' (6236fcd806c6)
		b'[unknown]' (6236fcd7dbbf)
		b'[unknown]' (6236fcd79bb3)
		b'[unknown]' (6236fcd76206)
		b'[unknown]' (6236fcd68821)
		b'[unknown]' (6236fcd66c41)
		b'[unknown]' (6236fcd666bd)
		b'[unknown]' (6236fa627325)
		b'[unknown]' (6236fa62808a)
		b'[unknown]' (6236fa62c176)
		b'[unknown]' (6236fa3321c9)
		b'[unknown]' (6236fa33dd18)
		b'[unknown]' (6236fa33e46b)
		b'[unknown]' (6236fa33dd70)
		b'[unknown]' (6236fed9754e)
		b'[unknown]' (6236f7ee69ac)
		b'[unknown]' (6236f7ee9125)
		b'[unknown]' (6236f7eec3a0)
		b'[unknown]' (6236f7eed325)
		b'[unknown]' (6236f7eec7be)
		b'[unknown]' (6236f7eec86f)
		b'[unknown]' (6236f7ee8ad5)
		b'[unknown]' (6236f7ee8bc3)
		b'[unknown]' (6236f7ef1105)
		b'[unknown]' (6236f7ee7eb9)
		b'[unknown]' (6236f7ee7f5b)
		b'[unknown]' (6236f7ef3e5e)
		b'[unknown]' (6236f7ef49e5)
		b'[unknown]' (6236f7ef5066)
		b'[unknown]' (6236f7ef5df5)
		b'[unknown]' (6236f7ed7f38)
		b'[unknown]' (6236fea64b8d)
		b'[unknown]' (6236fea65171)
		b'[unknown]' (6236fea651e4)
		b'[unknown]' (6236fea65273)
		b'[unknown]' (6236fea652d7)
		b'[unknown]' (6236fea6581e)
		b'[unknown]' (6236fea65a0e)
		b'[unknown]' (6236fea65aad)
		b'[unknown]' (6236fea65b3b)
		b'[unknown]' (6236fea666ca)
		b'[unknown]' (6236fea6678b)
		b'[unknown]' (6236fea6797d)
		b'[unknown]' (6236f7d88dd2)
		b'[unknown]' (6236fea6b3d9)
		b'[unknown]' (6236fea6c3d5)
		b'[unknown]' (6236fea6b380)
		b'[unknown]' (6236fea6c529)
		b'[unknown]' (6236f7d88dd2)
		b'[unknown]' (6236fee6a91a)
		b'[unknown]' (6236fee67893)
		b'[unknown]' (6236fee6899a)
		b'[unknown]' (6236f8525afc)
		b'[unknown]' (6236fee6d592)
		b'[unknown]' (6236fee6e112)
		b'[unknown]' (6236f8525afc)
		b'[unknown]' (6236fee6d4db)
		b'[unknown]' (7c043a894ac3)

	Not found in mutex_ids. mutex (b'[unknown]') 504dffc3b100 ::: wait time 6191.23us ::: hold time 20014.05us ::: enter count 2252
		b'[unknown]' (6236f9ad3c3a)
		b'[unknown]' (6236f9ad6190)
		b'[unknown]' (6236fee87859)
		b'[unknown]' (6236fee9a513)
		b'[unknown]' (6236fee97c33)
		b'[unknown]' (6236fee83d1b)
		b'[unknown]' (6236fee83aa6)
		b'[unknown]' (6236fee860ca)
		b'[unknown]' (6236fee85c86)
		b'[unknown]' (6236fee85a16)
		b'[unknown]' (6236fee84742)
		b'[unknown]' (6236fcd85cb0)
		b'[unknown]' (6236fcd85d84)
		b'[unknown]' (6236fcd83f03)
		b'[unknown]' (6236fcd82139)
		b'[unknown]' (6236fcd806c6)
		b'[unknown]' (6236fcd7dbbf)
		b'[unknown]' (6236fcd79bb3)
		b'[unknown]' (6236fcd76206)
		b'[unknown]' (6236fcd68821)
		b'[unknown]' (6236fcd66c41)
		b'[unknown]' (6236fcd666bd)
		b'[unknown]' (6236fa627325)
		b'[unknown]' (6236fa62808a)
		b'[unknown]' (6236fa62c176)
		b'[unknown]' (6236fa3321c9)
		b'[unknown]' (6236fa33dd18)
		b'[unknown]' (6236fa33e46b)
		b'[unknown]' (6236fa33dd70)
		b'[unknown]' (6236fed9754e)
		b'[unknown]' (6236f7ee69ac)
		b'[unknown]' (6236f7ee9125)
		b'[unknown]' (6236f7eec3a0)
		b'[unknown]' (6236f7eed325)
		b'[unknown]' (6236f7eec7be)
		b'[unknown]' (6236f7eec86f)
		b'[unknown]' (6236f7ee8ad5)
		b'[unknown]' (6236f7ee8bc3)
		b'[unknown]' (6236f7ef1105)
		b'[unknown]' (6236f7ee7eb9)
		b'[unknown]' (6236f7ee7f5b)
		b'[unknown]' (6236f7ef3e5e)
		b'[unknown]' (6236f7ef49e5)
		b'[unknown]' (6236f7ef5066)
		b'[unknown]' (6236f7ef5df5)
		b'[unknown]' (6236f7ed7f38)
		b'[unknown]' (6236fea64b8d)
		b'[unknown]' (6236fea65171)
		b'[unknown]' (6236fea651e4)
		b'[unknown]' (6236fea65273)
		b'[unknown]' (6236fea652d7)
		b'[unknown]' (6236fea6581e)
		b'[unknown]' (6236fea65a0e)
		b'[unknown]' (6236fea65aad)
		b'[unknown]' (6236fea65b3b)
		b'[unknown]' (6236fea666ca)
		b'[unknown]' (6236fea6678b)
		b'[unknown]' (6236fea6797d)
		b'[unknown]' (6236f7d88dd2)
		b'[unknown]' (6236fea6b3d9)
		b'[unknown]' (6236fea6c3d5)
		b'[unknown]' (6236fea6b380)
		b'[unknown]' (6236fea6c529)
		b'[unknown]' (6236f7d88dd2)
		b'[unknown]' (6236fee6a91a)
		b'[unknown]' (6236fee67893)
		b'[unknown]' (6236fee6899a)
		b'[unknown]' (6236f8525afc)
		b'[unknown]' (6236fee6d592)
		b'[unknown]' (6236fee6e112)
		b'[unknown]' (6236f8525afc)
		b'[unknown]' (6236fee6d4db)
		b'[unknown]' (7c043a894ac3)

	Not found in mutex_ids. mutex (b'[unknown]') 504dffc3b220 ::: wait time 6188.03us ::: hold time 19692.32us ::: enter count 2250
		b'[unknown]' (6236f9ad3c3a)
		b'[unknown]' (6236f9ad6190)
		b'[unknown]' (6236fee87859)
		b'[unknown]' (6236fee9a513)
		b'[unknown]' (6236fee97c33)
		b'[unknown]' (6236fee83d1b)
		b'[unknown]' (6236fee83aa6)
		b'[unknown]' (6236fee860ca)
		b'[unknown]' (6236fee85c86)
		b'[unknown]' (6236fee85a16)
		b'[unknown]' (6236fee84742)
		b'[unknown]' (6236fcd85cb0)
		b'[unknown]' (6236fcd85d84)
		b'[unknown]' (6236fcd83f03)
		b'[unknown]' (6236fcd82139)
		b'[unknown]' (6236fcd806c6)
		b'[unknown]' (6236fcd7dbbf)
		b'[unknown]' (6236fcd79bb3)
		b'[unknown]' (6236fcd76206)
		b'[unknown]' (6236fcd68821)
		b'[unknown]' (6236fcd66c41)
		b'[unknown]' (6236fcd666bd)
		b'[unknown]' (6236fa627325)
		b'[unknown]' (6236fa62808a)
		b'[unknown]' (6236fa62c176)
		b'[unknown]' (6236fa3321c9)
		b'[unknown]' (6236fa33dd18)
		b'[unknown]' (6236fa33e46b)
		b'[unknown]' (6236fa33dd70)
		b'[unknown]' (6236fed9754e)
		b'[unknown]' (6236f7ee69ac)
		b'[unknown]' (6236f7ee9125)
		b'[unknown]' (6236f7eec3a0)
		b'[unknown]' (6236f7eed325)
		b'[unknown]' (6236f7eec7be)
		b'[unknown]' (6236f7eec86f)
		b'[unknown]' (6236f7ee8ad5)
		b'[unknown]' (6236f7ee8bc3)
		b'[unknown]' (6236f7ef1105)
		b'[unknown]' (6236f7ee7eb9)
		b'[unknown]' (6236f7ee7f5b)
		b'[unknown]' (6236f7ef3e5e)
		b'[unknown]' (6236f7ef49e5)
		b'[unknown]' (6236f7ef5066)
		b'[unknown]' (6236f7ef5df5)
		b'[unknown]' (6236f7ed7f38)
		b'[unknown]' (6236fea64b8d)
		b'[unknown]' (6236fea65171)
		b'[unknown]' (6236fea651e4)
		b'[unknown]' (6236fea65273)
		b'[unknown]' (6236fea652d7)
		b'[unknown]' (6236fea6581e)
		b'[unknown]' (6236fea65a0e)
		b'[unknown]' (6236fea65aad)
		b'[unknown]' (6236fea65b3b)
		b'[unknown]' (6236fea666ca)
		b'[unknown]' (6236fea6678b)
		b'[unknown]' (6236fea6797d)
		b'[unknown]' (6236f7d88dd2)
		b'[unknown]' (6236fea6b3d9)
		b'[unknown]' (6236fea6c3d5)
		b'[unknown]' (6236fea6b380)
		b'[unknown]' (6236fea6c529)
		b'[unknown]' (6236f7d88dd2)
		b'[unknown]' (6236fee6a91a)
		b'[unknown]' (6236fee67893)
		b'[unknown]' (6236fee6899a)
		b'[unknown]' (6236f8525afc)
		b'[unknown]' (6236fee6d592)
		b'[unknown]' (6236fee6e112)
		b'[unknown]' (6236f8525afc)
		b'[unknown]' (6236fee6d4db)
		b'[unknown]' (7c043a894ac3)

	Not found in mutex_ids. mutex (b'[unknown]') 504dffc3ab18 ::: wait time 6184.61us ::: hold time 14077.10us ::: enter count 2289
		b'[unknown]' (6236f9ad3c3a)
		b'[unknown]' (6236f9ad6190)
		b'[unknown]' (6236fee87b95)
		b'[unknown]' (6236fee9b71f)
		b'[unknown]' (6236fee97f34)
		b'[unknown]' (6236fee84cbf)
		b'[unknown]' (6236f949285e)
		b'[unknown]' (6236f94907af)
		b'[unknown]' (6236f948ef38)
		b'[unknown]' (6236f948ee78)
		b'[unknown]' (6236fcd73960)
		b'[unknown]' (6236fcd84c9e)
		b'[unknown]' (6236fcd83414)
		b'[unknown]' (6236fcd8163b)
		b'[unknown]' (6236fcd7f951)
		b'[unknown]' (6236fcd7cc48)
		b'[unknown]' (6236fcd78cdd)
		b'[unknown]' (6236fcd6d02c)
		b'[unknown]' (6236fcd65d21)
		b'[unknown]' (6236f8676266)
		b'[unknown]' (6236f8675bab)
		b'[unknown]' (6236f867537a)
		b'[unknown]' (6236f86750a2)
		b'[unknown]' (6236fa6284a3)
		b'[unknown]' (6236fa62c176)
		b'[unknown]' (6236fa3321c9)
		b'[unknown]' (6236fa33dd18)
		b'[unknown]' (6236fa33e46b)
		b'[unknown]' (6236fa33dd70)
		b'[unknown]' (6236fed9754e)
		b'[unknown]' (6236f7ee69ac)
		b'[unknown]' (6236f7ee9125)
		b'[unknown]' (6236f7eec3a0)
		b'[unknown]' (6236f7eed325)
		b'[unknown]' (6236f7eec7be)
		b'[unknown]' (6236f7eec86f)
		b'[unknown]' (6236f7ee8ad5)
		b'[unknown]' (6236f7ee8bc3)
		b'[unknown]' (6236f7ef1105)
		b'[unknown]' (6236f7ee7eb9)
		b'[unknown]' (6236f7ee7f5b)
		b'[unknown]' (6236f7ef3e5e)
		b'[unknown]' (6236f7ef49e5)
		b'[unknown]' (6236f7ef5066)
		b'[unknown]' (6236f7ef5df5)
		b'[unknown]' (6236f7ed7f38)
		b'[unknown]' (6236fea64b8d)
		b'[unknown]' (6236fea65171)
		b'[unknown]' (6236fea651e4)
		b'[unknown]' (6236fea65273)
		b'[unknown]' (6236fea652d7)
		b'[unknown]' (6236fea6581e)
		b'[unknown]' (6236fea65a0e)
		b'[unknown]' (6236fea65aad)
		b'[unknown]' (6236fea65b3b)
		b'[unknown]' (6236fea666ca)
		b'[unknown]' (6236fea6678b)
		b'[unknown]' (6236fea6797d)
		b'[unknown]' (6236f7d88dd2)
		b'[unknown]' (6236fea6b3d9)
		b'[unknown]' (6236fea6c3d5)
		b'[unknown]' (6236fea6b380)
		b'[unknown]' (6236fea6c529)
		b'[unknown]' (6236f7d88dd2)
		b'[unknown]' (6236fee6a91a)
		b'[unknown]' (6236fee67893)
		b'[unknown]' (6236fee6899a)
		b'[unknown]' (6236f8525afc)
		b'[unknown]' (6236fee6d592)
		b'[unknown]' (6236fee6e112)
		b'[unknown]' (6236f8525afc)
		b'[unknown]' (6236fee6d4db)
		b'[unknown]' (7c043a894ac3)

	Not found in mutex_ids. mutex (b'[unknown]') 504dffc3ae78 ::: wait time 6145.66us ::: hold time 20135.91us ::: enter count 2309
		b'[unknown]' (6236f9ad3c3a)
		b'[unknown]' (6236f9ad6190)
		b'[unknown]' (6236fee87859)
		b'[unknown]' (6236fee9a513)
		b'[unknown]' (6236fee97c33)
		b'[unknown]' (6236fee83d1b)
		b'[unknown]' (6236fee83aa6)
		b'[unknown]' (6236fee860ca)
		b'[unknown]' (6236fee85c86)
		b'[unknown]' (6236fee85a16)
		b'[unknown]' (6236fee84742)
		b'[unknown]' (6236fcd85cb0)
		b'[unknown]' (6236fcd85d84)
		b'[unknown]' (6236fcd83f03)
		b'[unknown]' (6236fcd82139)
		b'[unknown]' (6236fcd806c6)
		b'[unknown]' (6236fcd7dbbf)
		b'[unknown]' (6236fcd79bb3)
		b'[unknown]' (6236fcd76206)
		b'[unknown]' (6236fcd68821)
		b'[unknown]' (6236fcd66c41)
		b'[unknown]' (6236fcd666bd)
		b'[unknown]' (6236fa627325)
		b'[unknown]' (6236fa62808a)
		b'[unknown]' (6236fa62c176)
		b'[unknown]' (6236fa3321c9)
		b'[unknown]' (6236fa33dd18)
		b'[unknown]' (6236fa33e46b)
		b'[unknown]' (6236fa33dd70)
		b'[unknown]' (6236fed9754e)
		b'[unknown]' (6236f7ee69ac)
		b'[unknown]' (6236f7ee9125)
		b'[unknown]' (6236f7eec3a0)
		b'[unknown]' (6236f7eed325)
		b'[unknown]' (6236f7eec7be)
		b'[unknown]' (6236f7eec86f)
		b'[unknown]' (6236f7ee8ad5)
		b'[unknown]' (6236f7ee8bc3)
		b'[unknown]' (6236f7ef1105)
		b'[unknown]' (6236f7ee7eb9)
		b'[unknown]' (6236f7ee7f5b)
		b'[unknown]' (6236f7ef3e5e)
		b'[unknown]' (6236f7ef49e5)
		b'[unknown]' (6236f7ef5066)
		b'[unknown]' (6236f7ef5df5)
		b'[unknown]' (6236f7ed7f38)
		b'[unknown]' (6236fea64b8d)
		b'[unknown]' (6236fea65171)
		b'[unknown]' (6236fea651e4)
		b'[unknown]' (6236fea65273)
		b'[unknown]' (6236fea652d7)
		b'[unknown]' (6236fea6581e)
		b'[unknown]' (6236fea65a0e)
		b'[unknown]' (6236fea65aad)
		b'[unknown]' (6236fea65b3b)
		b'[unknown]' (6236fea666ca)
		b'[unknown]' (6236fea6678b)
		b'[unknown]' (6236fea6797d)
		b'[unknown]' (6236f7d88dd2)
		b'[unknown]' (6236fea6b3d9)
		b'[unknown]' (6236fea6c3d5)
		b'[unknown]' (6236fea6b380)
		b'[unknown]' (6236fea6c529)
		b'[unknown]' (6236f7d88dd2)
		b'[unknown]' (6236fee6a91a)
		b'[unknown]' (6236fee67893)
		b'[unknown]' (6236fee6899a)
		b'[unknown]' (6236f8525afc)
		b'[unknown]' (6236fee6d592)
		b'[unknown]' (6236fee6e112)
		b'[unknown]' (6236f8525afc)
		b'[unknown]' (6236fee6d4db)
		b'[unknown]' (7c043a894ac3)

	Not found in mutex_ids. mutex (b'[unknown]') 504dffc3ad10 ::: wait time 6131.59us ::: hold time 19924.87us ::: enter count 2263
		b'[unknown]' (6236f9ad3c3a)
		b'[unknown]' (6236f9ad6190)
		b'[unknown]' (6236fee87859)
		b'[unknown]' (6236fee9a513)
		b'[unknown]' (6236fee97c33)
		b'[unknown]' (6236fee83d1b)
		b'[unknown]' (6236fee83aa6)
		b'[unknown]' (6236fee860ca)
		b'[unknown]' (6236fee85c86)
		b'[unknown]' (6236fee85a16)
		b'[unknown]' (6236fee84742)
		b'[unknown]' (6236fcd85cb0)
		b'[unknown]' (6236fcd85d84)
		b'[unknown]' (6236fcd83f03)
		b'[unknown]' (6236fcd82139)
		b'[unknown]' (6236fcd806c6)
		b'[unknown]' (6236fcd7dbbf)
		b'[unknown]' (6236fcd79bb3)
		b'[unknown]' (6236fcd76206)
		b'[unknown]' (6236fcd68821)
		b'[unknown]' (6236fcd66c41)
		b'[unknown]' (6236fcd666bd)
		b'[unknown]' (6236fa627325)
		b'[unknown]' (6236fa62808a)
		b'[unknown]' (6236fa62c176)
		b'[unknown]' (6236fa3321c9)
		b'[unknown]' (6236fa33dd18)
		b'[unknown]' (6236fa33e46b)
		b'[unknown]' (6236fa33dd70)
		b'[unknown]' (6236fed9754e)
		b'[unknown]' (6236f7ee69ac)
		b'[unknown]' (6236f7ee9125)
		b'[unknown]' (6236f7eec3a0)
		b'[unknown]' (6236f7eed325)
		b'[unknown]' (6236f7eec7be)
		b'[unknown]' (6236f7eec86f)
		b'[unknown]' (6236f7ee8ad5)
		b'[unknown]' (6236f7ee8bc3)
		b'[unknown]' (6236f7ef1105)
		b'[unknown]' (6236f7ee7eb9)
		b'[unknown]' (6236f7ee7f5b)
		b'[unknown]' (6236f7ef3e5e)
		b'[unknown]' (6236f7ef49e5)
		b'[unknown]' (6236f7ef5066)
		b'[unknown]' (6236f7ef5df5)
		b'[unknown]' (6236f7ed7f38)
		b'[unknown]' (6236fea64b8d)
		b'[unknown]' (6236fea65171)
		b'[unknown]' (6236fea651e4)
		b'[unknown]' (6236fea65273)
		b'[unknown]' (6236fea652d7)
		b'[unknown]' (6236fea6581e)
		b'[unknown]' (6236fea65a0e)
		b'[unknown]' (6236fea65aad)
		b'[unknown]' (6236fea65b3b)
		b'[unknown]' (6236fea666ca)
		b'[unknown]' (6236fea6678b)
		b'[unknown]' (6236fea6797d)
		b'[unknown]' (6236f7d88dd2)
		b'[unknown]' (6236fea6b3d9)
		b'[unknown]' (6236fea6c3d5)
		b'[unknown]' (6236fea6b380)
		b'[unknown]' (6236fea6c529)
		b'[unknown]' (6236f7d88dd2)
		b'[unknown]' (6236fee6a91a)
		b'[unknown]' (6236fee67893)
		b'[unknown]' (6236fee6899a)
		b'[unknown]' (6236f8525afc)
		b'[unknown]' (6236fee6d592)
		b'[unknown]' (6236fee6e112)
		b'[unknown]' (6236f8525afc)
		b'[unknown]' (6236fee6d4db)
		b'[unknown]' (7c043a894ac3)

	Not found in mutex_ids. mutex (b'[unknown]') 504dffc3ad10 ::: wait time 6095.89us ::: hold time 14005.27us ::: enter count 2263
		b'[unknown]' (6236f9ad3c3a)
		b'[unknown]' (6236f9ad6190)
		b'[unknown]' (6236fee87b95)
		b'[unknown]' (6236fee9b71f)
		b'[unknown]' (6236fee97f34)
		b'[unknown]' (6236fee84cbf)
		b'[unknown]' (6236f949285e)
		b'[unknown]' (6236f94907af)
		b'[unknown]' (6236f948ef38)
		b'[unknown]' (6236f948ee78)
		b'[unknown]' (6236fcd73960)
		b'[unknown]' (6236fcd84c9e)
		b'[unknown]' (6236fcd83414)
		b'[unknown]' (6236fcd8163b)
		b'[unknown]' (6236fcd7f951)
		b'[unknown]' (6236fcd7cc48)
		b'[unknown]' (6236fcd78cdd)
		b'[unknown]' (6236fcd6d02c)
		b'[unknown]' (6236fcd65d21)
		b'[unknown]' (6236f8676266)
		b'[unknown]' (6236f8675bab)
		b'[unknown]' (6236f867537a)
		b'[unknown]' (6236f86750a2)
		b'[unknown]' (6236fa6284a3)
		b'[unknown]' (6236fa62c176)
		b'[unknown]' (6236fa3321c9)
		b'[unknown]' (6236fa33dd18)
		b'[unknown]' (6236fa33e46b)
		b'[unknown]' (6236fa33dd70)
		b'[unknown]' (6236fed9754e)
		b'[unknown]' (6236f7ee69ac)
		b'[unknown]' (6236f7ee9125)
		b'[unknown]' (6236f7eec3a0)
		b'[unknown]' (6236f7eed325)
		b'[unknown]' (6236f7eec7be)
		b'[unknown]' (6236f7eec86f)
		b'[unknown]' (6236f7ee8ad5)
		b'[unknown]' (6236f7ee8bc3)
		b'[unknown]' (6236f7ef1105)
		b'[unknown]' (6236f7ee7eb9)
		b'[unknown]' (6236f7ee7f5b)
		b'[unknown]' (6236f7ef3e5e)
		b'[unknown]' (6236f7ef49e5)
		b'[unknown]' (6236f7ef5066)
		b'[unknown]' (6236f7ef5df5)
		b'[unknown]' (6236f7ed7f38)
		b'[unknown]' (6236fea64b8d)
		b'[unknown]' (6236fea65171)
		b'[unknown]' (6236fea651e4)
		b'[unknown]' (6236fea65273)
		b'[unknown]' (6236fea652d7)
		b'[unknown]' (6236fea6581e)
		b'[unknown]' (6236fea65a0e)
		b'[unknown]' (6236fea65aad)
		b'[unknown]' (6236fea65b3b)
		b'[unknown]' (6236fea666ca)
		b'[unknown]' (6236fea6678b)
		b'[unknown]' (6236fea6797d)
		b'[unknown]' (6236f7d88dd2)
		b'[unknown]' (6236fea6b3d9)
		b'[unknown]' (6236fea6c3d5)
		b'[unknown]' (6236fea6b380)
		b'[unknown]' (6236fea6c529)
		b'[unknown]' (6236f7d88dd2)
		b'[unknown]' (6236fee6a91a)
		b'[unknown]' (6236fee67893)
		b'[unknown]' (6236fee6899a)
		b'[unknown]' (6236f8525afc)
		b'[unknown]' (6236fee6d592)
		b'[unknown]' (6236fee6e112)
		b'[unknown]' (6236f8525afc)
		b'[unknown]' (6236fee6d4db)
		b'[unknown]' (7c043a894ac3)

	Not found in mutex_ids. mutex (b'[unknown]') 504dffc3b220 ::: wait time 6087.66us ::: hold time 14061.73us ::: enter count 2250
		b'[unknown]' (6236f9ad3c3a)
		b'[unknown]' (6236f9ad6190)
		b'[unknown]' (6236fee87b95)
		b'[unknown]' (6236fee9b71f)
		b'[unknown]' (6236fee97f34)
		b'[unknown]' (6236fee84cbf)
		b'[unknown]' (6236f949285e)
		b'[unknown]' (6236f94907af)
		b'[unknown]' (6236f948ef38)
		b'[unknown]' (6236f948ee78)
		b'[unknown]' (6236fcd73960)
		b'[unknown]' (6236fcd84c9e)
		b'[unknown]' (6236fcd83414)
		b'[unknown]' (6236fcd8163b)
		b'[unknown]' (6236fcd7f951)
		b'[unknown]' (6236fcd7cc48)
		b'[unknown]' (6236fcd78cdd)
		b'[unknown]' (6236fcd6d02c)
		b'[unknown]' (6236fcd65d21)
		b'[unknown]' (6236f8676266)
		b'[unknown]' (6236f8675bab)
		b'[unknown]' (6236f867537a)
		b'[unknown]' (6236f86750a2)
		b'[unknown]' (6236fa6284a3)
		b'[unknown]' (6236fa62c176)
		b'[unknown]' (6236fa3321c9)
		b'[unknown]' (6236fa33dd18)
		b'[unknown]' (6236fa33e46b)
		b'[unknown]' (6236fa33dd70)
		b'[unknown]' (6236fed9754e)
		b'[unknown]' (6236f7ee69ac)
		b'[unknown]' (6236f7ee9125)
		b'[unknown]' (6236f7eec3a0)
		b'[unknown]' (6236f7eed325)
		b'[unknown]' (6236f7eec7be)
		b'[unknown]' (6236f7eec86f)
		b'[unknown]' (6236f7ee8ad5)
		b'[unknown]' (6236f7ee8bc3)
		b'[unknown]' (6236f7ef1105)
		b'[unknown]' (6236f7ee7eb9)
		b'[unknown]' (6236f7ee7f5b)
		b'[unknown]' (6236f7ef3e5e)
		b'[unknown]' (6236f7ef49e5)
		b'[unknown]' (6236f7ef5066)
		b'[unknown]' (6236f7ef5df5)
		b'[unknown]' (6236f7ed7f38)
		b'[unknown]' (6236fea64b8d)
		b'[unknown]' (6236fea65171)
		b'[unknown]' (6236fea651e4)
		b'[unknown]' (6236fea65273)
		b'[unknown]' (6236fea652d7)
		b'[unknown]' (6236fea6581e)
		b'[unknown]' (6236fea65a0e)
		b'[unknown]' (6236fea65aad)
		b'[unknown]' (6236fea65b3b)
		b'[unknown]' (6236fea666ca)
		b'[unknown]' (6236fea6678b)
		b'[unknown]' (6236fea6797d)
		b'[unknown]' (6236f7d88dd2)
		b'[unknown]' (6236fea6b3d9)
		b'[unknown]' (6236fea6c3d5)
		b'[unknown]' (6236fea6b380)
		b'[unknown]' (6236fea6c529)
		b'[unknown]' (6236f7d88dd2)
		b'[unknown]' (6236fee6a91a)
		b'[unknown]' (6236fee67893)
		b'[unknown]' (6236fee6899a)
		b'[unknown]' (6236f8525afc)
		b'[unknown]' (6236fee6d592)
		b'[unknown]' (6236fee6e112)
		b'[unknown]' (6236f8525afc)
		b'[unknown]' (6236fee6d4db)
		b'[unknown]' (7c043a894ac3)

	Not found in mutex_ids. mutex (b'[unknown]') 504dffc3ab18 ::: wait time 6076.52us ::: hold time 20015.87us ::: enter count 2289
		b'[unknown]' (6236f9ad3c3a)
		b'[unknown]' (6236f9ad6190)
		b'[unknown]' (6236fee87859)
		b'[unknown]' (6236fee9a513)
		b'[unknown]' (6236fee97c33)
		b'[unknown]' (6236fee83d1b)
		b'[unknown]' (6236fee83aa6)
		b'[unknown]' (6236fee860ca)
		b'[unknown]' (6236fee85c86)
		b'[unknown]' (6236fee85a16)
		b'[unknown]' (6236fee84742)
		b'[unknown]' (6236fcd85cb0)
		b'[unknown]' (6236fcd85d84)
		b'[unknown]' (6236fcd83f03)
		b'[unknown]' (6236fcd82139)
		b'[unknown]' (6236fcd806c6)
		b'[unknown]' (6236fcd7dbbf)
		b'[unknown]' (6236fcd79bb3)
		b'[unknown]' (6236fcd76206)
		b'[unknown]' (6236fcd68821)
		b'[unknown]' (6236fcd66c41)
		b'[unknown]' (6236fcd666bd)
		b'[unknown]' (6236fa627325)
		b'[unknown]' (6236fa62808a)
		b'[unknown]' (6236fa62c176)
		b'[unknown]' (6236fa3321c9)
		b'[unknown]' (6236fa33dd18)
		b'[unknown]' (6236fa33e46b)
		b'[unknown]' (6236fa33dd70)
		b'[unknown]' (6236fed9754e)
		b'[unknown]' (6236f7ee69ac)
		b'[unknown]' (6236f7ee9125)
		b'[unknown]' (6236f7eec3a0)
		b'[unknown]' (6236f7eed325)
		b'[unknown]' (6236f7eec7be)
		b'[unknown]' (6236f7eec86f)
		b'[unknown]' (6236f7ee8ad5)
		b'[unknown]' (6236f7ee8bc3)
		b'[unknown]' (6236f7ef1105)
		b'[unknown]' (6236f7ee7eb9)
		b'[unknown]' (6236f7ee7f5b)
		b'[unknown]' (6236f7ef3e5e)
		b'[unknown]' (6236f7ef49e5)
		b'[unknown]' (6236f7ef5066)
		b'[unknown]' (6236f7ef5df5)
		b'[unknown]' (6236f7ed7f38)
		b'[unknown]' (6236fea64b8d)
		b'[unknown]' (6236fea65171)
		b'[unknown]' (6236fea651e4)
		b'[unknown]' (6236fea65273)
		b'[unknown]' (6236fea652d7)
		b'[unknown]' (6236fea6581e)
		b'[unknown]' (6236fea65a0e)
		b'[unknown]' (6236fea65aad)
		b'[unknown]' (6236fea65b3b)
		b'[unknown]' (6236fea666ca)
		b'[unknown]' (6236fea6678b)
		b'[unknown]' (6236fea6797d)
		b'[unknown]' (6236f7d88dd2)
		b'[unknown]' (6236fea6b3d9)
		b'[unknown]' (6236fea6c3d5)
		b'[unknown]' (6236fea6b380)
		b'[unknown]' (6236fea6c529)
		b'[unknown]' (6236f7d88dd2)
		b'[unknown]' (6236fee6a91a)
		b'[unknown]' (6236fee67893)
		b'[unknown]' (6236fee6899a)
		b'[unknown]' (6236f8525afc)
		b'[unknown]' (6236fee6d592)
		b'[unknown]' (6236fee6e112)
		b'[unknown]' (6236f8525afc)
		b'[unknown]' (6236fee6d4db)
		b'[unknown]' (7c043a894ac3)

	Not found in mutex_ids. mutex (b'[unknown]') 504dffc3ac80 ::: wait time 6062.47us ::: hold time 13871.45us ::: enter count 2265
		b'[unknown]' (6236f9ad3c3a)
		b'[unknown]' (6236f9ad6190)
		b'[unknown]' (6236fee87b95)
		b'[unknown]' (6236fee9b71f)
		b'[unknown]' (6236fee97f34)
		b'[unknown]' (6236fee84cbf)
		b'[unknown]' (6236f949285e)
		b'[unknown]' (6236f94907af)
		b'[unknown]' (6236f948ef38)
		b'[unknown]' (6236f948ee78)
		b'[unknown]' (6236fcd73960)
		b'[unknown]' (6236fcd84c9e)
		b'[unknown]' (6236fcd83414)
		b'[unknown]' (6236fcd8163b)
		b'[unknown]' (6236fcd7f951)
		b'[unknown]' (6236fcd7cc48)
		b'[unknown]' (6236fcd78cdd)
		b'[unknown]' (6236fcd6d02c)
		b'[unknown]' (6236fcd65d21)
		b'[unknown]' (6236f8676266)
		b'[unknown]' (6236f8675bab)
		b'[unknown]' (6236f867537a)
		b'[unknown]' (6236f86750a2)
		b'[unknown]' (6236fa6284a3)
		b'[unknown]' (6236fa62c176)
		b'[unknown]' (6236fa3321c9)
		b'[unknown]' (6236fa33dd18)
		b'[unknown]' (6236fa33e46b)
		b'[unknown]' (6236fa33dd70)
		b'[unknown]' (6236fed9754e)
		b'[unknown]' (6236f7ee69ac)
		b'[unknown]' (6236f7ee9125)
		b'[unknown]' (6236f7eec3a0)
		b'[unknown]' (6236f7eed325)
		b'[unknown]' (6236f7eec7be)
		b'[unknown]' (6236f7eec86f)
		b'[unknown]' (6236f7ee8ad5)
		b'[unknown]' (6236f7ee8bc3)
		b'[unknown]' (6236f7ef1105)
		b'[unknown]' (6236f7ee7eb9)
		b'[unknown]' (6236f7ee7f5b)
		b'[unknown]' (6236f7ef3e5e)
		b'[unknown]' (6236f7ef49e5)
		b'[unknown]' (6236f7ef5066)
		b'[unknown]' (6236f7ef5df5)
		b'[unknown]' (6236f7ed7f38)
		b'[unknown]' (6236fea64b8d)
		b'[unknown]' (6236fea65171)
		b'[unknown]' (6236fea651e4)
		b'[unknown]' (6236fea65273)
		b'[unknown]' (6236fea652d7)
		b'[unknown]' (6236fea6581e)
		b'[unknown]' (6236fea65a0e)
		b'[unknown]' (6236fea65aad)
		b'[unknown]' (6236fea65b3b)
		b'[unknown]' (6236fea666ca)
		b'[unknown]' (6236fea6678b)
		b'[unknown]' (6236fea6797d)
		b'[unknown]' (6236f7d88dd2)
		b'[unknown]' (6236fea6b3d9)
		b'[unknown]' (6236fea6c3d5)
		b'[unknown]' (6236fea6b380)
		b'[unknown]' (6236fea6c529)
		b'[unknown]' (6236f7d88dd2)
		b'[unknown]' (6236fee6a91a)
		b'[unknown]' (6236fee67893)
		b'[unknown]' (6236fee6899a)
		b'[unknown]' (6236f8525afc)
		b'[unknown]' (6236fee6d592)
		b'[unknown]' (6236fee6e112)
		b'[unknown]' (6236f8525afc)
		b'[unknown]' (6236fee6d4db)
		b'[unknown]' (7c043a894ac3)

	Not found in mutex_ids. mutex (b'[unknown]') 504dffc3af08 ::: wait time 6060.73us ::: hold time 13669.61us ::: enter count 2227
		b'[unknown]' (6236f9ad3c3a)
		b'[unknown]' (6236f9ad6190)
		b'[unknown]' (6236fee87b95)
		b'[unknown]' (6236fee9b71f)
		b'[unknown]' (6236fee97f34)
		b'[unknown]' (6236fee84cbf)
		b'[unknown]' (6236f949285e)
		b'[unknown]' (6236f94907af)
		b'[unknown]' (6236f948ef38)
		b'[unknown]' (6236f948ee78)
		b'[unknown]' (6236fcd73960)
		b'[unknown]' (6236fcd84c9e)
		b'[unknown]' (6236fcd83414)
		b'[unknown]' (6236fcd8163b)
		b'[unknown]' (6236fcd7f951)
		b'[unknown]' (6236fcd7cc48)
		b'[unknown]' (6236fcd78cdd)
		b'[unknown]' (6236fcd6d02c)
		b'[unknown]' (6236fcd65d21)
		b'[unknown]' (6236f8676266)
		b'[unknown]' (6236f8675bab)
		b'[unknown]' (6236f867537a)
		b'[unknown]' (6236f86750a2)
		b'[unknown]' (6236fa6284a3)
		b'[unknown]' (6236fa62c176)
		b'[unknown]' (6236fa3321c9)
		b'[unknown]' (6236fa33dd18)
		b'[unknown]' (6236fa33e46b)
		b'[unknown]' (6236fa33dd70)
		b'[unknown]' (6236fed9754e)
		b'[unknown]' (6236f7ee69ac)
		b'[unknown]' (6236f7ee9125)
		b'[unknown]' (6236f7eec3a0)
		b'[unknown]' (6236f7eed325)
		b'[unknown]' (6236f7eec7be)
		b'[unknown]' (6236f7eec86f)
		b'[unknown]' (6236f7ee8ad5)
		b'[unknown]' (6236f7ee8bc3)
		b'[unknown]' (6236f7ef1105)
		b'[unknown]' (6236f7ee7eb9)
		b'[unknown]' (6236f7ee7f5b)
		b'[unknown]' (6236f7ef3e5e)
		b'[unknown]' (6236f7ef49e5)
		b'[unknown]' (6236f7ef5066)
		b'[unknown]' (6236f7ef5df5)
		b'[unknown]' (6236f7ed7f38)
		b'[unknown]' (6236fea64b8d)
		b'[unknown]' (6236fea65171)
		b'[unknown]' (6236fea651e4)
		b'[unknown]' (6236fea65273)
		b'[unknown]' (6236fea652d7)
		b'[unknown]' (6236fea6581e)
		b'[unknown]' (6236fea65a0e)
		b'[unknown]' (6236fea65aad)
		b'[unknown]' (6236fea65b3b)
		b'[unknown]' (6236fea666ca)
		b'[unknown]' (6236fea6678b)
		b'[unknown]' (6236fea6797d)
		b'[unknown]' (6236f7d88dd2)
		b'[unknown]' (6236fea6b3d9)
		b'[unknown]' (6236fea6c3d5)
		b'[unknown]' (6236fea6b380)
		b'[unknown]' (6236fea6c529)
		b'[unknown]' (6236f7d88dd2)
		b'[unknown]' (6236fee6a91a)
		b'[unknown]' (6236fee67893)
		b'[unknown]' (6236fee6899a)
		b'[unknown]' (6236f8525afc)
		b'[unknown]' (6236fee6d592)
		b'[unknown]' (6236fee6e112)
		b'[unknown]' (6236f8525afc)
		b'[unknown]' (6236fee6d4db)
		b'[unknown]' (7c043a894ac3)

	Not found in mutex_ids. mutex (b'[unknown]') 504dffc3b148 ::: wait time 6041.98us ::: hold time 13942.64us ::: enter count 2251
		b'[unknown]' (6236f9ad3c3a)
		b'[unknown]' (6236f9ad6190)
		b'[unknown]' (6236fee87b95)
		b'[unknown]' (6236fee9b71f)
		b'[unknown]' (6236fee97f34)
		b'[unknown]' (6236fee84cbf)
		b'[unknown]' (6236f949285e)
		b'[unknown]' (6236f94907af)
		b'[unknown]' (6236f948ef38)
		b'[unknown]' (6236f948ee78)
		b'[unknown]' (6236fcd73960)
		b'[unknown]' (6236fcd84c9e)
		b'[unknown]' (6236fcd83414)
		b'[unknown]' (6236fcd8163b)
		b'[unknown]' (6236fcd7f951)
		b'[unknown]' (6236fcd7cc48)
		b'[unknown]' (6236fcd78cdd)
		b'[unknown]' (6236fcd6d02c)
		b'[unknown]' (6236fcd65d21)
		b'[unknown]' (6236f8676266)
		b'[unknown]' (6236f8675bab)
		b'[unknown]' (6236f867537a)
		b'[unknown]' (6236f86750a2)
		b'[unknown]' (6236fa6284a3)
		b'[unknown]' (6236fa62c176)
		b'[unknown]' (6236fa3321c9)
		b'[unknown]' (6236fa33dd18)
		b'[unknown]' (6236fa33e46b)
		b'[unknown]' (6236fa33dd70)
		b'[unknown]' (6236fed9754e)
		b'[unknown]' (6236f7ee69ac)
		b'[unknown]' (6236f7ee9125)
		b'[unknown]' (6236f7eec3a0)
		b'[unknown]' (6236f7eed325)
		b'[unknown]' (6236f7eec7be)
		b'[unknown]' (6236f7eec86f)
		b'[unknown]' (6236f7ee8ad5)
		b'[unknown]' (6236f7ee8bc3)
		b'[unknown]' (6236f7ef1105)
		b'[unknown]' (6236f7ee7eb9)
		b'[unknown]' (6236f7ee7f5b)
		b'[unknown]' (6236f7ef3e5e)
		b'[unknown]' (6236f7ef49e5)
		b'[unknown]' (6236f7ef5066)
		b'[unknown]' (6236f7ef5df5)
		b'[unknown]' (6236f7ed7f38)
		b'[unknown]' (6236fea64b8d)
		b'[unknown]' (6236fea65171)
		b'[unknown]' (6236fea651e4)
		b'[unknown]' (6236fea65273)
		b'[unknown]' (6236fea652d7)
		b'[unknown]' (6236fea6581e)
		b'[unknown]' (6236fea65a0e)
		b'[unknown]' (6236fea65aad)
		b'[unknown]' (6236fea65b3b)
		b'[unknown]' (6236fea666ca)
		b'[unknown]' (6236fea6678b)
		b'[unknown]' (6236fea6797d)
		b'[unknown]' (6236f7d88dd2)
		b'[unknown]' (6236fea6b3d9)
		b'[unknown]' (6236fea6c3d5)
		b'[unknown]' (6236fea6b380)
		b'[unknown]' (6236fea6c529)
		b'[unknown]' (6236f7d88dd2)
		b'[unknown]' (6236fee6a91a)
		b'[unknown]' (6236fee67893)
		b'[unknown]' (6236fee6899a)
		b'[unknown]' (6236f8525afc)
		b'[unknown]' (6236fee6d592)
		b'[unknown]' (6236fee6e112)
		b'[unknown]' (6236f8525afc)
		b'[unknown]' (6236fee6d4db)
		b'[unknown]' (7c043a894ac3)

	Not found in mutex_ids. mutex (b'[unknown]') 504dffc3b070 ::: wait time 6036.19us ::: hold time 14037.55us ::: enter count 2287
		b'[unknown]' (6236f9ad3c3a)
		b'[unknown]' (6236f9ad6190)
		b'[unknown]' (6236fee87b95)
		b'[unknown]' (6236fee9b71f)
		b'[unknown]' (6236fee97f34)
		b'[unknown]' (6236fee84cbf)
		b'[unknown]' (6236f949285e)
		b'[unknown]' (6236f94907af)
		b'[unknown]' (6236f948ef38)
		b'[unknown]' (6236f948ee78)
		b'[unknown]' (6236fcd73960)
		b'[unknown]' (6236fcd84c9e)
		b'[unknown]' (6236fcd83414)
		b'[unknown]' (6236fcd8163b)
		b'[unknown]' (6236fcd7f951)
		b'[unknown]' (6236fcd7cc48)
		b'[unknown]' (6236fcd78cdd)
		b'[unknown]' (6236fcd6d02c)
		b'[unknown]' (6236fcd65d21)
		b'[unknown]' (6236f8676266)
		b'[unknown]' (6236f8675bab)
		b'[unknown]' (6236f867537a)
		b'[unknown]' (6236f86750a2)
		b'[unknown]' (6236fa6284a3)
		b'[unknown]' (6236fa62c176)
		b'[unknown]' (6236fa3321c9)
		b'[unknown]' (6236fa33dd18)
		b'[unknown]' (6236fa33e46b)
		b'[unknown]' (6236fa33dd70)
		b'[unknown]' (6236fed9754e)
		b'[unknown]' (6236f7ee69ac)
		b'[unknown]' (6236f7ee9125)
		b'[unknown]' (6236f7eec3a0)
		b'[unknown]' (6236f7eed325)
		b'[unknown]' (6236f7eec7be)
		b'[unknown]' (6236f7eec86f)
		b'[unknown]' (6236f7ee8ad5)
		b'[unknown]' (6236f7ee8bc3)
		b'[unknown]' (6236f7ef1105)
		b'[unknown]' (6236f7ee7eb9)
		b'[unknown]' (6236f7ee7f5b)
		b'[unknown]' (6236f7ef3e5e)
		b'[unknown]' (6236f7ef49e5)
		b'[unknown]' (6236f7ef5066)
		b'[unknown]' (6236f7ef5df5)
		b'[unknown]' (6236f7ed7f38)
		b'[unknown]' (6236fea64b8d)
		b'[unknown]' (6236fea65171)
		b'[unknown]' (6236fea651e4)
		b'[unknown]' (6236fea65273)
		b'[unknown]' (6236fea652d7)
		b'[unknown]' (6236fea6581e)
		b'[unknown]' (6236fea65a0e)
		b'[unknown]' (6236fea65aad)
		b'[unknown]' (6236fea65b3b)
		b'[unknown]' (6236fea666ca)
		b'[unknown]' (6236fea6678b)
		b'[unknown]' (6236fea6797d)
		b'[unknown]' (6236f7d88dd2)
		b'[unknown]' (6236fea6b3d9)
		b'[unknown]' (6236fea6c3d5)
		b'[unknown]' (6236fea6b380)
		b'[unknown]' (6236fea6c529)
		b'[unknown]' (6236f7d88dd2)
		b'[unknown]' (6236fee6a91a)
		b'[unknown]' (6236fee67893)
		b'[unknown]' (6236fee6899a)
		b'[unknown]' (6236f8525afc)
		b'[unknown]' (6236fee6d592)
		b'[unknown]' (6236fee6e112)
		b'[unknown]' (6236f8525afc)
		b'[unknown]' (6236fee6d4db)
		b'[unknown]' (7c043a894ac3)

	Not found in mutex_ids. mutex (b'[unknown]') 504dffc3b340 ::: wait time 6011.17us ::: hold time 20236.88us ::: enter count 2239
		b'[unknown]' (6236f9ad3c3a)
		b'[unknown]' (6236f9ad6190)
		b'[unknown]' (6236fee87859)
		b'[unknown]' (6236fee9a513)
		b'[unknown]' (6236fee97c33)
		b'[unknown]' (6236fee83d1b)
		b'[unknown]' (6236fee83aa6)
		b'[unknown]' (6236fee860ca)
		b'[unknown]' (6236fee85c86)
		b'[unknown]' (6236fee85a16)
		b'[unknown]' (6236fee84742)
		b'[unknown]' (6236fcd85cb0)
		b'[unknown]' (6236fcd85d84)
		b'[unknown]' (6236fcd83f03)
		b'[unknown]' (6236fcd82139)
		b'[unknown]' (6236fcd806c6)
		b'[unknown]' (6236fcd7dbbf)
		b'[unknown]' (6236fcd79bb3)
		b'[unknown]' (6236fcd76206)
		b'[unknown]' (6236fcd68821)
		b'[unknown]' (6236fcd66c41)
		b'[unknown]' (6236fcd666bd)
		b'[unknown]' (6236fa627325)
		b'[unknown]' (6236fa62808a)
		b'[unknown]' (6236fa62c176)
		b'[unknown]' (6236fa3321c9)
		b'[unknown]' (6236fa33dd18)
		b'[unknown]' (6236fa33e46b)
		b'[unknown]' (6236fa33dd70)
		b'[unknown]' (6236fed9754e)
		b'[unknown]' (6236f7ee69ac)
		b'[unknown]' (6236f7ee9125)
		b'[unknown]' (6236f7eec3a0)
		b'[unknown]' (6236f7eed325)
		b'[unknown]' (6236f7eec7be)
		b'[unknown]' (6236f7eec86f)
		b'[unknown]' (6236f7ee8ad5)
		b'[unknown]' (6236f7ee8bc3)
		b'[unknown]' (6236f7ef1105)
		b'[unknown]' (6236f7ee7eb9)
		b'[unknown]' (6236f7ee7f5b)
		b'[unknown]' (6236f7ef3e5e)
		b'[unknown]' (6236f7ef49e5)
		b'[unknown]' (6236f7ef5066)
		b'[unknown]' (6236f7ef5df5)
		b'[unknown]' (6236f7ed7f38)
		b'[unknown]' (6236fea64b8d)
		b'[unknown]' (6236fea65171)
		b'[unknown]' (6236fea651e4)
		b'[unknown]' (6236fea65273)
		b'[unknown]' (6236fea652d7)
		b'[unknown]' (6236fea6581e)
		b'[unknown]' (6236fea65a0e)
		b'[unknown]' (6236fea65aad)
		b'[unknown]' (6236fea65b3b)
		b'[unknown]' (6236fea666ca)
		b'[unknown]' (6236fea6678b)
		b'[unknown]' (6236fea6797d)
		b'[unknown]' (6236f7d88dd2)
		b'[unknown]' (6236fea6b3d9)
		b'[unknown]' (6236fea6c3d5)
		b'[unknown]' (6236fea6b380)
		b'[unknown]' (6236fea6c529)
		b'[unknown]' (6236f7d88dd2)
		b'[unknown]' (6236fee6a91a)
		b'[unknown]' (6236fee67893)
		b'[unknown]' (6236fee6899a)
		b'[unknown]' (6236f8525afc)
		b'[unknown]' (6236fee6d592)
		b'[unknown]' (6236fee6e112)
		b'[unknown]' (6236f8525afc)
		b'[unknown]' (6236fee6d4db)
		b'[unknown]' (7c043a894ac3)

	Not found in mutex_ids. mutex (b'[unknown]') 504dffc3af08 ::: wait time 5989.06us ::: hold time 19446.47us ::: enter count 2227
		b'[unknown]' (6236f9ad3c3a)
		b'[unknown]' (6236f9ad6190)
		b'[unknown]' (6236fee87859)
		b'[unknown]' (6236fee9a513)
		b'[unknown]' (6236fee97c33)
		b'[unknown]' (6236fee83d1b)
		b'[unknown]' (6236fee83aa6)
		b'[unknown]' (6236fee860ca)
		b'[unknown]' (6236fee85c86)
		b'[unknown]' (6236fee85a16)
		b'[unknown]' (6236fee84742)
		b'[unknown]' (6236fcd85cb0)
		b'[unknown]' (6236fcd85d84)
		b'[unknown]' (6236fcd83f03)
		b'[unknown]' (6236fcd82139)
		b'[unknown]' (6236fcd806c6)
		b'[unknown]' (6236fcd7dbbf)
		b'[unknown]' (6236fcd79bb3)
		b'[unknown]' (6236fcd76206)
		b'[unknown]' (6236fcd68821)
		b'[unknown]' (6236fcd66c41)
		b'[unknown]' (6236fcd666bd)
		b'[unknown]' (6236fa627325)
		b'[unknown]' (6236fa62808a)
		b'[unknown]' (6236fa62c176)
		b'[unknown]' (6236fa3321c9)
		b'[unknown]' (6236fa33dd18)
		b'[unknown]' (6236fa33e46b)
		b'[unknown]' (6236fa33dd70)
		b'[unknown]' (6236fed9754e)
		b'[unknown]' (6236f7ee69ac)
		b'[unknown]' (6236f7ee9125)
		b'[unknown]' (6236f7eec3a0)
		b'[unknown]' (6236f7eed325)
		b'[unknown]' (6236f7eec7be)
		b'[unknown]' (6236f7eec86f)
		b'[unknown]' (6236f7ee8ad5)
		b'[unknown]' (6236f7ee8bc3)
		b'[unknown]' (6236f7ef1105)
		b'[unknown]' (6236f7ee7eb9)
		b'[unknown]' (6236f7ee7f5b)
		b'[unknown]' (6236f7ef3e5e)
		b'[unknown]' (6236f7ef49e5)
		b'[unknown]' (6236f7ef5066)
		b'[unknown]' (6236f7ef5df5)
		b'[unknown]' (6236f7ed7f38)
		b'[unknown]' (6236fea64b8d)
		b'[unknown]' (6236fea65171)
		b'[unknown]' (6236fea651e4)
		b'[unknown]' (6236fea65273)
		b'[unknown]' (6236fea652d7)
		b'[unknown]' (6236fea6581e)
		b'[unknown]' (6236fea65a0e)
		b'[unknown]' (6236fea65aad)
		b'[unknown]' (6236fea65b3b)
		b'[unknown]' (6236fea666ca)
		b'[unknown]' (6236fea6678b)
		b'[unknown]' (6236fea6797d)
		b'[unknown]' (6236f7d88dd2)
		b'[unknown]' (6236fea6b3d9)
		b'[unknown]' (6236fea6c3d5)
		b'[unknown]' (6236fea6b380)
		b'[unknown]' (6236fea6c529)
		b'[unknown]' (6236f7d88dd2)
		b'[unknown]' (6236fee6a91a)
		b'[unknown]' (6236fee67893)
		b'[unknown]' (6236fee6899a)
		b'[unknown]' (6236f8525afc)
		b'[unknown]' (6236fee6d592)
		b'[unknown]' (6236fee6e112)
		b'[unknown]' (6236f8525afc)
		b'[unknown]' (6236fee6d4db)
		b'[unknown]' (7c043a894ac3)

	Not found in mutex_ids. mutex (b'[unknown]') 504dffc3b100 ::: wait time 5989.05us ::: hold time 13820.44us ::: enter count 2252
		b'[unknown]' (6236f9ad3c3a)
		b'[unknown]' (6236f9ad6190)
		b'[unknown]' (6236fee87b95)
		b'[unknown]' (6236fee9b71f)
		b'[unknown]' (6236fee97f34)
		b'[unknown]' (6236fee84cbf)
		b'[unknown]' (6236f949285e)
		b'[unknown]' (6236f94907af)
		b'[unknown]' (6236f948ef38)
		b'[unknown]' (6236f948ee78)
		b'[unknown]' (6236fcd73960)
		b'[unknown]' (6236fcd84c9e)
		b'[unknown]' (6236fcd83414)
		b'[unknown]' (6236fcd8163b)
		b'[unknown]' (6236fcd7f951)
		b'[unknown]' (6236fcd7cc48)
		b'[unknown]' (6236fcd78cdd)
		b'[unknown]' (6236fcd6d02c)
		b'[unknown]' (6236fcd65d21)
		b'[unknown]' (6236f8676266)
		b'[unknown]' (6236f8675bab)
		b'[unknown]' (6236f867537a)
		b'[unknown]' (6236f86750a2)
		b'[unknown]' (6236fa6284a3)
		b'[unknown]' (6236fa62c176)
		b'[unknown]' (6236fa3321c9)
		b'[unknown]' (6236fa33dd18)
		b'[unknown]' (6236fa33e46b)
		b'[unknown]' (6236fa33dd70)
		b'[unknown]' (6236fed9754e)
		b'[unknown]' (6236f7ee69ac)
		b'[unknown]' (6236f7ee9125)
		b'[unknown]' (6236f7eec3a0)
		b'[unknown]' (6236f7eed325)
		b'[unknown]' (6236f7eec7be)
		b'[unknown]' (6236f7eec86f)
		b'[unknown]' (6236f7ee8ad5)
		b'[unknown]' (6236f7ee8bc3)
		b'[unknown]' (6236f7ef1105)
		b'[unknown]' (6236f7ee7eb9)
		b'[unknown]' (6236f7ee7f5b)
		b'[unknown]' (6236f7ef3e5e)
		b'[unknown]' (6236f7ef49e5)
		b'[unknown]' (6236f7ef5066)
		b'[unknown]' (6236f7ef5df5)
		b'[unknown]' (6236f7ed7f38)
		b'[unknown]' (6236fea64b8d)
		b'[unknown]' (6236fea65171)
		b'[unknown]' (6236fea651e4)
		b'[unknown]' (6236fea65273)
		b'[unknown]' (6236fea652d7)
		b'[unknown]' (6236fea6581e)
		b'[unknown]' (6236fea65a0e)
		b'[unknown]' (6236fea65aad)
		b'[unknown]' (6236fea65b3b)
		b'[unknown]' (6236fea666ca)
		b'[unknown]' (6236fea6678b)
		b'[unknown]' (6236fea6797d)
		b'[unknown]' (6236f7d88dd2)
		b'[unknown]' (6236fea6b3d9)
		b'[unknown]' (6236fea6c3d5)
		b'[unknown]' (6236fea6b380)
		b'[unknown]' (6236fea6c529)
		b'[unknown]' (6236f7d88dd2)
		b'[unknown]' (6236fee6a91a)
		b'[unknown]' (6236fee67893)
		b'[unknown]' (6236fee6899a)
		b'[unknown]' (6236f8525afc)
		b'[unknown]' (6236fee6d592)
		b'[unknown]' (6236fee6e112)
		b'[unknown]' (6236f8525afc)
		b'[unknown]' (6236fee6d4db)
		b'[unknown]' (7c043a894ac3)

	Not found in mutex_ids. mutex (b'[unknown]') 504dffc3af98 ::: wait time 5985.31us ::: hold time 13634.50us ::: enter count 2196
		b'[unknown]' (6236f9ad3c3a)
		b'[unknown]' (6236f9ad6190)
		b'[unknown]' (6236fee87b95)
		b'[unknown]' (6236fee9b71f)
		b'[unknown]' (6236fee97f34)
		b'[unknown]' (6236fee84cbf)
		b'[unknown]' (6236f949285e)
		b'[unknown]' (6236f94907af)
		b'[unknown]' (6236f948ef38)
		b'[unknown]' (6236f948ee78)
		b'[unknown]' (6236fcd73960)
		b'[unknown]' (6236fcd84c9e)
		b'[unknown]' (6236fcd83414)
		b'[unknown]' (6236fcd8163b)
		b'[unknown]' (6236fcd7f951)
		b'[unknown]' (6236fcd7cc48)
		b'[unknown]' (6236fcd78cdd)
		b'[unknown]' (6236fcd6d02c)
		b'[unknown]' (6236fcd65d21)
		b'[unknown]' (6236f8676266)
		b'[unknown]' (6236f8675bab)
		b'[unknown]' (6236f867537a)
		b'[unknown]' (6236f86750a2)
		b'[unknown]' (6236fa6284a3)
		b'[unknown]' (6236fa62c176)
		b'[unknown]' (6236fa3321c9)
		b'[unknown]' (6236fa33dd18)
		b'[unknown]' (6236fa33e46b)
		b'[unknown]' (6236fa33dd70)
		b'[unknown]' (6236fed9754e)
		b'[unknown]' (6236f7ee69ac)
		b'[unknown]' (6236f7ee9125)
		b'[unknown]' (6236f7eec3a0)
		b'[unknown]' (6236f7eed325)
		b'[unknown]' (6236f7eec7be)
		b'[unknown]' (6236f7eec86f)
		b'[unknown]' (6236f7ee8ad5)
		b'[unknown]' (6236f7ee8bc3)
		b'[unknown]' (6236f7ef1105)
		b'[unknown]' (6236f7ee7eb9)
		b'[unknown]' (6236f7ee7f5b)
		b'[unknown]' (6236f7ef3e5e)
		b'[unknown]' (6236f7ef49e5)
		b'[unknown]' (6236f7ef5066)
		b'[unknown]' (6236f7ef5df5)
		b'[unknown]' (6236f7ed7f38)
		b'[unknown]' (6236fea64b8d)
		b'[unknown]' (6236fea65171)
		b'[unknown]' (6236fea651e4)
		b'[unknown]' (6236fea65273)
		b'[unknown]' (6236fea652d7)
		b'[unknown]' (6236fea6581e)
		b'[unknown]' (6236fea65a0e)
		b'[unknown]' (6236fea65aad)
		b'[unknown]' (6236fea65b3b)
		b'[unknown]' (6236fea666ca)
		b'[unknown]' (6236fea6678b)
		b'[unknown]' (6236fea6797d)
		b'[unknown]' (6236f7d88dd2)
		b'[unknown]' (6236fea6b3d9)
		b'[unknown]' (6236fea6c3d5)
		b'[unknown]' (6236fea6b380)
		b'[unknown]' (6236fea6c529)
		b'[unknown]' (6236f7d88dd2)
		b'[unknown]' (6236fee6a91a)
		b'[unknown]' (6236fee67893)
		b'[unknown]' (6236fee6899a)
		b'[unknown]' (6236f8525afc)
		b'[unknown]' (6236fee6d592)
		b'[unknown]' (6236fee6e112)
		b'[unknown]' (6236f8525afc)
		b'[unknown]' (6236fee6d4db)
		b'[unknown]' (7c043a894ac3)

	Not found in mutex_ids. mutex (b'[unknown]') 504dffc3b340 ::: wait time 5975.04us ::: hold time 14009.54us ::: enter count 2239
		b'[unknown]' (6236f9ad3c3a)
		b'[unknown]' (6236f9ad6190)
		b'[unknown]' (6236fee87b95)
		b'[unknown]' (6236fee9b71f)
		b'[unknown]' (6236fee97f34)
		b'[unknown]' (6236fee84cbf)
		b'[unknown]' (6236f949285e)
		b'[unknown]' (6236f94907af)
		b'[unknown]' (6236f948ef38)
		b'[unknown]' (6236f948ee78)
		b'[unknown]' (6236fcd73960)
		b'[unknown]' (6236fcd84c9e)
		b'[unknown]' (6236fcd83414)
		b'[unknown]' (6236fcd8163b)
		b'[unknown]' (6236fcd7f951)
		b'[unknown]' (6236fcd7cc48)
		b'[unknown]' (6236fcd78cdd)
		b'[unknown]' (6236fcd6d02c)
		b'[unknown]' (6236fcd65d21)
		b'[unknown]' (6236f8676266)
		b'[unknown]' (6236f8675bab)
		b'[unknown]' (6236f867537a)
		b'[unknown]' (6236f86750a2)
		b'[unknown]' (6236fa6284a3)
		b'[unknown]' (6236fa62c176)
		b'[unknown]' (6236fa3321c9)
		b'[unknown]' (6236fa33dd18)
		b'[unknown]' (6236fa33e46b)
		b'[unknown]' (6236fa33dd70)
		b'[unknown]' (6236fed9754e)
		b'[unknown]' (6236f7ee69ac)
		b'[unknown]' (6236f7ee9125)
		b'[unknown]' (6236f7eec3a0)
		b'[unknown]' (6236f7eed325)
		b'[unknown]' (6236f7eec7be)
		b'[unknown]' (6236f7eec86f)
		b'[unknown]' (6236f7ee8ad5)
		b'[unknown]' (6236f7ee8bc3)
		b'[unknown]' (6236f7ef1105)
		b'[unknown]' (6236f7ee7eb9)
		b'[unknown]' (6236f7ee7f5b)
		b'[unknown]' (6236f7ef3e5e)
		b'[unknown]' (6236f7ef49e5)
		b'[unknown]' (6236f7ef5066)
		b'[unknown]' (6236f7ef5df5)
		b'[unknown]' (6236f7ed7f38)
		b'[unknown]' (6236fea64b8d)
		b'[unknown]' (6236fea65171)
		b'[unknown]' (6236fea651e4)
		b'[unknown]' (6236fea65273)
		b'[unknown]' (6236fea652d7)
		b'[unknown]' (6236fea6581e)
		b'[unknown]' (6236fea65a0e)
		b'[unknown]' (6236fea65aad)
		b'[unknown]' (6236fea65b3b)
		b'[unknown]' (6236fea666ca)
		b'[unknown]' (6236fea6678b)
		b'[unknown]' (6236fea6797d)
		b'[unknown]' (6236f7d88dd2)
		b'[unknown]' (6236fea6b3d9)
		b'[unknown]' (6236fea6c3d5)
		b'[unknown]' (6236fea6b380)
		b'[unknown]' (6236fea6c529)
		b'[unknown]' (6236f7d88dd2)
		b'[unknown]' (6236fee6a91a)
		b'[unknown]' (6236fee67893)
		b'[unknown]' (6236fee6899a)
		b'[unknown]' (6236f8525afc)
		b'[unknown]' (6236fee6d592)
		b'[unknown]' (6236fee6e112)
		b'[unknown]' (6236f8525afc)
		b'[unknown]' (6236fee6d4db)
		b'[unknown]' (7c043a894ac3)

	Not found in mutex_ids. mutex (b'[unknown]') 504dffc3af98 ::: wait time 5974.49us ::: hold time 19541.16us ::: enter count 2196
		b'[unknown]' (6236f9ad3c3a)
		b'[unknown]' (6236f9ad6190)
		b'[unknown]' (6236fee87859)
		b'[unknown]' (6236fee9a513)
		b'[unknown]' (6236fee97c33)
		b'[unknown]' (6236fee83d1b)
		b'[unknown]' (6236fee83aa6)
		b'[unknown]' (6236fee860ca)
		b'[unknown]' (6236fee85c86)
		b'[unknown]' (6236fee85a16)
		b'[unknown]' (6236fee84742)
		b'[unknown]' (6236fcd85cb0)
		b'[unknown]' (6236fcd85d84)
		b'[unknown]' (6236fcd83f03)
		b'[unknown]' (6236fcd82139)
		b'[unknown]' (6236fcd806c6)
		b'[unknown]' (6236fcd7dbbf)
		b'[unknown]' (6236fcd79bb3)
		b'[unknown]' (6236fcd76206)
		b'[unknown]' (6236fcd68821)
		b'[unknown]' (6236fcd66c41)
		b'[unknown]' (6236fcd666bd)
		b'[unknown]' (6236fa627325)
		b'[unknown]' (6236fa62808a)
		b'[unknown]' (6236fa62c176)
		b'[unknown]' (6236fa3321c9)
		b'[unknown]' (6236fa33dd18)
		b'[unknown]' (6236fa33e46b)
		b'[unknown]' (6236fa33dd70)
		b'[unknown]' (6236fed9754e)
		b'[unknown]' (6236f7ee69ac)
		b'[unknown]' (6236f7ee9125)
		b'[unknown]' (6236f7eec3a0)
		b'[unknown]' (6236f7eed325)
		b'[unknown]' (6236f7eec7be)
		b'[unknown]' (6236f7eec86f)
		b'[unknown]' (6236f7ee8ad5)
		b'[unknown]' (6236f7ee8bc3)
		b'[unknown]' (6236f7ef1105)
		b'[unknown]' (6236f7ee7eb9)
		b'[unknown]' (6236f7ee7f5b)
		b'[unknown]' (6236f7ef3e5e)
		b'[unknown]' (6236f7ef49e5)
		b'[unknown]' (6236f7ef5066)
		b'[unknown]' (6236f7ef5df5)
		b'[unknown]' (6236f7ed7f38)
		b'[unknown]' (6236fea64b8d)
		b'[unknown]' (6236fea65171)
		b'[unknown]' (6236fea651e4)
		b'[unknown]' (6236fea65273)
		b'[unknown]' (6236fea652d7)
		b'[unknown]' (6236fea6581e)
		b'[unknown]' (6236fea65a0e)
		b'[unknown]' (6236fea65aad)
		b'[unknown]' (6236fea65b3b)
		b'[unknown]' (6236fea666ca)
		b'[unknown]' (6236fea6678b)
		b'[unknown]' (6236fea6797d)
		b'[unknown]' (6236f7d88dd2)
		b'[unknown]' (6236fea6b3d9)
		b'[unknown]' (6236fea6c3d5)
		b'[unknown]' (6236fea6b380)
		b'[unknown]' (6236fea6c529)
		b'[unknown]' (6236f7d88dd2)
		b'[unknown]' (6236fee6a91a)
		b'[unknown]' (6236fee67893)
		b'[unknown]' (6236fee6899a)
		b'[unknown]' (6236f8525afc)
		b'[unknown]' (6236fee6d592)
		b'[unknown]' (6236fee6e112)
		b'[unknown]' (6236f8525afc)
		b'[unknown]' (6236fee6d4db)
		b'[unknown]' (7c043a894ac3)

	Not found in mutex_ids. mutex (b'[unknown]') 504dffc3b070 ::: wait time 5972.48us ::: hold time 19908.78us ::: enter count 2288
		b'[unknown]' (6236f9ad3c3a)
		b'[unknown]' (6236f9ad6190)
		b'[unknown]' (6236fee87859)
		b'[unknown]' (6236fee9a513)
		b'[unknown]' (6236fee97c33)
		b'[unknown]' (6236fee83d1b)
		b'[unknown]' (6236fee83aa6)
		b'[unknown]' (6236fee860ca)
		b'[unknown]' (6236fee85c86)
		b'[unknown]' (6236fee85a16)
		b'[unknown]' (6236fee84742)
		b'[unknown]' (6236fcd85cb0)
		b'[unknown]' (6236fcd85d84)
		b'[unknown]' (6236fcd83f03)
		b'[unknown]' (6236fcd82139)
		b'[unknown]' (6236fcd806c6)
		b'[unknown]' (6236fcd7dbbf)
		b'[unknown]' (6236fcd79bb3)
		b'[unknown]' (6236fcd76206)
		b'[unknown]' (6236fcd68821)
		b'[unknown]' (6236fcd66c41)
		b'[unknown]' (6236fcd666bd)
		b'[unknown]' (6236fa627325)
		b'[unknown]' (6236fa62808a)
		b'[unknown]' (6236fa62c176)
		b'[unknown]' (6236fa3321c9)
		b'[unknown]' (6236fa33dd18)
		b'[unknown]' (6236fa33e46b)
		b'[unknown]' (6236fa33dd70)
		b'[unknown]' (6236fed9754e)
		b'[unknown]' (6236f7ee69ac)
		b'[unknown]' (6236f7ee9125)
		b'[unknown]' (6236f7eec3a0)
		b'[unknown]' (6236f7eed325)
		b'[unknown]' (6236f7eec7be)
		b'[unknown]' (6236f7eec86f)
		b'[unknown]' (6236f7ee8ad5)
		b'[unknown]' (6236f7ee8bc3)
		b'[unknown]' (6236f7ef1105)
		b'[unknown]' (6236f7ee7eb9)
		b'[unknown]' (6236f7ee7f5b)
		b'[unknown]' (6236f7ef3e5e)
		b'[unknown]' (6236f7ef49e5)
		b'[unknown]' (6236f7ef5066)
		b'[unknown]' (6236f7ef5df5)
		b'[unknown]' (6236f7ed7f38)
		b'[unknown]' (6236fea64b8d)
		b'[unknown]' (6236fea65171)
		b'[unknown]' (6236fea651e4)
		b'[unknown]' (6236fea65273)
		b'[unknown]' (6236fea652d7)
		b'[unknown]' (6236fea6581e)
		b'[unknown]' (6236fea65a0e)
		b'[unknown]' (6236fea65aad)
		b'[unknown]' (6236fea65b3b)
		b'[unknown]' (6236fea666ca)
		b'[unknown]' (6236fea6678b)
		b'[unknown]' (6236fea6797d)
		b'[unknown]' (6236f7d88dd2)
		b'[unknown]' (6236fea6b3d9)
		b'[unknown]' (6236fea6c3d5)
		b'[unknown]' (6236fea6b380)
		b'[unknown]' (6236fea6c529)
		b'[unknown]' (6236f7d88dd2)
		b'[unknown]' (6236fee6a91a)
		b'[unknown]' (6236fee67893)
		b'[unknown]' (6236fee6899a)
		b'[unknown]' (6236f8525afc)
		b'[unknown]' (6236fee6d592)
		b'[unknown]' (6236fee6e112)
		b'[unknown]' (6236f8525afc)
		b'[unknown]' (6236fee6d4db)
		b'[unknown]' (7c043a894ac3)

	Not found in mutex_ids. mutex (b'[unknown]') 504dffc3ae78 ::: wait time 5971.12us ::: hold time 14190.93us ::: enter count 2309
		b'[unknown]' (6236f9ad3c3a)
		b'[unknown]' (6236f9ad6190)
		b'[unknown]' (6236fee87b95)
		b'[unknown]' (6236fee9b71f)
		b'[unknown]' (6236fee97f34)
		b'[unknown]' (6236fee84cbf)
		b'[unknown]' (6236f949285e)
		b'[unknown]' (6236f94907af)
		b'[unknown]' (6236f948ef38)
		b'[unknown]' (6236f948ee78)
		b'[unknown]' (6236fcd73960)
		b'[unknown]' (6236fcd84c9e)
		b'[unknown]' (6236fcd83414)
		b'[unknown]' (6236fcd8163b)
		b'[unknown]' (6236fcd7f951)
		b'[unknown]' (6236fcd7cc48)
		b'[unknown]' (6236fcd78cdd)
		b'[unknown]' (6236fcd6d02c)
		b'[unknown]' (6236fcd65d21)
		b'[unknown]' (6236f8676266)
		b'[unknown]' (6236f8675bab)
		b'[unknown]' (6236f867537a)
		b'[unknown]' (6236f86750a2)
		b'[unknown]' (6236fa6284a3)
		b'[unknown]' (6236fa62c176)
		b'[unknown]' (6236fa3321c9)
		b'[unknown]' (6236fa33dd18)
		b'[unknown]' (6236fa33e46b)
		b'[unknown]' (6236fa33dd70)
		b'[unknown]' (6236fed9754e)
		b'[unknown]' (6236f7ee69ac)
		b'[unknown]' (6236f7ee9125)
		b'[unknown]' (6236f7eec3a0)
		b'[unknown]' (6236f7eed325)
		b'[unknown]' (6236f7eec7be)
		b'[unknown]' (6236f7eec86f)
		b'[unknown]' (6236f7ee8ad5)
		b'[unknown]' (6236f7ee8bc3)
		b'[unknown]' (6236f7ef1105)
		b'[unknown]' (6236f7ee7eb9)
		b'[unknown]' (6236f7ee7f5b)
		b'[unknown]' (6236f7ef3e5e)
		b'[unknown]' (6236f7ef49e5)
		b'[unknown]' (6236f7ef5066)
		b'[unknown]' (6236f7ef5df5)
		b'[unknown]' (6236f7ed7f38)
		b'[unknown]' (6236fea64b8d)
		b'[unknown]' (6236fea65171)
		b'[unknown]' (6236fea651e4)
		b'[unknown]' (6236fea65273)
		b'[unknown]' (6236fea652d7)
		b'[unknown]' (6236fea6581e)
		b'[unknown]' (6236fea65a0e)
		b'[unknown]' (6236fea65aad)
		b'[unknown]' (6236fea65b3b)
		b'[unknown]' (6236fea666ca)
		b'[unknown]' (6236fea6678b)
		b'[unknown]' (6236fea6797d)
		b'[unknown]' (6236f7d88dd2)
		b'[unknown]' (6236fea6b3d9)
		b'[unknown]' (6236fea6c3d5)
		b'[unknown]' (6236fea6b380)
		b'[unknown]' (6236fea6c529)
		b'[unknown]' (6236f7d88dd2)
		b'[unknown]' (6236fee6a91a)
		b'[unknown]' (6236fee67893)
		b'[unknown]' (6236fee6899a)
		b'[unknown]' (6236f8525afc)
		b'[unknown]' (6236fee6d592)
		b'[unknown]' (6236fee6e112)
		b'[unknown]' (6236f8525afc)
		b'[unknown]' (6236fee6d4db)
		b'[unknown]' (7c043a894ac3)

	Not found in mutex_ids. mutex (b'[unknown]') 504dffc3b190 ::: wait time 5970.60us ::: hold time 19194.50us ::: enter count 2188
		b'[unknown]' (6236f9ad3c3a)
		b'[unknown]' (6236f9ad6190)
		b'[unknown]' (6236fee87859)
		b'[unknown]' (6236fee9a513)
		b'[unknown]' (6236fee97c33)
		b'[unknown]' (6236fee83d1b)
		b'[unknown]' (6236fee83aa6)
		b'[unknown]' (6236fee860ca)
		b'[unknown]' (6236fee85c86)
		b'[unknown]' (6236fee85a16)
		b'[unknown]' (6236fee84742)
		b'[unknown]' (6236fcd85cb0)
		b'[unknown]' (6236fcd85d84)
		b'[unknown]' (6236fcd83f03)
		b'[unknown]' (6236fcd82139)
		b'[unknown]' (6236fcd806c6)
		b'[unknown]' (6236fcd7dbbf)
		b'[unknown]' (6236fcd79bb3)
		b'[unknown]' (6236fcd76206)
		b'[unknown]' (6236fcd68821)
		b'[unknown]' (6236fcd66c41)
		b'[unknown]' (6236fcd666bd)
		b'[unknown]' (6236fa627325)
		b'[unknown]' (6236fa62808a)
		b'[unknown]' (6236fa62c176)
		b'[unknown]' (6236fa3321c9)
		b'[unknown]' (6236fa33dd18)
		b'[unknown]' (6236fa33e46b)
		b'[unknown]' (6236fa33dd70)
		b'[unknown]' (6236fed9754e)
		b'[unknown]' (6236f7ee69ac)
		b'[unknown]' (6236f7ee9125)
		b'[unknown]' (6236f7eec3a0)
		b'[unknown]' (6236f7eed325)
		b'[unknown]' (6236f7eec7be)
		b'[unknown]' (6236f7eec86f)
		b'[unknown]' (6236f7ee8ad5)
		b'[unknown]' (6236f7ee8bc3)
		b'[unknown]' (6236f7ef1105)
		b'[unknown]' (6236f7ee7eb9)
		b'[unknown]' (6236f7ee7f5b)
		b'[unknown]' (6236f7ef3e5e)
		b'[unknown]' (6236f7ef49e5)
		b'[unknown]' (6236f7ef5066)
		b'[unknown]' (6236f7ef5df5)
		b'[unknown]' (6236f7ed7f38)
		b'[unknown]' (6236fea64b8d)
		b'[unknown]' (6236fea65171)
		b'[unknown]' (6236fea651e4)
		b'[unknown]' (6236fea65273)
		b'[unknown]' (6236fea652d7)
		b'[unknown]' (6236fea6581e)
		b'[unknown]' (6236fea65a0e)
		b'[unknown]' (6236fea65aad)
		b'[unknown]' (6236fea65b3b)
		b'[unknown]' (6236fea666ca)
		b'[unknown]' (6236fea6678b)
		b'[unknown]' (6236fea6797d)
		b'[unknown]' (6236f7d88dd2)
		b'[unknown]' (6236fea6b3d9)
		b'[unknown]' (6236fea6c3d5)
		b'[unknown]' (6236fea6b380)
		b'[unknown]' (6236fea6c529)
		b'[unknown]' (6236f7d88dd2)
		b'[unknown]' (6236fee6a91a)
		b'[unknown]' (6236fee67893)
		b'[unknown]' (6236fee6899a)
		b'[unknown]' (6236f8525afc)
		b'[unknown]' (6236fee6d592)
		b'[unknown]' (6236fee6e112)
		b'[unknown]' (6236f8525afc)
		b'[unknown]' (6236fee6d4db)
		b'[unknown]' (7c043a894ac3)

	Not found in mutex_ids. mutex (b'[unknown]') 504dffc3aec0 ::: wait time 5960.09us ::: hold time 19315.00us ::: enter count 2178
		b'[unknown]' (6236f9ad3c3a)
		b'[unknown]' (6236f9ad6190)
		b'[unknown]' (6236fee87859)
		b'[unknown]' (6236fee9a513)
		b'[unknown]' (6236fee97c33)
		b'[unknown]' (6236fee83d1b)
		b'[unknown]' (6236fee83aa6)
		b'[unknown]' (6236fee860ca)
		b'[unknown]' (6236fee85c86)
		b'[unknown]' (6236fee85a16)
		b'[unknown]' (6236fee84742)
		b'[unknown]' (6236fcd85cb0)
		b'[unknown]' (6236fcd85d84)
		b'[unknown]' (6236fcd83f03)
		b'[unknown]' (6236fcd82139)
		b'[unknown]' (6236fcd806c6)
		b'[unknown]' (6236fcd7dbbf)
		b'[unknown]' (6236fcd79bb3)
		b'[unknown]' (6236fcd76206)
		b'[unknown]' (6236fcd68821)
		b'[unknown]' (6236fcd66c41)
		b'[unknown]' (6236fcd666bd)
		b'[unknown]' (6236fa627325)
		b'[unknown]' (6236fa62808a)
		b'[unknown]' (6236fa62c176)
		b'[unknown]' (6236fa3321c9)
		b'[unknown]' (6236fa33dd18)
		b'[unknown]' (6236fa33e46b)
		b'[unknown]' (6236fa33dd70)
		b'[unknown]' (6236fed9754e)
		b'[unknown]' (6236f7ee69ac)
		b'[unknown]' (6236f7ee9125)
		b'[unknown]' (6236f7eec3a0)
		b'[unknown]' (6236f7eed325)
		b'[unknown]' (6236f7eec7be)
		b'[unknown]' (6236f7eec86f)
		b'[unknown]' (6236f7ee8ad5)
		b'[unknown]' (6236f7ee8bc3)
		b'[unknown]' (6236f7ef1105)
		b'[unknown]' (6236f7ee7eb9)
		b'[unknown]' (6236f7ee7f5b)
		b'[unknown]' (6236f7ef3e5e)
		b'[unknown]' (6236f7ef49e5)
		b'[unknown]' (6236f7ef5066)
		b'[unknown]' (6236f7ef5df5)
		b'[unknown]' (6236f7ed7f38)
		b'[unknown]' (6236fea64b8d)
		b'[unknown]' (6236fea65171)
		b'[unknown]' (6236fea651e4)
		b'[unknown]' (6236fea65273)
		b'[unknown]' (6236fea652d7)
		b'[unknown]' (6236fea6581e)
		b'[unknown]' (6236fea65a0e)
		b'[unknown]' (6236fea65aad)
		b'[unknown]' (6236fea65b3b)
		b'[unknown]' (6236fea666ca)
		b'[unknown]' (6236fea6678b)
		b'[unknown]' (6236fea6797d)
		b'[unknown]' (6236f7d88dd2)
		b'[unknown]' (6236fea6b3d9)
		b'[unknown]' (6236fea6c3d5)
		b'[unknown]' (6236fea6b380)
		b'[unknown]' (6236fea6c529)
		b'[unknown]' (6236f7d88dd2)
		b'[unknown]' (6236fee6a91a)
		b'[unknown]' (6236fee67893)
		b'[unknown]' (6236fee6899a)
		b'[unknown]' (6236f8525afc)
		b'[unknown]' (6236fee6d592)
		b'[unknown]' (6236fee6e112)
		b'[unknown]' (6236f8525afc)
		b'[unknown]' (6236fee6d4db)
		b'[unknown]' (7c043a894ac3)

	Not found in mutex_ids. mutex (b'[unknown]') 504dffc3acc8 ::: wait time 5938.76us ::: hold time 18975.69us ::: enter count 2179
		b'[unknown]' (6236f9ad3c3a)
		b'[unknown]' (6236f9ad6190)
		b'[unknown]' (6236fee87859)
		b'[unknown]' (6236fee9a513)
		b'[unknown]' (6236fee97c33)
		b'[unknown]' (6236fee83d1b)
		b'[unknown]' (6236fee83aa6)
		b'[unknown]' (6236fee860ca)
		b'[unknown]' (6236fee85c86)
		b'[unknown]' (6236fee85a16)
		b'[unknown]' (6236fee84742)
		b'[unknown]' (6236fcd85cb0)
		b'[unknown]' (6236fcd85d84)
		b'[unknown]' (6236fcd83f03)
		b'[unknown]' (6236fcd82139)
		b'[unknown]' (6236fcd806c6)
		b'[unknown]' (6236fcd7dbbf)
		b'[unknown]' (6236fcd79bb3)
		b'[unknown]' (6236fcd76206)
		b'[unknown]' (6236fcd68821)
		b'[unknown]' (6236fcd66c41)
		b'[unknown]' (6236fcd666bd)
		b'[unknown]' (6236fa627325)
		b'[unknown]' (6236fa62808a)
		b'[unknown]' (6236fa62c176)
		b'[unknown]' (6236fa3321c9)
		b'[unknown]' (6236fa33dd18)
		b'[unknown]' (6236fa33e46b)
		b'[unknown]' (6236fa33dd70)
		b'[unknown]' (6236fed9754e)
		b'[unknown]' (6236f7ee69ac)
		b'[unknown]' (6236f7ee9125)
		b'[unknown]' (6236f7eec3a0)
		b'[unknown]' (6236f7eed325)
		b'[unknown]' (6236f7eec7be)
		b'[unknown]' (6236f7eec86f)
		b'[unknown]' (6236f7ee8ad5)
		b'[unknown]' (6236f7ee8bc3)
		b'[unknown]' (6236f7ef1105)
		b'[unknown]' (6236f7ee7eb9)
		b'[unknown]' (6236f7ee7f5b)
		b'[unknown]' (6236f7ef3e5e)
		b'[unknown]' (6236f7ef49e5)
		b'[unknown]' (6236f7ef5066)
		b'[unknown]' (6236f7ef5df5)
		b'[unknown]' (6236f7ed7f38)
		b'[unknown]' (6236fea64b8d)
		b'[unknown]' (6236fea65171)
		b'[unknown]' (6236fea651e4)
		b'[unknown]' (6236fea65273)
		b'[unknown]' (6236fea652d7)
		b'[unknown]' (6236fea6581e)
		b'[unknown]' (6236fea65a0e)
		b'[unknown]' (6236fea65aad)
		b'[unknown]' (6236fea65b3b)
		b'[unknown]' (6236fea666ca)
		b'[unknown]' (6236fea6678b)
		b'[unknown]' (6236fea6797d)
		b'[unknown]' (6236f7d88dd2)
		b'[unknown]' (6236fea6b3d9)
		b'[unknown]' (6236fea6c3d5)
		b'[unknown]' (6236fea6b380)
		b'[unknown]' (6236fea6c529)
		b'[unknown]' (6236f7d88dd2)
		b'[unknown]' (6236fee6a91a)
		b'[unknown]' (6236fee67893)
		b'[unknown]' (6236fee6899a)
		b'[unknown]' (6236f8525afc)
		b'[unknown]' (6236fee6d592)
		b'[unknown]' (6236fee6e112)
		b'[unknown]' (6236f8525afc)
		b'[unknown]' (6236fee6d4db)
		b'[unknown]' (7c043a894ac3)

	Not found in mutex_ids. mutex (b'[unknown]') 504dffc3ae30 ::: wait time 5931.69us ::: hold time 20047.33us ::: enter count 2230
		b'[unknown]' (6236f9ad3c3a)
		b'[unknown]' (6236f9ad6190)
		b'[unknown]' (6236fee87859)
		b'[unknown]' (6236fee9a513)
		b'[unknown]' (6236fee97c33)
		b'[unknown]' (6236fee83d1b)
		b'[unknown]' (6236fee83aa6)
		b'[unknown]' (6236fee860ca)
		b'[unknown]' (6236fee85c86)
		b'[unknown]' (6236fee85a16)
		b'[unknown]' (6236fee84742)
		b'[unknown]' (6236fcd85cb0)
		b'[unknown]' (6236fcd85d84)
		b'[unknown]' (6236fcd83f03)
		b'[unknown]' (6236fcd82139)
		b'[unknown]' (6236fcd806c6)
		b'[unknown]' (6236fcd7dbbf)
		b'[unknown]' (6236fcd79bb3)
		b'[unknown]' (6236fcd76206)
		b'[unknown]' (6236fcd68821)
		b'[unknown]' (6236fcd66c41)
		b'[unknown]' (6236fcd666bd)
		b'[unknown]' (6236fa627325)
		b'[unknown]' (6236fa62808a)
		b'[unknown]' (6236fa62c176)
		b'[unknown]' (6236fa3321c9)
		b'[unknown]' (6236fa33dd18)
		b'[unknown]' (6236fa33e46b)
		b'[unknown]' (6236fa33dd70)
		b'[unknown]' (6236fed9754e)
		b'[unknown]' (6236f7ee69ac)
		b'[unknown]' (6236f7ee9125)
		b'[unknown]' (6236f7eec3a0)
		b'[unknown]' (6236f7eed325)
		b'[unknown]' (6236f7eec7be)
		b'[unknown]' (6236f7eec86f)
		b'[unknown]' (6236f7ee8ad5)
		b'[unknown]' (6236f7ee8bc3)
		b'[unknown]' (6236f7ef1105)
		b'[unknown]' (6236f7ee7eb9)
		b'[unknown]' (6236f7ee7f5b)
		b'[unknown]' (6236f7ef3e5e)
		b'[unknown]' (6236f7ef49e5)
		b'[unknown]' (6236f7ef5066)
		b'[unknown]' (6236f7ef5df5)
		b'[unknown]' (6236f7ed7f38)
		b'[unknown]' (6236fea64b8d)
		b'[unknown]' (6236fea65171)
		b'[unknown]' (6236fea651e4)
		b'[unknown]' (6236fea65273)
		b'[unknown]' (6236fea652d7)
		b'[unknown]' (6236fea6581e)
		b'[unknown]' (6236fea65a0e)
		b'[unknown]' (6236fea65aad)
		b'[unknown]' (6236fea65b3b)
		b'[unknown]' (6236fea666ca)
		b'[unknown]' (6236fea6678b)
		b'[unknown]' (6236fea6797d)
		b'[unknown]' (6236f7d88dd2)
		b'[unknown]' (6236fea6b3d9)
		b'[unknown]' (6236fea6c3d5)
		b'[unknown]' (6236fea6b380)
		b'[unknown]' (6236fea6c529)
		b'[unknown]' (6236f7d88dd2)
		b'[unknown]' (6236fee6a91a)
		b'[unknown]' (6236fee67893)
		b'[unknown]' (6236fee6899a)
		b'[unknown]' (6236f8525afc)
		b'[unknown]' (6236fee6d592)
		b'[unknown]' (6236fee6e112)
		b'[unknown]' (6236f8525afc)
		b'[unknown]' (6236fee6d4db)
		b'[unknown]' (7c043a894ac3)

	Not found in mutex_ids. mutex (b'[unknown]') 504dffc3b190 ::: wait time 5902.14us ::: hold time 13655.57us ::: enter count 2188
		b'[unknown]' (6236f9ad3c3a)
		b'[unknown]' (6236f9ad6190)
		b'[unknown]' (6236fee87b95)
		b'[unknown]' (6236fee9b71f)
		b'[unknown]' (6236fee97f34)
		b'[unknown]' (6236fee84cbf)
		b'[unknown]' (6236f949285e)
		b'[unknown]' (6236f94907af)
		b'[unknown]' (6236f948ef38)
		b'[unknown]' (6236f948ee78)
		b'[unknown]' (6236fcd73960)
		b'[unknown]' (6236fcd84c9e)
		b'[unknown]' (6236fcd83414)
		b'[unknown]' (6236fcd8163b)
		b'[unknown]' (6236fcd7f951)
		b'[unknown]' (6236fcd7cc48)
		b'[unknown]' (6236fcd78cdd)
		b'[unknown]' (6236fcd6d02c)
		b'[unknown]' (6236fcd65d21)
		b'[unknown]' (6236f8676266)
		b'[unknown]' (6236f8675bab)
		b'[unknown]' (6236f867537a)
		b'[unknown]' (6236f86750a2)
		b'[unknown]' (6236fa6284a3)
		b'[unknown]' (6236fa62c176)
		b'[unknown]' (6236fa3321c9)
		b'[unknown]' (6236fa33dd18)
		b'[unknown]' (6236fa33e46b)
		b'[unknown]' (6236fa33dd70)
		b'[unknown]' (6236fed9754e)
		b'[unknown]' (6236f7ee69ac)
		b'[unknown]' (6236f7ee9125)
		b'[unknown]' (6236f7eec3a0)
		b'[unknown]' (6236f7eed325)
		b'[unknown]' (6236f7eec7be)
		b'[unknown]' (6236f7eec86f)
		b'[unknown]' (6236f7ee8ad5)
		b'[unknown]' (6236f7ee8bc3)
		b'[unknown]' (6236f7ef1105)
		b'[unknown]' (6236f7ee7eb9)
		b'[unknown]' (6236f7ee7f5b)
		b'[unknown]' (6236f7ef3e5e)
		b'[unknown]' (6236f7ef49e5)
		b'[unknown]' (6236f7ef5066)
		b'[unknown]' (6236f7ef5df5)
		b'[unknown]' (6236f7ed7f38)
		b'[unknown]' (6236fea64b8d)
		b'[unknown]' (6236fea65171)
		b'[unknown]' (6236fea651e4)
		b'[unknown]' (6236fea65273)
		b'[unknown]' (6236fea652d7)
		b'[unknown]' (6236fea6581e)
		b'[unknown]' (6236fea65a0e)
		b'[unknown]' (6236fea65aad)
		b'[unknown]' (6236fea65b3b)
		b'[unknown]' (6236fea666ca)
		b'[unknown]' (6236fea6678b)
		b'[unknown]' (6236fea6797d)
		b'[unknown]' (6236f7d88dd2)
		b'[unknown]' (6236fea6b3d9)
		b'[unknown]' (6236fea6c3d5)
		b'[unknown]' (6236fea6b380)
		b'[unknown]' (6236fea6c529)
		b'[unknown]' (6236f7d88dd2)
		b'[unknown]' (6236fee6a91a)
		b'[unknown]' (6236fee67893)
		b'[unknown]' (6236fee6899a)
		b'[unknown]' (6236f8525afc)
		b'[unknown]' (6236fee6d592)
		b'[unknown]' (6236fee6e112)
		b'[unknown]' (6236f8525afc)
		b'[unknown]' (6236fee6d4db)
		b'[unknown]' (7c043a894ac3)

	Not found in mutex_ids. mutex (b'[unknown]') 504dffc3aec0 ::: wait time 5901.12us ::: hold time 13438.34us ::: enter count 2178
		b'[unknown]' (6236f9ad3c3a)
		b'[unknown]' (6236f9ad6190)
		b'[unknown]' (6236fee87b95)
		b'[unknown]' (6236fee9b71f)
		b'[unknown]' (6236fee97f34)
		b'[unknown]' (6236fee84cbf)
		b'[unknown]' (6236f949285e)
		b'[unknown]' (6236f94907af)
		b'[unknown]' (6236f948ef38)
		b'[unknown]' (6236f948ee78)
		b'[unknown]' (6236fcd73960)
		b'[unknown]' (6236fcd84c9e)
		b'[unknown]' (6236fcd83414)
		b'[unknown]' (6236fcd8163b)
		b'[unknown]' (6236fcd7f951)
		b'[unknown]' (6236fcd7cc48)
		b'[unknown]' (6236fcd78cdd)
		b'[unknown]' (6236fcd6d02c)
		b'[unknown]' (6236fcd65d21)
		b'[unknown]' (6236f8676266)
		b'[unknown]' (6236f8675bab)
		b'[unknown]' (6236f867537a)
		b'[unknown]' (6236f86750a2)
		b'[unknown]' (6236fa6284a3)
		b'[unknown]' (6236fa62c176)
		b'[unknown]' (6236fa3321c9)
		b'[unknown]' (6236fa33dd18)
		b'[unknown]' (6236fa33e46b)
		b'[unknown]' (6236fa33dd70)
		b'[unknown]' (6236fed9754e)
		b'[unknown]' (6236f7ee69ac)
		b'[unknown]' (6236f7ee9125)
		b'[unknown]' (6236f7eec3a0)
		b'[unknown]' (6236f7eed325)
		b'[unknown]' (6236f7eec7be)
		b'[unknown]' (6236f7eec86f)
		b'[unknown]' (6236f7ee8ad5)
		b'[unknown]' (6236f7ee8bc3)
		b'[unknown]' (6236f7ef1105)
		b'[unknown]' (6236f7ee7eb9)
		b'[unknown]' (6236f7ee7f5b)
		b'[unknown]' (6236f7ef3e5e)
		b'[unknown]' (6236f7ef49e5)
		b'[unknown]' (6236f7ef5066)
		b'[unknown]' (6236f7ef5df5)
		b'[unknown]' (6236f7ed7f38)
		b'[unknown]' (6236fea64b8d)
		b'[unknown]' (6236fea65171)
		b'[unknown]' (6236fea651e4)
		b'[unknown]' (6236fea65273)
		b'[unknown]' (6236fea652d7)
		b'[unknown]' (6236fea6581e)
		b'[unknown]' (6236fea65a0e)
		b'[unknown]' (6236fea65aad)
		b'[unknown]' (6236fea65b3b)
		b'[unknown]' (6236fea666ca)
		b'[unknown]' (6236fea6678b)
		b'[unknown]' (6236fea6797d)
		b'[unknown]' (6236f7d88dd2)
		b'[unknown]' (6236fea6b3d9)
		b'[unknown]' (6236fea6c3d5)
		b'[unknown]' (6236fea6b380)
		b'[unknown]' (6236fea6c529)
		b'[unknown]' (6236f7d88dd2)
		b'[unknown]' (6236fee6a91a)
		b'[unknown]' (6236fee67893)
		b'[unknown]' (6236fee6899a)
		b'[unknown]' (6236f8525afc)
		b'[unknown]' (6236fee6d592)
		b'[unknown]' (6236fee6e112)
		b'[unknown]' (6236f8525afc)
		b'[unknown]' (6236fee6d4db)
		b'[unknown]' (7c043a894ac3)

	Not found in mutex_ids. mutex (b'[unknown]') 504dffc3acc8 ::: wait time 5880.02us ::: hold time 13408.73us ::: enter count 2179
		b'[unknown]' (6236f9ad3c3a)
		b'[unknown]' (6236f9ad6190)
		b'[unknown]' (6236fee87b95)
		b'[unknown]' (6236fee9b71f)
		b'[unknown]' (6236fee97f34)
		b'[unknown]' (6236fee84cbf)
		b'[unknown]' (6236f949285e)
		b'[unknown]' (6236f94907af)
		b'[unknown]' (6236f948ef38)
		b'[unknown]' (6236f948ee78)
		b'[unknown]' (6236fcd73960)
		b'[unknown]' (6236fcd84c9e)
		b'[unknown]' (6236fcd83414)
		b'[unknown]' (6236fcd8163b)
		b'[unknown]' (6236fcd7f951)
		b'[unknown]' (6236fcd7cc48)
		b'[unknown]' (6236fcd78cdd)
		b'[unknown]' (6236fcd6d02c)
		b'[unknown]' (6236fcd65d21)
		b'[unknown]' (6236f8676266)
		b'[unknown]' (6236f8675bab)
		b'[unknown]' (6236f867537a)
		b'[unknown]' (6236f86750a2)
		b'[unknown]' (6236fa6284a3)
		b'[unknown]' (6236fa62c176)
		b'[unknown]' (6236fa3321c9)
		b'[unknown]' (6236fa33dd18)
		b'[unknown]' (6236fa33e46b)
		b'[unknown]' (6236fa33dd70)
		b'[unknown]' (6236fed9754e)
		b'[unknown]' (6236f7ee69ac)
		b'[unknown]' (6236f7ee9125)
		b'[unknown]' (6236f7eec3a0)
		b'[unknown]' (6236f7eed325)
		b'[unknown]' (6236f7eec7be)
		b'[unknown]' (6236f7eec86f)
		b'[unknown]' (6236f7ee8ad5)
		b'[unknown]' (6236f7ee8bc3)
		b'[unknown]' (6236f7ef1105)
		b'[unknown]' (6236f7ee7eb9)
		b'[unknown]' (6236f7ee7f5b)
		b'[unknown]' (6236f7ef3e5e)
		b'[unknown]' (6236f7ef49e5)
		b'[unknown]' (6236f7ef5066)
		b'[unknown]' (6236f7ef5df5)
		b'[unknown]' (6236f7ed7f38)
		b'[unknown]' (6236fea64b8d)
		b'[unknown]' (6236fea65171)
		b'[unknown]' (6236fea651e4)
		b'[unknown]' (6236fea65273)
		b'[unknown]' (6236fea652d7)
		b'[unknown]' (6236fea6581e)
		b'[unknown]' (6236fea65a0e)
		b'[unknown]' (6236fea65aad)
		b'[unknown]' (6236fea65b3b)
		b'[unknown]' (6236fea666ca)
		b'[unknown]' (6236fea6678b)
		b'[unknown]' (6236fea6797d)
		b'[unknown]' (6236f7d88dd2)
		b'[unknown]' (6236fea6b3d9)
		b'[unknown]' (6236fea6c3d5)
		b'[unknown]' (6236fea6b380)
		b'[unknown]' (6236fea6c529)
		b'[unknown]' (6236f7d88dd2)
		b'[unknown]' (6236fee6a91a)
		b'[unknown]' (6236fee67893)
		b'[unknown]' (6236fee6899a)
		b'[unknown]' (6236f8525afc)
		b'[unknown]' (6236fee6d592)
		b'[unknown]' (6236fee6e112)
		b'[unknown]' (6236f8525afc)
		b'[unknown]' (6236fee6d4db)
		b'[unknown]' (7c043a894ac3)

	Not found in mutex_ids. mutex (b'[unknown]') 504dffc3b070 ::: wait time 5873.36us ::: hold time 15485.05us ::: enter count 2288
		b'[unknown]' (6236f9ad3c3a)
		b'[unknown]' (6236f9ad6190)
		b'[unknown]' (6236fee87859)
		b'[unknown]' (6236fee9a513)
		b'[unknown]' (6236fee977b7)
		b'[unknown]' (6236fee83d5f)
		b'[unknown]' (6236fee83aa6)
		b'[unknown]' (6236fee860ca)
		b'[unknown]' (6236fee85c86)
		b'[unknown]' (6236fee85a16)
		b'[unknown]' (6236fee84742)
		b'[unknown]' (6236fcd85cb0)
		b'[unknown]' (6236fcd85d84)
		b'[unknown]' (6236fcd83f03)
		b'[unknown]' (6236fcd82139)
		b'[unknown]' (6236fcd806c6)
		b'[unknown]' (6236fcd7dbbf)
		b'[unknown]' (6236fcd79bb3)
		b'[unknown]' (6236fcd76206)
		b'[unknown]' (6236fcd68821)
		b'[unknown]' (6236fcd66c41)
		b'[unknown]' (6236fcd666bd)
		b'[unknown]' (6236fa627325)
		b'[unknown]' (6236fa62808a)
		b'[unknown]' (6236fa62c176)
		b'[unknown]' (6236fa3321c9)
		b'[unknown]' (6236fa33dd18)
		b'[unknown]' (6236fa33e46b)
		b'[unknown]' (6236fa33dd70)
		b'[unknown]' (6236fed9754e)
		b'[unknown]' (6236f7ee69ac)
		b'[unknown]' (6236f7ee9125)
		b'[unknown]' (6236f7eec3a0)
		b'[unknown]' (6236f7eed325)
		b'[unknown]' (6236f7eec7be)
		b'[unknown]' (6236f7eec86f)
		b'[unknown]' (6236f7ee8ad5)
		b'[unknown]' (6236f7ee8bc3)
		b'[unknown]' (6236f7ef1105)
		b'[unknown]' (6236f7ee7eb9)
		b'[unknown]' (6236f7ee7f5b)
		b'[unknown]' (6236f7ef3e5e)
		b'[unknown]' (6236f7ef49e5)
		b'[unknown]' (6236f7ef5066)
		b'[unknown]' (6236f7ef5df5)
		b'[unknown]' (6236f7ed7f38)
		b'[unknown]' (6236fea64b8d)
		b'[unknown]' (6236fea65171)
		b'[unknown]' (6236fea651e4)
		b'[unknown]' (6236fea65273)
		b'[unknown]' (6236fea652d7)
		b'[unknown]' (6236fea6581e)
		b'[unknown]' (6236fea65a0e)
		b'[unknown]' (6236fea65aad)
		b'[unknown]' (6236fea65b3b)
		b'[unknown]' (6236fea666ca)
		b'[unknown]' (6236fea6678b)
		b'[unknown]' (6236fea6797d)
		b'[unknown]' (6236f7d88dd2)
		b'[unknown]' (6236fea6b3d9)
		b'[unknown]' (6236fea6c3d5)
		b'[unknown]' (6236fea6b380)
		b'[unknown]' (6236fea6c529)
		b'[unknown]' (6236f7d88dd2)
		b'[unknown]' (6236fee6a91a)
		b'[unknown]' (6236fee67893)
		b'[unknown]' (6236fee6899a)
		b'[unknown]' (6236f8525afc)
		b'[unknown]' (6236fee6d592)
		b'[unknown]' (6236fee6e112)
		b'[unknown]' (6236f8525afc)
		b'[unknown]' (6236fee6d4db)
		b'[unknown]' (7c043a894ac3)

	Not found in mutex_ids. mutex (b'[unknown]') 504dffc3ac38 ::: wait time 5848.68us ::: hold time 19595.07us ::: enter count 2235
		b'[unknown]' (6236f9ad3c3a)
		b'[unknown]' (6236f9ad6190)
		b'[unknown]' (6236fee87859)
		b'[unknown]' (6236fee9a513)
		b'[unknown]' (6236fee97c33)
		b'[unknown]' (6236fee83d1b)
		b'[unknown]' (6236fee83aa6)
		b'[unknown]' (6236fee860ca)
		b'[unknown]' (6236fee85c86)
		b'[unknown]' (6236fee85a16)
		b'[unknown]' (6236fee84742)
		b'[unknown]' (6236fcd85cb0)
		b'[unknown]' (6236fcd85d84)
		b'[unknown]' (6236fcd83f03)
		b'[unknown]' (6236fcd82139)
		b'[unknown]' (6236fcd806c6)
		b'[unknown]' (6236fcd7dbbf)
		b'[unknown]' (6236fcd79bb3)
		b'[unknown]' (6236fcd76206)
		b'[unknown]' (6236fcd68821)
		b'[unknown]' (6236fcd66c41)
		b'[unknown]' (6236fcd666bd)
		b'[unknown]' (6236fa627325)
		b'[unknown]' (6236fa62808a)
		b'[unknown]' (6236fa62c176)
		b'[unknown]' (6236fa3321c9)
		b'[unknown]' (6236fa33dd18)
		b'[unknown]' (6236fa33e46b)
		b'[unknown]' (6236fa33dd70)
		b'[unknown]' (6236fed9754e)
		b'[unknown]' (6236f7ee69ac)
		b'[unknown]' (6236f7ee9125)
		b'[unknown]' (6236f7eec3a0)
		b'[unknown]' (6236f7eed325)
		b'[unknown]' (6236f7eec7be)
		b'[unknown]' (6236f7eec86f)
		b'[unknown]' (6236f7ee8ad5)
		b'[unknown]' (6236f7ee8bc3)
		b'[unknown]' (6236f7ef1105)
		b'[unknown]' (6236f7ee7eb9)
		b'[unknown]' (6236f7ee7f5b)
		b'[unknown]' (6236f7ef3e5e)
		b'[unknown]' (6236f7ef49e5)
		b'[unknown]' (6236f7ef5066)
		b'[unknown]' (6236f7ef5df5)
		b'[unknown]' (6236f7ed7f38)
		b'[unknown]' (6236fea64b8d)
		b'[unknown]' (6236fea65171)
		b'[unknown]' (6236fea651e4)
		b'[unknown]' (6236fea65273)
		b'[unknown]' (6236fea652d7)
		b'[unknown]' (6236fea6581e)
		b'[unknown]' (6236fea65a0e)
		b'[unknown]' (6236fea65aad)
		b'[unknown]' (6236fea65b3b)
		b'[unknown]' (6236fea666ca)
		b'[unknown]' (6236fea6678b)
		b'[unknown]' (6236fea6797d)
		b'[unknown]' (6236f7d88dd2)
		b'[unknown]' (6236fea6b3d9)
		b'[unknown]' (6236fea6c3d5)
		b'[unknown]' (6236fea6b380)
		b'[unknown]' (6236fea6c529)
		b'[unknown]' (6236f7d88dd2)
		b'[unknown]' (6236fee6a91a)
		b'[unknown]' (6236fee67893)
		b'[unknown]' (6236fee6899a)
		b'[unknown]' (6236f8525afc)
		b'[unknown]' (6236fee6d592)
		b'[unknown]' (6236fee6e112)
		b'[unknown]' (6236f8525afc)
		b'[unknown]' (6236fee6d4db)
		b'[unknown]' (7c043a894ac3)

	Not found in mutex_ids. mutex (b'[unknown]') 504dffc3b2f8 ::: wait time 5798.95us ::: hold time 19183.42us ::: enter count 2214
		b'[unknown]' (6236f9ad3c3a)
		b'[unknown]' (6236f9ad6190)
		b'[unknown]' (6236fee87859)
		b'[unknown]' (6236fee9a513)
		b'[unknown]' (6236fee97c33)
		b'[unknown]' (6236fee83d1b)
		b'[unknown]' (6236fee83aa6)
		b'[unknown]' (6236fee860ca)
		b'[unknown]' (6236fee85c86)
		b'[unknown]' (6236fee85a16)
		b'[unknown]' (6236fee84742)
		b'[unknown]' (6236fcd85cb0)
		b'[unknown]' (6236fcd85d84)
		b'[unknown]' (6236fcd83f03)
		b'[unknown]' (6236fcd82139)
		b'[unknown]' (6236fcd806c6)
		b'[unknown]' (6236fcd7dbbf)
		b'[unknown]' (6236fcd79bb3)
		b'[unknown]' (6236fcd76206)
		b'[unknown]' (6236fcd68821)
		b'[unknown]' (6236fcd66c41)
		b'[unknown]' (6236fcd666bd)
		b'[unknown]' (6236fa627325)
		b'[unknown]' (6236fa62808a)
		b'[unknown]' (6236fa62c176)
		b'[unknown]' (6236fa3321c9)
		b'[unknown]' (6236fa33dd18)
		b'[unknown]' (6236fa33e46b)
		b'[unknown]' (6236fa33dd70)
		b'[unknown]' (6236fed9754e)
		b'[unknown]' (6236f7ee69ac)
		b'[unknown]' (6236f7ee9125)
		b'[unknown]' (6236f7eec3a0)
		b'[unknown]' (6236f7eed325)
		b'[unknown]' (6236f7eec7be)
		b'[unknown]' (6236f7eec86f)
		b'[unknown]' (6236f7ee8ad5)
		b'[unknown]' (6236f7ee8bc3)
		b'[unknown]' (6236f7ef1105)
		b'[unknown]' (6236f7ee7eb9)
		b'[unknown]' (6236f7ee7f5b)
		b'[unknown]' (6236f7ef3e5e)
		b'[unknown]' (6236f7ef49e5)
		b'[unknown]' (6236f7ef5066)
		b'[unknown]' (6236f7ef5df5)
		b'[unknown]' (6236f7ed7f38)
		b'[unknown]' (6236fea64b8d)
		b'[unknown]' (6236fea65171)
		b'[unknown]' (6236fea651e4)
		b'[unknown]' (6236fea65273)
		b'[unknown]' (6236fea652d7)
		b'[unknown]' (6236fea6581e)
		b'[unknown]' (6236fea65a0e)
		b'[unknown]' (6236fea65aad)
		b'[unknown]' (6236fea65b3b)
		b'[unknown]' (6236fea666ca)
		b'[unknown]' (6236fea6678b)
		b'[unknown]' (6236fea6797d)
		b'[unknown]' (6236f7d88dd2)
		b'[unknown]' (6236fea6b3d9)
		b'[unknown]' (6236fea6c3d5)
		b'[unknown]' (6236fea6b380)
		b'[unknown]' (6236fea6c529)
		b'[unknown]' (6236f7d88dd2)
		b'[unknown]' (6236fee6a91a)
		b'[unknown]' (6236fee67893)
		b'[unknown]' (6236fee6899a)
		b'[unknown]' (6236f8525afc)
		b'[unknown]' (6236fee6d592)
		b'[unknown]' (6236fee6e112)
		b'[unknown]' (6236f8525afc)
		b'[unknown]' (6236fee6d4db)
		b'[unknown]' (7c043a894ac3)

	Not found in mutex_ids. mutex (b'[unknown]') 504dffc3b220 ::: wait time 5780.64us ::: hold time 15485.70us ::: enter count 2250
		b'[unknown]' (6236f9ad3c3a)
		b'[unknown]' (6236f9ad6190)
		b'[unknown]' (6236fee87859)
		b'[unknown]' (6236fee9a513)
		b'[unknown]' (6236fee977b7)
		b'[unknown]' (6236fee83d5f)
		b'[unknown]' (6236fee83aa6)
		b'[unknown]' (6236fee860ca)
		b'[unknown]' (6236fee85c86)
		b'[unknown]' (6236fee85a16)
		b'[unknown]' (6236fee84742)
		b'[unknown]' (6236fcd85cb0)
		b'[unknown]' (6236fcd85d84)
		b'[unknown]' (6236fcd83f03)
		b'[unknown]' (6236fcd82139)
		b'[unknown]' (6236fcd806c6)
		b'[unknown]' (6236fcd7dbbf)
		b'[unknown]' (6236fcd79bb3)
		b'[unknown]' (6236fcd76206)
		b'[unknown]' (6236fcd68821)
		b'[unknown]' (6236fcd66c41)
		b'[unknown]' (6236fcd666bd)
		b'[unknown]' (6236fa627325)
		b'[unknown]' (6236fa62808a)
		b'[unknown]' (6236fa62c176)
		b'[unknown]' (6236fa3321c9)
		b'[unknown]' (6236fa33dd18)
		b'[unknown]' (6236fa33e46b)
		b'[unknown]' (6236fa33dd70)
		b'[unknown]' (6236fed9754e)
		b'[unknown]' (6236f7ee69ac)
		b'[unknown]' (6236f7ee9125)
		b'[unknown]' (6236f7eec3a0)
		b'[unknown]' (6236f7eed325)
		b'[unknown]' (6236f7eec7be)
		b'[unknown]' (6236f7eec86f)
		b'[unknown]' (6236f7ee8ad5)
		b'[unknown]' (6236f7ee8bc3)
		b'[unknown]' (6236f7ef1105)
		b'[unknown]' (6236f7ee7eb9)
		b'[unknown]' (6236f7ee7f5b)
		b'[unknown]' (6236f7ef3e5e)
		b'[unknown]' (6236f7ef49e5)
		b'[unknown]' (6236f7ef5066)
		b'[unknown]' (6236f7ef5df5)
		b'[unknown]' (6236f7ed7f38)
		b'[unknown]' (6236fea64b8d)
		b'[unknown]' (6236fea65171)
		b'[unknown]' (6236fea651e4)
		b'[unknown]' (6236fea65273)
		b'[unknown]' (6236fea652d7)
		b'[unknown]' (6236fea6581e)
		b'[unknown]' (6236fea65a0e)
		b'[unknown]' (6236fea65aad)
		b'[unknown]' (6236fea65b3b)
		b'[unknown]' (6236fea666ca)
		b'[unknown]' (6236fea6678b)
		b'[unknown]' (6236fea6797d)
		b'[unknown]' (6236f7d88dd2)
		b'[unknown]' (6236fea6b3d9)
		b'[unknown]' (6236fea6c3d5)
		b'[unknown]' (6236fea6b380)
		b'[unknown]' (6236fea6c529)
		b'[unknown]' (6236f7d88dd2)
		b'[unknown]' (6236fee6a91a)
		b'[unknown]' (6236fee67893)
		b'[unknown]' (6236fee6899a)
		b'[unknown]' (6236f8525afc)
		b'[unknown]' (6236fee6d592)
		b'[unknown]' (6236fee6e112)
		b'[unknown]' (6236f8525afc)
		b'[unknown]' (6236fee6d4db)
		b'[unknown]' (7c043a894ac3)

	Not found in mutex_ids. mutex (b'[unknown]') 504dffc3aad0 ::: wait time 5779.53us ::: hold time 18860.60us ::: enter count 2160
		b'[unknown]' (6236f9ad3c3a)
		b'[unknown]' (6236f9ad6190)
		b'[unknown]' (6236fee87859)
		b'[unknown]' (6236fee9a513)
		b'[unknown]' (6236fee97c33)
		b'[unknown]' (6236fee83d1b)
		b'[unknown]' (6236fee83aa6)
		b'[unknown]' (6236fee860ca)
		b'[unknown]' (6236fee85c86)
		b'[unknown]' (6236fee85a16)
		b'[unknown]' (6236fee84742)
		b'[unknown]' (6236fcd85cb0)
		b'[unknown]' (6236fcd85d84)
		b'[unknown]' (6236fcd83f03)
		b'[unknown]' (6236fcd82139)
		b'[unknown]' (6236fcd806c6)
		b'[unknown]' (6236fcd7dbbf)
		b'[unknown]' (6236fcd79bb3)
		b'[unknown]' (6236fcd76206)
		b'[unknown]' (6236fcd68821)
		b'[unknown]' (6236fcd66c41)
		b'[unknown]' (6236fcd666bd)
		b'[unknown]' (6236fa627325)
		b'[unknown]' (6236fa62808a)
		b'[unknown]' (6236fa62c176)
		b'[unknown]' (6236fa3321c9)
		b'[unknown]' (6236fa33dd18)
		b'[unknown]' (6236fa33e46b)
		b'[unknown]' (6236fa33dd70)
		b'[unknown]' (6236fed9754e)
		b'[unknown]' (6236f7ee69ac)
		b'[unknown]' (6236f7ee9125)
		b'[unknown]' (6236f7eec3a0)
		b'[unknown]' (6236f7eed325)
		b'[unknown]' (6236f7eec7be)
		b'[unknown]' (6236f7eec86f)
		b'[unknown]' (6236f7ee8ad5)
		b'[unknown]' (6236f7ee8bc3)
		b'[unknown]' (6236f7ef1105)
		b'[unknown]' (6236f7ee7eb9)
		b'[unknown]' (6236f7ee7f5b)
		b'[unknown]' (6236f7ef3e5e)
		b'[unknown]' (6236f7ef49e5)
		b'[unknown]' (6236f7ef5066)
		b'[unknown]' (6236f7ef5df5)
		b'[unknown]' (6236f7ed7f38)
		b'[unknown]' (6236fea64b8d)
		b'[unknown]' (6236fea65171)
		b'[unknown]' (6236fea651e4)
		b'[unknown]' (6236fea65273)
		b'[unknown]' (6236fea652d7)
		b'[unknown]' (6236fea6581e)
		b'[unknown]' (6236fea65a0e)
		b'[unknown]' (6236fea65aad)
		b'[unknown]' (6236fea65b3b)
		b'[unknown]' (6236fea666ca)
		b'[unknown]' (6236fea6678b)
		b'[unknown]' (6236fea6797d)
		b'[unknown]' (6236f7d88dd2)
		b'[unknown]' (6236fea6b3d9)
		b'[unknown]' (6236fea6c3d5)
		b'[unknown]' (6236fea6b380)
		b'[unknown]' (6236fea6c529)
		b'[unknown]' (6236f7d88dd2)
		b'[unknown]' (6236fee6a91a)
		b'[unknown]' (6236fee67893)
		b'[unknown]' (6236fee6899a)
		b'[unknown]' (6236f8525afc)
		b'[unknown]' (6236fee6d592)
		b'[unknown]' (6236fee6e112)
		b'[unknown]' (6236f8525afc)
		b'[unknown]' (6236fee6d4db)
		b'[unknown]' (7c043a894ac3)

	Not found in mutex_ids. mutex (b'[unknown]') 504dffc3aad0 ::: wait time 5777.29us ::: hold time 13218.90us ::: enter count 2160
		b'[unknown]' (6236f9ad3c3a)
		b'[unknown]' (6236f9ad6190)
		b'[unknown]' (6236fee87b95)
		b'[unknown]' (6236fee9b71f)
		b'[unknown]' (6236fee97f34)
		b'[unknown]' (6236fee84cbf)
		b'[unknown]' (6236f949285e)
		b'[unknown]' (6236f94907af)
		b'[unknown]' (6236f948ef38)
		b'[unknown]' (6236f948ee78)
		b'[unknown]' (6236fcd73960)
		b'[unknown]' (6236fcd84c9e)
		b'[unknown]' (6236fcd83414)
		b'[unknown]' (6236fcd8163b)
		b'[unknown]' (6236fcd7f951)
		b'[unknown]' (6236fcd7cc48)
		b'[unknown]' (6236fcd78cdd)
		b'[unknown]' (6236fcd6d02c)
		b'[unknown]' (6236fcd65d21)
		b'[unknown]' (6236f8676266)
		b'[unknown]' (6236f8675bab)
		b'[unknown]' (6236f867537a)
		b'[unknown]' (6236f86750a2)
		b'[unknown]' (6236fa6284a3)
		b'[unknown]' (6236fa62c176)
		b'[unknown]' (6236fa3321c9)
		b'[unknown]' (6236fa33dd18)
		b'[unknown]' (6236fa33e46b)
		b'[unknown]' (6236fa33dd70)
		b'[unknown]' (6236fed9754e)
		b'[unknown]' (6236f7ee69ac)
		b'[unknown]' (6236f7ee9125)
		b'[unknown]' (6236f7eec3a0)
		b'[unknown]' (6236f7eed325)
		b'[unknown]' (6236f7eec7be)
		b'[unknown]' (6236f7eec86f)
		b'[unknown]' (6236f7ee8ad5)
		b'[unknown]' (6236f7ee8bc3)
		b'[unknown]' (6236f7ef1105)
		b'[unknown]' (6236f7ee7eb9)
		b'[unknown]' (6236f7ee7f5b)
		b'[unknown]' (6236f7ef3e5e)
		b'[unknown]' (6236f7ef49e5)
		b'[unknown]' (6236f7ef5066)
		b'[unknown]' (6236f7ef5df5)
		b'[unknown]' (6236f7ed7f38)
		b'[unknown]' (6236fea64b8d)
		b'[unknown]' (6236fea65171)
		b'[unknown]' (6236fea651e4)
		b'[unknown]' (6236fea65273)
		b'[unknown]' (6236fea652d7)
		b'[unknown]' (6236fea6581e)
		b'[unknown]' (6236fea65a0e)
		b'[unknown]' (6236fea65aad)
		b'[unknown]' (6236fea65b3b)
		b'[unknown]' (6236fea666ca)
		b'[unknown]' (6236fea6678b)
		b'[unknown]' (6236fea6797d)
		b'[unknown]' (6236f7d88dd2)
		b'[unknown]' (6236fea6b3d9)
		b'[unknown]' (6236fea6c3d5)
		b'[unknown]' (6236fea6b380)
		b'[unknown]' (6236fea6c529)
		b'[unknown]' (6236f7d88dd2)
		b'[unknown]' (6236fee6a91a)
		b'[unknown]' (6236fee67893)
		b'[unknown]' (6236fee6899a)
		b'[unknown]' (6236f8525afc)
		b'[unknown]' (6236fee6d592)
		b'[unknown]' (6236fee6e112)
		b'[unknown]' (6236f8525afc)
		b'[unknown]' (6236fee6d4db)
		b'[unknown]' (7c043a894ac3)

	Not found in mutex_ids. mutex (b'[unknown]') 504dffc3ab18 ::: wait time 5758.04us ::: hold time 15654.70us ::: enter count 2289
		b'[unknown]' (6236f9ad3c3a)
		b'[unknown]' (6236f9ad6190)
		b'[unknown]' (6236fee87859)
		b'[unknown]' (6236fee9a513)
		b'[unknown]' (6236fee977b7)
		b'[unknown]' (6236fee83d5f)
		b'[unknown]' (6236fee83aa6)
		b'[unknown]' (6236fee860ca)
		b'[unknown]' (6236fee85c86)
		b'[unknown]' (6236fee85a16)
		b'[unknown]' (6236fee84742)
		b'[unknown]' (6236fcd85cb0)
		b'[unknown]' (6236fcd85d84)
		b'[unknown]' (6236fcd83f03)
		b'[unknown]' (6236fcd82139)
		b'[unknown]' (6236fcd806c6)
		b'[unknown]' (6236fcd7dbbf)
		b'[unknown]' (6236fcd79bb3)
		b'[unknown]' (6236fcd76206)
		b'[unknown]' (6236fcd68821)
		b'[unknown]' (6236fcd66c41)
		b'[unknown]' (6236fcd666bd)
		b'[unknown]' (6236fa627325)
		b'[unknown]' (6236fa62808a)
		b'[unknown]' (6236fa62c176)
		b'[unknown]' (6236fa3321c9)
		b'[unknown]' (6236fa33dd18)
		b'[unknown]' (6236fa33e46b)
		b'[unknown]' (6236fa33dd70)
		b'[unknown]' (6236fed9754e)
		b'[unknown]' (6236f7ee69ac)
		b'[unknown]' (6236f7ee9125)
		b'[unknown]' (6236f7eec3a0)
		b'[unknown]' (6236f7eed325)
		b'[unknown]' (6236f7eec7be)
		b'[unknown]' (6236f7eec86f)
		b'[unknown]' (6236f7ee8ad5)
		b'[unknown]' (6236f7ee8bc3)
		b'[unknown]' (6236f7ef1105)
		b'[unknown]' (6236f7ee7eb9)
		b'[unknown]' (6236f7ee7f5b)
		b'[unknown]' (6236f7ef3e5e)
		b'[unknown]' (6236f7ef49e5)
		b'[unknown]' (6236f7ef5066)
		b'[unknown]' (6236f7ef5df5)
		b'[unknown]' (6236f7ed7f38)
		b'[unknown]' (6236fea64b8d)
		b'[unknown]' (6236fea65171)
		b'[unknown]' (6236fea651e4)
		b'[unknown]' (6236fea65273)
		b'[unknown]' (6236fea652d7)
		b'[unknown]' (6236fea6581e)
		b'[unknown]' (6236fea65a0e)
		b'[unknown]' (6236fea65aad)
		b'[unknown]' (6236fea65b3b)
		b'[unknown]' (6236fea666ca)
		b'[unknown]' (6236fea6678b)
		b'[unknown]' (6236fea6797d)
		b'[unknown]' (6236f7d88dd2)
		b'[unknown]' (6236fea6b3d9)
		b'[unknown]' (6236fea6c3d5)
		b'[unknown]' (6236fea6b380)
		b'[unknown]' (6236fea6c529)
		b'[unknown]' (6236f7d88dd2)
		b'[unknown]' (6236fee6a91a)
		b'[unknown]' (6236fee67893)
		b'[unknown]' (6236fee6899a)
		b'[unknown]' (6236f8525afc)
		b'[unknown]' (6236fee6d592)
		b'[unknown]' (6236fee6e112)
		b'[unknown]' (6236f8525afc)
		b'[unknown]' (6236fee6d4db)
		b'[unknown]' (7c043a894ac3)

	Not found in mutex_ids. mutex (b'[unknown]') 504dffc3ae78 ::: wait time 5721.00us ::: hold time 15656.76us ::: enter count 2309
		b'[unknown]' (6236f9ad3c3a)
		b'[unknown]' (6236f9ad6190)
		b'[unknown]' (6236fee87859)
		b'[unknown]' (6236fee9a513)
		b'[unknown]' (6236fee977b7)
		b'[unknown]' (6236fee83d5f)
		b'[unknown]' (6236fee83aa6)
		b'[unknown]' (6236fee860ca)
		b'[unknown]' (6236fee85c86)
		b'[unknown]' (6236fee85a16)
		b'[unknown]' (6236fee84742)
		b'[unknown]' (6236fcd85cb0)
		b'[unknown]' (6236fcd85d84)
		b'[unknown]' (6236fcd83f03)
		b'[unknown]' (6236fcd82139)
		b'[unknown]' (6236fcd806c6)
		b'[unknown]' (6236fcd7dbbf)
		b'[unknown]' (6236fcd79bb3)
		b'[unknown]' (6236fcd76206)
		b'[unknown]' (6236fcd68821)
		b'[unknown]' (6236fcd66c41)
		b'[unknown]' (6236fcd666bd)
		b'[unknown]' (6236fa627325)
		b'[unknown]' (6236fa62808a)
		b'[unknown]' (6236fa62c176)
		b'[unknown]' (6236fa3321c9)
		b'[unknown]' (6236fa33dd18)
		b'[unknown]' (6236fa33e46b)
		b'[unknown]' (6236fa33dd70)
		b'[unknown]' (6236fed9754e)
		b'[unknown]' (6236f7ee69ac)
		b'[unknown]' (6236f7ee9125)
		b'[unknown]' (6236f7eec3a0)
		b'[unknown]' (6236f7eed325)
		b'[unknown]' (6236f7eec7be)
		b'[unknown]' (6236f7eec86f)
		b'[unknown]' (6236f7ee8ad5)
		b'[unknown]' (6236f7ee8bc3)
		b'[unknown]' (6236f7ef1105)
		b'[unknown]' (6236f7ee7eb9)
		b'[unknown]' (6236f7ee7f5b)
		b'[unknown]' (6236f7ef3e5e)
		b'[unknown]' (6236f7ef49e5)
		b'[unknown]' (6236f7ef5066)
		b'[unknown]' (6236f7ef5df5)
		b'[unknown]' (6236f7ed7f38)
		b'[unknown]' (6236fea64b8d)
		b'[unknown]' (6236fea65171)
		b'[unknown]' (6236fea651e4)
		b'[unknown]' (6236fea65273)
		b'[unknown]' (6236fea652d7)
		b'[unknown]' (6236fea6581e)
		b'[unknown]' (6236fea65a0e)
		b'[unknown]' (6236fea65aad)
		b'[unknown]' (6236fea65b3b)
		b'[unknown]' (6236fea666ca)
		b'[unknown]' (6236fea6678b)
		b'[unknown]' (6236fea6797d)
		b'[unknown]' (6236f7d88dd2)
		b'[unknown]' (6236fea6b3d9)
		b'[unknown]' (6236fea6c3d5)
		b'[unknown]' (6236fea6b380)
		b'[unknown]' (6236fea6c529)
		b'[unknown]' (6236f7d88dd2)
		b'[unknown]' (6236fee6a91a)
		b'[unknown]' (6236fee67893)
		b'[unknown]' (6236fee6899a)
		b'[unknown]' (6236f8525afc)
		b'[unknown]' (6236fee6d592)
		b'[unknown]' (6236fee6e112)
		b'[unknown]' (6236f8525afc)
		b'[unknown]' (6236fee6d4db)
		b'[unknown]' (7c043a894ac3)

	Not found in mutex_ids. mutex (b'[unknown]') 504dffc3ad10 ::: wait time 5712.67us ::: hold time 15544.08us ::: enter count 2263
		b'[unknown]' (6236f9ad3c3a)
		b'[unknown]' (6236f9ad6190)
		b'[unknown]' (6236fee87859)
		b'[unknown]' (6236fee9a513)
		b'[unknown]' (6236fee977b7)
		b'[unknown]' (6236fee83d5f)
		b'[unknown]' (6236fee83aa6)
		b'[unknown]' (6236fee860ca)
		b'[unknown]' (6236fee85c86)
		b'[unknown]' (6236fee85a16)
		b'[unknown]' (6236fee84742)
		b'[unknown]' (6236fcd85cb0)
		b'[unknown]' (6236fcd85d84)
		b'[unknown]' (6236fcd83f03)
		b'[unknown]' (6236fcd82139)
		b'[unknown]' (6236fcd806c6)
		b'[unknown]' (6236fcd7dbbf)
		b'[unknown]' (6236fcd79bb3)
		b'[unknown]' (6236fcd76206)
		b'[unknown]' (6236fcd68821)
		b'[unknown]' (6236fcd66c41)
		b'[unknown]' (6236fcd666bd)
		b'[unknown]' (6236fa627325)
		b'[unknown]' (6236fa62808a)
		b'[unknown]' (6236fa62c176)
		b'[unknown]' (6236fa3321c9)
		b'[unknown]' (6236fa33dd18)
		b'[unknown]' (6236fa33e46b)
		b'[unknown]' (6236fa33dd70)
		b'[unknown]' (6236fed9754e)
		b'[unknown]' (6236f7ee69ac)
		b'[unknown]' (6236f7ee9125)
		b'[unknown]' (6236f7eec3a0)
		b'[unknown]' (6236f7eed325)
		b'[unknown]' (6236f7eec7be)
		b'[unknown]' (6236f7eec86f)
		b'[unknown]' (6236f7ee8ad5)
		b'[unknown]' (6236f7ee8bc3)
		b'[unknown]' (6236f7ef1105)
		b'[unknown]' (6236f7ee7eb9)
		b'[unknown]' (6236f7ee7f5b)
		b'[unknown]' (6236f7ef3e5e)
		b'[unknown]' (6236f7ef49e5)
		b'[unknown]' (6236f7ef5066)
		b'[unknown]' (6236f7ef5df5)
		b'[unknown]' (6236f7ed7f38)
		b'[unknown]' (6236fea64b8d)
		b'[unknown]' (6236fea65171)
		b'[unknown]' (6236fea651e4)
		b'[unknown]' (6236fea65273)
		b'[unknown]' (6236fea652d7)
		b'[unknown]' (6236fea6581e)
		b'[unknown]' (6236fea65a0e)
		b'[unknown]' (6236fea65aad)
		b'[unknown]' (6236fea65b3b)
		b'[unknown]' (6236fea666ca)
		b'[unknown]' (6236fea6678b)
		b'[unknown]' (6236fea6797d)
		b'[unknown]' (6236f7d88dd2)
		b'[unknown]' (6236fea6b3d9)
		b'[unknown]' (6236fea6c3d5)
		b'[unknown]' (6236fea6b380)
		b'[unknown]' (6236fea6c529)
		b'[unknown]' (6236f7d88dd2)
		b'[unknown]' (6236fee6a91a)
		b'[unknown]' (6236fee67893)
		b'[unknown]' (6236fee6899a)
		b'[unknown]' (6236f8525afc)
		b'[unknown]' (6236fee6d592)
		b'[unknown]' (6236fee6e112)
		b'[unknown]' (6236f8525afc)
		b'[unknown]' (6236fee6d4db)
		b'[unknown]' (7c043a894ac3)

	Not found in mutex_ids. mutex (b'[unknown]') 504dffc3b0b8 ::: wait time 5706.70us ::: hold time 19631.56us ::: enter count 2179
		b'[unknown]' (6236f9ad3c3a)
		b'[unknown]' (6236f9ad6190)
		b'[unknown]' (6236fee87859)
		b'[unknown]' (6236fee9a513)
		b'[unknown]' (6236fee97c33)
		b'[unknown]' (6236fee83d1b)
		b'[unknown]' (6236fee83aa6)
		b'[unknown]' (6236fee860ca)
		b'[unknown]' (6236fee85c86)
		b'[unknown]' (6236fee85a16)
		b'[unknown]' (6236fee84742)
		b'[unknown]' (6236fcd85cb0)
		b'[unknown]' (6236fcd85d84)
		b'[unknown]' (6236fcd83f03)
		b'[unknown]' (6236fcd82139)
		b'[unknown]' (6236fcd806c6)
		b'[unknown]' (6236fcd7dbbf)
		b'[unknown]' (6236fcd79bb3)
		b'[unknown]' (6236fcd76206)
		b'[unknown]' (6236fcd68821)
		b'[unknown]' (6236fcd66c41)
		b'[unknown]' (6236fcd666bd)
		b'[unknown]' (6236fa627325)
		b'[unknown]' (6236fa62808a)
		b'[unknown]' (6236fa62c176)
		b'[unknown]' (6236fa3321c9)
		b'[unknown]' (6236fa33dd18)
		b'[unknown]' (6236fa33e46b)
		b'[unknown]' (6236fa33dd70)
		b'[unknown]' (6236fed9754e)
		b'[unknown]' (6236f7ee69ac)
		b'[unknown]' (6236f7ee9125)
		b'[unknown]' (6236f7eec3a0)
		b'[unknown]' (6236f7eed325)
		b'[unknown]' (6236f7eec7be)
		b'[unknown]' (6236f7eec86f)
		b'[unknown]' (6236f7ee8ad5)
		b'[unknown]' (6236f7ee8bc3)
		b'[unknown]' (6236f7ef1105)
		b'[unknown]' (6236f7ee7eb9)
		b'[unknown]' (6236f7ee7f5b)
		b'[unknown]' (6236f7ef3e5e)
		b'[unknown]' (6236f7ef49e5)
		b'[unknown]' (6236f7ef5066)
		b'[unknown]' (6236f7ef5df5)
		b'[unknown]' (6236f7ed7f38)
		b'[unknown]' (6236fea64b8d)
		b'[unknown]' (6236fea65171)
		b'[unknown]' (6236fea651e4)
		b'[unknown]' (6236fea65273)
		b'[unknown]' (6236fea652d7)
		b'[unknown]' (6236fea6581e)
		b'[unknown]' (6236fea65a0e)
		b'[unknown]' (6236fea65aad)
		b'[unknown]' (6236fea65b3b)
		b'[unknown]' (6236fea666ca)
		b'[unknown]' (6236fea6678b)
		b'[unknown]' (6236fea6797d)
		b'[unknown]' (6236f7d88dd2)
		b'[unknown]' (6236fea6b3d9)
		b'[unknown]' (6236fea6c3d5)
		b'[unknown]' (6236fea6b380)
		b'[unknown]' (6236fea6c529)
		b'[unknown]' (6236f7d88dd2)
		b'[unknown]' (6236fee6a91a)
		b'[unknown]' (6236fee67893)
		b'[unknown]' (6236fee6899a)
		b'[unknown]' (6236f8525afc)
		b'[unknown]' (6236fee6d592)
		b'[unknown]' (6236fee6e112)
		b'[unknown]' (6236f8525afc)
		b'[unknown]' (6236fee6d4db)
		b'[unknown]' (7c043a894ac3)

	Not found in mutex_ids. mutex (b'[unknown]') 504dffc3ac38 ::: wait time 5701.79us ::: hold time 13921.84us ::: enter count 2235
		b'[unknown]' (6236f9ad3c3a)
		b'[unknown]' (6236f9ad6190)
		b'[unknown]' (6236fee87b95)
		b'[unknown]' (6236fee9b71f)
		b'[unknown]' (6236fee97f34)
		b'[unknown]' (6236fee84cbf)
		b'[unknown]' (6236f949285e)
		b'[unknown]' (6236f94907af)
		b'[unknown]' (6236f948ef38)
		b'[unknown]' (6236f948ee78)
		b'[unknown]' (6236fcd73960)
		b'[unknown]' (6236fcd84c9e)
		b'[unknown]' (6236fcd83414)
		b'[unknown]' (6236fcd8163b)
		b'[unknown]' (6236fcd7f951)
		b'[unknown]' (6236fcd7cc48)
		b'[unknown]' (6236fcd78cdd)
		b'[unknown]' (6236fcd6d02c)
		b'[unknown]' (6236fcd65d21)
		b'[unknown]' (6236f8676266)
		b'[unknown]' (6236f8675bab)
		b'[unknown]' (6236f867537a)
		b'[unknown]' (6236f86750a2)
		b'[unknown]' (6236fa6284a3)
		b'[unknown]' (6236fa62c176)
		b'[unknown]' (6236fa3321c9)
		b'[unknown]' (6236fa33dd18)
		b'[unknown]' (6236fa33e46b)
		b'[unknown]' (6236fa33dd70)
		b'[unknown]' (6236fed9754e)
		b'[unknown]' (6236f7ee69ac)
		b'[unknown]' (6236f7ee9125)
		b'[unknown]' (6236f7eec3a0)
		b'[unknown]' (6236f7eed325)
		b'[unknown]' (6236f7eec7be)
		b'[unknown]' (6236f7eec86f)
		b'[unknown]' (6236f7ee8ad5)
		b'[unknown]' (6236f7ee8bc3)
		b'[unknown]' (6236f7ef1105)
		b'[unknown]' (6236f7ee7eb9)
		b'[unknown]' (6236f7ee7f5b)
		b'[unknown]' (6236f7ef3e5e)
		b'[unknown]' (6236f7ef49e5)
		b'[unknown]' (6236f7ef5066)
		b'[unknown]' (6236f7ef5df5)
		b'[unknown]' (6236f7ed7f38)
		b'[unknown]' (6236fea64b8d)
		b'[unknown]' (6236fea65171)
		b'[unknown]' (6236fea651e4)
		b'[unknown]' (6236fea65273)
		b'[unknown]' (6236fea652d7)
		b'[unknown]' (6236fea6581e)
		b'[unknown]' (6236fea65a0e)
		b'[unknown]' (6236fea65aad)
		b'[unknown]' (6236fea65b3b)
		b'[unknown]' (6236fea666ca)
		b'[unknown]' (6236fea6678b)
		b'[unknown]' (6236fea6797d)
		b'[unknown]' (6236f7d88dd2)
		b'[unknown]' (6236fea6b3d9)
		b'[unknown]' (6236fea6c3d5)
		b'[unknown]' (6236fea6b380)
		b'[unknown]' (6236fea6c529)
		b'[unknown]' (6236f7d88dd2)
		b'[unknown]' (6236fee6a91a)
		b'[unknown]' (6236fee67893)
		b'[unknown]' (6236fee6899a)
		b'[unknown]' (6236f8525afc)
		b'[unknown]' (6236fee6d592)
		b'[unknown]' (6236fee6e112)
		b'[unknown]' (6236f8525afc)
		b'[unknown]' (6236fee6d4db)
		b'[unknown]' (7c043a894ac3)

	Not found in mutex_ids. mutex (b'[unknown]') 504dffc3b2f8 ::: wait time 5686.98us ::: hold time 13538.07us ::: enter count 2214
		b'[unknown]' (6236f9ad3c3a)
		b'[unknown]' (6236f9ad6190)
		b'[unknown]' (6236fee87b95)
		b'[unknown]' (6236fee9b71f)
		b'[unknown]' (6236fee97f34)
		b'[unknown]' (6236fee84cbf)
		b'[unknown]' (6236f949285e)
		b'[unknown]' (6236f94907af)
		b'[unknown]' (6236f948ef38)
		b'[unknown]' (6236f948ee78)
		b'[unknown]' (6236fcd73960)
		b'[unknown]' (6236fcd84c9e)
		b'[unknown]' (6236fcd83414)
		b'[unknown]' (6236fcd8163b)
		b'[unknown]' (6236fcd7f951)
		b'[unknown]' (6236fcd7cc48)
		b'[unknown]' (6236fcd78cdd)
		b'[unknown]' (6236fcd6d02c)
		b'[unknown]' (6236fcd65d21)
		b'[unknown]' (6236f8676266)
		b'[unknown]' (6236f8675bab)
		b'[unknown]' (6236f867537a)
		b'[unknown]' (6236f86750a2)
		b'[unknown]' (6236fa6284a3)
		b'[unknown]' (6236fa62c176)
		b'[unknown]' (6236fa3321c9)
		b'[unknown]' (6236fa33dd18)
		b'[unknown]' (6236fa33e46b)
		b'[unknown]' (6236fa33dd70)
		b'[unknown]' (6236fed9754e)
		b'[unknown]' (6236f7ee69ac)
		b'[unknown]' (6236f7ee9125)
		b'[unknown]' (6236f7eec3a0)
		b'[unknown]' (6236f7eed325)
		b'[unknown]' (6236f7eec7be)
		b'[unknown]' (6236f7eec86f)
		b'[unknown]' (6236f7ee8ad5)
		b'[unknown]' (6236f7ee8bc3)
		b'[unknown]' (6236f7ef1105)
		b'[unknown]' (6236f7ee7eb9)
		b'[unknown]' (6236f7ee7f5b)
		b'[unknown]' (6236f7ef3e5e)
		b'[unknown]' (6236f7ef49e5)
		b'[unknown]' (6236f7ef5066)
		b'[unknown]' (6236f7ef5df5)
		b'[unknown]' (6236f7ed7f38)
		b'[unknown]' (6236fea64b8d)
		b'[unknown]' (6236fea65171)
		b'[unknown]' (6236fea651e4)
		b'[unknown]' (6236fea65273)
		b'[unknown]' (6236fea652d7)
		b'[unknown]' (6236fea6581e)
		b'[unknown]' (6236fea65a0e)
		b'[unknown]' (6236fea65aad)
		b'[unknown]' (6236fea65b3b)
		b'[unknown]' (6236fea666ca)
		b'[unknown]' (6236fea6678b)
		b'[unknown]' (6236fea6797d)
		b'[unknown]' (6236f7d88dd2)
		b'[unknown]' (6236fea6b3d9)
		b'[unknown]' (6236fea6c3d5)
		b'[unknown]' (6236fea6b380)
		b'[unknown]' (6236fea6c529)
		b'[unknown]' (6236f7d88dd2)
		b'[unknown]' (6236fee6a91a)
		b'[unknown]' (6236fee67893)
		b'[unknown]' (6236fee6899a)
		b'[unknown]' (6236f8525afc)
		b'[unknown]' (6236fee6d592)
		b'[unknown]' (6236fee6e112)
		b'[unknown]' (6236f8525afc)
		b'[unknown]' (6236fee6d4db)
		b'[unknown]' (7c043a894ac3)

	Not found in mutex_ids. mutex (b'[unknown]') 504dffc3aa88 ::: wait time 5675.54us ::: hold time 20061.31us ::: enter count 2246
		b'[unknown]' (6236f9ad3c3a)
		b'[unknown]' (6236f9ad6190)
		b'[unknown]' (6236fee87859)
		b'[unknown]' (6236fee9a513)
		b'[unknown]' (6236fee97c33)
		b'[unknown]' (6236fee83d1b)
		b'[unknown]' (6236fee83aa6)
		b'[unknown]' (6236fee860ca)
		b'[unknown]' (6236fee85c86)
		b'[unknown]' (6236fee85a16)
		b'[unknown]' (6236fee84742)
		b'[unknown]' (6236fcd85cb0)
		b'[unknown]' (6236fcd85d84)
		b'[unknown]' (6236fcd83f03)
		b'[unknown]' (6236fcd82139)
		b'[unknown]' (6236fcd806c6)
		b'[unknown]' (6236fcd7dbbf)
		b'[unknown]' (6236fcd79bb3)
		b'[unknown]' (6236fcd76206)
		b'[unknown]' (6236fcd68821)
		b'[unknown]' (6236fcd66c41)
		b'[unknown]' (6236fcd666bd)
		b'[unknown]' (6236fa627325)
		b'[unknown]' (6236fa62808a)
		b'[unknown]' (6236fa62c176)
		b'[unknown]' (6236fa3321c9)
		b'[unknown]' (6236fa33dd18)
		b'[unknown]' (6236fa33e46b)
		b'[unknown]' (6236fa33dd70)
		b'[unknown]' (6236fed9754e)
		b'[unknown]' (6236f7ee69ac)
		b'[unknown]' (6236f7ee9125)
		b'[unknown]' (6236f7eec3a0)
		b'[unknown]' (6236f7eed325)
		b'[unknown]' (6236f7eec7be)
		b'[unknown]' (6236f7eec86f)
		b'[unknown]' (6236f7ee8ad5)
		b'[unknown]' (6236f7ee8bc3)
		b'[unknown]' (6236f7ef1105)
		b'[unknown]' (6236f7ee7eb9)
		b'[unknown]' (6236f7ee7f5b)
		b'[unknown]' (6236f7ef3e5e)
		b'[unknown]' (6236f7ef49e5)
		b'[unknown]' (6236f7ef5066)
		b'[unknown]' (6236f7ef5df5)
		b'[unknown]' (6236f7ed7f38)
		b'[unknown]' (6236fea64b8d)
		b'[unknown]' (6236fea65171)
		b'[unknown]' (6236fea651e4)
		b'[unknown]' (6236fea65273)
		b'[unknown]' (6236fea652d7)
		b'[unknown]' (6236fea6581e)
		b'[unknown]' (6236fea65a0e)
		b'[unknown]' (6236fea65aad)
		b'[unknown]' (6236fea65b3b)
		b'[unknown]' (6236fea666ca)
		b'[unknown]' (6236fea6678b)
		b'[unknown]' (6236fea6797d)
		b'[unknown]' (6236f7d88dd2)
		b'[unknown]' (6236fea6b3d9)
		b'[unknown]' (6236fea6c3d5)
		b'[unknown]' (6236fea6b380)
		b'[unknown]' (6236fea6c529)
		b'[unknown]' (6236f7d88dd2)
		b'[unknown]' (6236fee6a91a)
		b'[unknown]' (6236fee67893)
		b'[unknown]' (6236fee6899a)
		b'[unknown]' (6236f8525afc)
		b'[unknown]' (6236fee6d592)
		b'[unknown]' (6236fee6e112)
		b'[unknown]' (6236f8525afc)
		b'[unknown]' (6236fee6d4db)
		b'[unknown]' (7c043a894ac3)

	Not found in mutex_ids. mutex (b'[unknown]') 504dffc3ae78 ::: wait time 5653.20us ::: hold time 13851.43us ::: enter count 2309
		b'[unknown]' (6236f9ad3c3a)
		b'[unknown]' (6236f9ad6190)
		b'[unknown]' (6236fee87b95)
		b'[unknown]' (6236fee9b71f)
		b'[unknown]' (6236fee97f34)
		b'[unknown]' (6236fee84a84)
		b'[unknown]' (6236f7dd36a6)
		b'[unknown]' (6236fcd8a808)
		b'[unknown]' (6236fcd8a37b)
		b'[unknown]' (6236f7d9cab7)
		b'[unknown]' (6236f7d862a3)
		b'[unknown]' (6236fcd735cc)
		b'[unknown]' (6236fcd735ec)
		b'[unknown]' (6236fcd73972)
		b'[unknown]' (6236fcd84c9e)
		b'[unknown]' (6236fcd83414)
		b'[unknown]' (6236fcd8163b)
		b'[unknown]' (6236fcd7f951)
		b'[unknown]' (6236fcd7cc48)
		b'[unknown]' (6236fcd78cdd)
		b'[unknown]' (6236fcd6d02c)
		b'[unknown]' (6236fcd65d21)
		b'[unknown]' (6236f8676266)
		b'[unknown]' (6236f8675bab)
		b'[unknown]' (6236f867537a)
		b'[unknown]' (6236f86750a2)
		b'[unknown]' (6236fa6284a3)
		b'[unknown]' (6236fa62c176)
		b'[unknown]' (6236fa3321c9)
		b'[unknown]' (6236fa33dd18)
		b'[unknown]' (6236fa33e46b)
		b'[unknown]' (6236fa33dd70)
		b'[unknown]' (6236fed9754e)
		b'[unknown]' (6236f7ee69ac)
		b'[unknown]' (6236f7ee9125)
		b'[unknown]' (6236f7eec3a0)
		b'[unknown]' (6236f7eed325)
		b'[unknown]' (6236f7eec7be)
		b'[unknown]' (6236f7eec86f)
		b'[unknown]' (6236f7ee8ad5)
		b'[unknown]' (6236f7ee8bc3)
		b'[unknown]' (6236f7ef1105)
		b'[unknown]' (6236f7ee7eb9)
		b'[unknown]' (6236f7ee7f5b)
		b'[unknown]' (6236f7ef3e5e)
		b'[unknown]' (6236f7ef49e5)
		b'[unknown]' (6236f7ef5066)
		b'[unknown]' (6236f7ef5df5)
		b'[unknown]' (6236f7ed7f38)
		b'[unknown]' (6236fea64b8d)
		b'[unknown]' (6236fea65171)
		b'[unknown]' (6236fea651e4)
		b'[unknown]' (6236fea65273)
		b'[unknown]' (6236fea652d7)
		b'[unknown]' (6236fea6581e)
		b'[unknown]' (6236fea65a0e)
		b'[unknown]' (6236fea65aad)
		b'[unknown]' (6236fea65b3b)
		b'[unknown]' (6236fea666ca)
		b'[unknown]' (6236fea6678b)
		b'[unknown]' (6236fea6797d)
		b'[unknown]' (6236f7d88dd2)
		b'[unknown]' (6236fea6b3d9)
		b'[unknown]' (6236fea6c3d5)
		b'[unknown]' (6236fea6b380)
		b'[unknown]' (6236fea6c529)
		b'[unknown]' (6236f7d88dd2)
		b'[unknown]' (6236fee6a91a)
		b'[unknown]' (6236fee67893)
		b'[unknown]' (6236fee6899a)
		b'[unknown]' (6236f8525afc)
		b'[unknown]' (6236fee6d592)
		b'[unknown]' (6236fee6e112)
		b'[unknown]' (6236f8525afc)
		b'[unknown]' (6236fee6d4db)
		b'[unknown]' (7c043a894ac3)

	Not found in mutex_ids. mutex (b'[unknown]') 504dffc3b070 ::: wait time 5647.97us ::: hold time 14347.73us ::: enter count 2288
		b'[unknown]' (6236f9ad3c3a)
		b'[unknown]' (6236f9ad6190)
		b'[unknown]' (6236fee87859)
		b'[unknown]' (6236fee9a513)
		b'[unknown]' (6236fee97c33)
		b'[unknown]' (6236fee84be4)
		b'[unknown]' (6236fcd7dc8e)
		b'[unknown]' (6236fcd79c33)
		b'[unknown]' (6236fcd762bd)
		b'[unknown]' (6236fcd6897e)
		b'[unknown]' (6236fcd66c41)
		b'[unknown]' (6236fcd666bd)
		b'[unknown]' (6236fa627325)
		b'[unknown]' (6236fa62808a)
		b'[unknown]' (6236fa62c176)
		b'[unknown]' (6236fa3321c9)
		b'[unknown]' (6236fa33dd18)
		b'[unknown]' (6236fa33e46b)
		b'[unknown]' (6236fa33dd70)
		b'[unknown]' (6236fed9754e)
		b'[unknown]' (6236f7ee69ac)
		b'[unknown]' (6236f7ee9125)
		b'[unknown]' (6236f7eec3a0)
		b'[unknown]' (6236f7eed325)
		b'[unknown]' (6236f7eec7be)
		b'[unknown]' (6236f7eec86f)
		b'[unknown]' (6236f7ee8ad5)
		b'[unknown]' (6236f7ee8bc3)
		b'[unknown]' (6236f7ef1105)
		b'[unknown]' (6236f7ee7eb9)
		b'[unknown]' (6236f7ee7f5b)
		b'[unknown]' (6236f7ef3e5e)
		b'[unknown]' (6236f7ef49e5)
		b'[unknown]' (6236f7ef5066)
		b'[unknown]' (6236f7ef5df5)
		b'[unknown]' (6236f7ed7f38)
		b'[unknown]' (6236fea64b8d)
		b'[unknown]' (6236fea65171)
		b'[unknown]' (6236fea651e4)
		b'[unknown]' (6236fea65273)
		b'[unknown]' (6236fea652d7)
		b'[unknown]' (6236fea6581e)
		b'[unknown]' (6236fea65a0e)
		b'[unknown]' (6236fea65aad)
		b'[unknown]' (6236fea65b3b)
		b'[unknown]' (6236fea666ca)
		b'[unknown]' (6236fea6678b)
		b'[unknown]' (6236fea6797d)
		b'[unknown]' (6236f7d88dd2)
		b'[unknown]' (6236fea6b3d9)
		b'[unknown]' (6236fea6c3d5)
		b'[unknown]' (6236fea6b380)
		b'[unknown]' (6236fea6c529)
		b'[unknown]' (6236f7d88dd2)
		b'[unknown]' (6236fee6a91a)
		b'[unknown]' (6236fee67893)
		b'[unknown]' (6236fee6899a)
		b'[unknown]' (6236f8525afc)
		b'[unknown]' (6236fee6d592)
		b'[unknown]' (6236fee6e112)
		b'[unknown]' (6236f8525afc)
		b'[unknown]' (6236fee6d4db)
		b'[unknown]' (7c043a894ac3)

	Not found in mutex_ids. mutex (b'[unknown]') 504dffc3ae30 ::: wait time 5645.45us ::: hold time 15350.60us ::: enter count 2230
		b'[unknown]' (6236f9ad3c3a)
		b'[unknown]' (6236f9ad6190)
		b'[unknown]' (6236fee87859)
		b'[unknown]' (6236fee9a513)
		b'[unknown]' (6236fee977b7)
		b'[unknown]' (6236fee83d5f)
		b'[unknown]' (6236fee83aa6)
		b'[unknown]' (6236fee860ca)
		b'[unknown]' (6236fee85c86)
		b'[unknown]' (6236fee85a16)
		b'[unknown]' (6236fee84742)
		b'[unknown]' (6236fcd85cb0)
		b'[unknown]' (6236fcd85d84)
		b'[unknown]' (6236fcd83f03)
		b'[unknown]' (6236fcd82139)
		b'[unknown]' (6236fcd806c6)
		b'[unknown]' (6236fcd7dbbf)
		b'[unknown]' (6236fcd79bb3)
		b'[unknown]' (6236fcd76206)
		b'[unknown]' (6236fcd68821)
		b'[unknown]' (6236fcd66c41)
		b'[unknown]' (6236fcd666bd)
		b'[unknown]' (6236fa627325)
		b'[unknown]' (6236fa62808a)
		b'[unknown]' (6236fa62c176)
		b'[unknown]' (6236fa3321c9)
		b'[unknown]' (6236fa33dd18)
		b'[unknown]' (6236fa33e46b)
		b'[unknown]' (6236fa33dd70)
		b'[unknown]' (6236fed9754e)
		b'[unknown]' (6236f7ee69ac)
		b'[unknown]' (6236f7ee9125)
		b'[unknown]' (6236f7eec3a0)
		b'[unknown]' (6236f7eed325)
		b'[unknown]' (6236f7eec7be)
		b'[unknown]' (6236f7eec86f)
		b'[unknown]' (6236f7ee8ad5)
		b'[unknown]' (6236f7ee8bc3)
		b'[unknown]' (6236f7ef1105)
		b'[unknown]' (6236f7ee7eb9)
		b'[unknown]' (6236f7ee7f5b)
		b'[unknown]' (6236f7ef3e5e)
		b'[unknown]' (6236f7ef49e5)
		b'[unknown]' (6236f7ef5066)
		b'[unknown]' (6236f7ef5df5)
		b'[unknown]' (6236f7ed7f38)
		b'[unknown]' (6236fea64b8d)
		b'[unknown]' (6236fea65171)
		b'[unknown]' (6236fea651e4)
		b'[unknown]' (6236fea65273)
		b'[unknown]' (6236fea652d7)
		b'[unknown]' (6236fea6581e)
		b'[unknown]' (6236fea65a0e)
		b'[unknown]' (6236fea65aad)
		b'[unknown]' (6236fea65b3b)
		b'[unknown]' (6236fea666ca)
		b'[unknown]' (6236fea6678b)
		b'[unknown]' (6236fea6797d)
		b'[unknown]' (6236f7d88dd2)
		b'[unknown]' (6236fea6b3d9)
		b'[unknown]' (6236fea6c3d5)
		b'[unknown]' (6236fea6b380)
		b'[unknown]' (6236fea6c529)
		b'[unknown]' (6236f7d88dd2)
		b'[unknown]' (6236fee6a91a)
		b'[unknown]' (6236fee67893)
		b'[unknown]' (6236fee6899a)
		b'[unknown]' (6236f8525afc)
		b'[unknown]' (6236fee6d592)
		b'[unknown]' (6236fee6e112)
		b'[unknown]' (6236f8525afc)
		b'[unknown]' (6236fee6d4db)
		b'[unknown]' (7c043a894ac3)

	Not found in mutex_ids. mutex (b'[unknown]') 504dffc3ab18 ::: wait time 5625.76us ::: hold time 14845.21us ::: enter count 2289
		b'[unknown]' (6236f7d776a7)
		b'[unknown]' (6236f7d77cac)
		b'[unknown]' (6236f7d80eca)
		b'[unknown]' (6236feea0bc6)
		b'[unknown]' (6236fee9b7d2)
		b'[unknown]' (6236fee97f34)
		b'[unknown]' (6236fee978bb)
		b'[unknown]' (6236fee83f43)
		b'[unknown]' (6236fee83ed8)
		b'[unknown]' (6236fac87a38)
		b'[unknown]' (6236fac8b826)
		b'[unknown]' (6236fac8ad9f)
		b'[unknown]' (6236fac89edd)
		b'[unknown]' (6236f9568403)
		b'[unknown]' (6236f956697f)
		b'[unknown]' (6236f9567af9)
		b'[unknown]' (6236f95679ea)
		b'[unknown]' (6236f9567743)
		b'[unknown]' (6236f956777d)
		b'[unknown]' (6236f95677ee)
		b'[unknown]' (6236f9568168)
		b'[unknown]' (6236f956812b)
		b'[unknown]' (6236f95680d8)
		b'[unknown]' (6236f95680ac)
		b'[unknown]' (6236f9568090)
		b'[unknown]' (7c043ace62b3)

	Not found in mutex_ids. mutex (b'[unknown]') 504dffc3b070 ::: wait time 5619.46us ::: hold time 14738.65us ::: enter count 2288
		b'[unknown]' (6236f7d776a7)
		b'[unknown]' (6236f7d77cac)
		b'[unknown]' (6236f7d80eca)
		b'[unknown]' (6236feea0bc6)
		b'[unknown]' (6236fee9b7d2)
		b'[unknown]' (6236fee97f34)
		b'[unknown]' (6236fee978bb)
		b'[unknown]' (6236fee83f43)
		b'[unknown]' (6236fee83ed8)
		b'[unknown]' (6236fac87a38)
		b'[unknown]' (6236fac8b826)
		b'[unknown]' (6236fac8ad9f)
		b'[unknown]' (6236fac89edd)
		b'[unknown]' (6236f9568403)
		b'[unknown]' (6236f956697f)
		b'[unknown]' (6236f9567af9)
		b'[unknown]' (6236f95679ea)
		b'[unknown]' (6236f9567743)
		b'[unknown]' (6236f956777d)
		b'[unknown]' (6236f95677ee)
		b'[unknown]' (6236f9568168)
		b'[unknown]' (6236f956812b)
		b'[unknown]' (6236f95680d8)
		b'[unknown]' (6236f95680ac)
		b'[unknown]' (6236f9568090)
		b'[unknown]' (7c043ace62b3)

	Not found in mutex_ids. mutex (b'[unknown]') 504dffc3ae78 ::: wait time 5613.38us ::: hold time 14962.10us ::: enter count 2309
		b'[unknown]' (6236f7d776a7)
		b'[unknown]' (6236f7d77cac)
		b'[unknown]' (6236f7d80eca)
		b'[unknown]' (6236feea0bc6)
		b'[unknown]' (6236fee9b7d2)
		b'[unknown]' (6236fee97f34)
		b'[unknown]' (6236fee978bb)
		b'[unknown]' (6236fee83f43)
		b'[unknown]' (6236fee83ed8)
		b'[unknown]' (6236fac87a38)
		b'[unknown]' (6236fac8b826)
		b'[unknown]' (6236fac8ad9f)
		b'[unknown]' (6236fac89edd)
		b'[unknown]' (6236f9568403)
		b'[unknown]' (6236f956697f)
		b'[unknown]' (6236f9567af9)
		b'[unknown]' (6236f95679ea)
		b'[unknown]' (6236f9567743)
		b'[unknown]' (6236f956777d)
		b'[unknown]' (6236f95677ee)
		b'[unknown]' (6236f9568168)
		b'[unknown]' (6236f956812b)
		b'[unknown]' (6236f95680d8)
		b'[unknown]' (6236f95680ac)
		b'[unknown]' (6236f9568090)
		b'[unknown]' (7c043ace62b3)

	Not found in mutex_ids. mutex (b'[unknown]') 504dffc3b190 ::: wait time 5610.60us ::: hold time 15018.32us ::: enter count 2188
		b'[unknown]' (6236f9ad3c3a)
		b'[unknown]' (6236f9ad6190)
		b'[unknown]' (6236fee87859)
		b'[unknown]' (6236fee9a513)
		b'[unknown]' (6236fee977b7)
		b'[unknown]' (6236fee83d5f)
		b'[unknown]' (6236fee83aa6)
		b'[unknown]' (6236fee860ca)
		b'[unknown]' (6236fee85c86)
		b'[unknown]' (6236fee85a16)
		b'[unknown]' (6236fee84742)
		b'[unknown]' (6236fcd85cb0)
		b'[unknown]' (6236fcd85d84)
		b'[unknown]' (6236fcd83f03)
		b'[unknown]' (6236fcd82139)
		b'[unknown]' (6236fcd806c6)
		b'[unknown]' (6236fcd7dbbf)
		b'[unknown]' (6236fcd79bb3)
		b'[unknown]' (6236fcd76206)
		b'[unknown]' (6236fcd68821)
		b'[unknown]' (6236fcd66c41)
		b'[unknown]' (6236fcd666bd)
		b'[unknown]' (6236fa627325)
		b'[unknown]' (6236fa62808a)
		b'[unknown]' (6236fa62c176)
		b'[unknown]' (6236fa3321c9)
		b'[unknown]' (6236fa33dd18)
		b'[unknown]' (6236fa33e46b)
		b'[unknown]' (6236fa33dd70)
		b'[unknown]' (6236fed9754e)
		b'[unknown]' (6236f7ee69ac)
		b'[unknown]' (6236f7ee9125)
		b'[unknown]' (6236f7eec3a0)
		b'[unknown]' (6236f7eed325)
		b'[unknown]' (6236f7eec7be)
		b'[unknown]' (6236f7eec86f)
		b'[unknown]' (6236f7ee8ad5)
		b'[unknown]' (6236f7ee8bc3)
		b'[unknown]' (6236f7ef1105)
		b'[unknown]' (6236f7ee7eb9)
		b'[unknown]' (6236f7ee7f5b)
		b'[unknown]' (6236f7ef3e5e)
		b'[unknown]' (6236f7ef49e5)
		b'[unknown]' (6236f7ef5066)
		b'[unknown]' (6236f7ef5df5)
		b'[unknown]' (6236f7ed7f38)
		b'[unknown]' (6236fea64b8d)
		b'[unknown]' (6236fea65171)
		b'[unknown]' (6236fea651e4)
		b'[unknown]' (6236fea65273)
		b'[unknown]' (6236fea652d7)
		b'[unknown]' (6236fea6581e)
		b'[unknown]' (6236fea65a0e)
		b'[unknown]' (6236fea65aad)
		b'[unknown]' (6236fea65b3b)
		b'[unknown]' (6236fea666ca)
		b'[unknown]' (6236fea6678b)
		b'[unknown]' (6236fea6797d)
		b'[unknown]' (6236f7d88dd2)
		b'[unknown]' (6236fea6b3d9)
		b'[unknown]' (6236fea6c3d5)
		b'[unknown]' (6236fea6b380)
		b'[unknown]' (6236fea6c529)
		b'[unknown]' (6236f7d88dd2)
		b'[unknown]' (6236fee6a91a)
		b'[unknown]' (6236fee67893)
		b'[unknown]' (6236fee6899a)
		b'[unknown]' (6236f8525afc)
		b'[unknown]' (6236fee6d592)
		b'[unknown]' (6236fee6e112)
		b'[unknown]' (6236f8525afc)
		b'[unknown]' (6236fee6d4db)
		b'[unknown]' (7c043a894ac3)

	Not found in mutex_ids. mutex (b'[unknown]') 504dffc3b0b8 ::: wait time 5606.27us ::: hold time 13752.84us ::: enter count 2179
		b'[unknown]' (6236f9ad3c3a)
		b'[unknown]' (6236f9ad6190)
		b'[unknown]' (6236fee87b95)
		b'[unknown]' (6236fee9b71f)
		b'[unknown]' (6236fee97f34)
		b'[unknown]' (6236fee84cbf)
		b'[unknown]' (6236f949285e)
		b'[unknown]' (6236f94907af)
		b'[unknown]' (6236f948ef38)
		b'[unknown]' (6236f948ee78)
		b'[unknown]' (6236fcd73960)
		b'[unknown]' (6236fcd84c9e)
		b'[unknown]' (6236fcd83414)
		b'[unknown]' (6236fcd8163b)
		b'[unknown]' (6236fcd7f951)
		b'[unknown]' (6236fcd7cc48)
		b'[unknown]' (6236fcd78cdd)
		b'[unknown]' (6236fcd6d02c)
		b'[unknown]' (6236fcd65d21)
		b'[unknown]' (6236f8676266)
		b'[unknown]' (6236f8675bab)
		b'[unknown]' (6236f867537a)
		b'[unknown]' (6236f86750a2)
		b'[unknown]' (6236fa6284a3)
		b'[unknown]' (6236fa62c176)
		b'[unknown]' (6236fa3321c9)
		b'[unknown]' (6236fa33dd18)
		b'[unknown]' (6236fa33e46b)
		b'[unknown]' (6236fa33dd70)
		b'[unknown]' (6236fed9754e)
		b'[unknown]' (6236f7ee69ac)
		b'[unknown]' (6236f7ee9125)
		b'[unknown]' (6236f7eec3a0)
		b'[unknown]' (6236f7eed325)
		b'[unknown]' (6236f7eec7be)
		b'[unknown]' (6236f7eec86f)
		b'[unknown]' (6236f7ee8ad5)
		b'[unknown]' (6236f7ee8bc3)
		b'[unknown]' (6236f7ef1105)
		b'[unknown]' (6236f7ee7eb9)
		b'[unknown]' (6236f7ee7f5b)
		b'[unknown]' (6236f7ef3e5e)
		b'[unknown]' (6236f7ef49e5)
		b'[unknown]' (6236f7ef5066)
		b'[unknown]' (6236f7ef5df5)
		b'[unknown]' (6236f7ed7f38)
		b'[unknown]' (6236fea64b8d)
		b'[unknown]' (6236fea65171)
		b'[unknown]' (6236fea651e4)
		b'[unknown]' (6236fea65273)
		b'[unknown]' (6236fea652d7)
		b'[unknown]' (6236fea6581e)
		b'[unknown]' (6236fea65a0e)
		b'[unknown]' (6236fea65aad)
		b'[unknown]' (6236fea65b3b)
		b'[unknown]' (6236fea666ca)
		b'[unknown]' (6236fea6678b)
		b'[unknown]' (6236fea6797d)
		b'[unknown]' (6236f7d88dd2)
		b'[unknown]' (6236fea6b3d9)
		b'[unknown]' (6236fea6c3d5)
		b'[unknown]' (6236fea6b380)
		b'[unknown]' (6236fea6c529)
		b'[unknown]' (6236f7d88dd2)
		b'[unknown]' (6236fee6a91a)
		b'[unknown]' (6236fee67893)
		b'[unknown]' (6236fee6899a)
		b'[unknown]' (6236f8525afc)
		b'[unknown]' (6236fee6d592)
		b'[unknown]' (6236fee6e112)
		b'[unknown]' (6236f8525afc)
		b'[unknown]' (6236fee6d4db)
		b'[unknown]' (7c043a894ac3)

	Not found in mutex_ids. mutex (b'[unknown]') 504dffc3ab18 ::: wait time 5596.75us ::: hold time 14340.02us ::: enter count 2289
		b'[unknown]' (6236f9ad3c3a)
		b'[unknown]' (6236f9ad6190)
		b'[unknown]' (6236fee87859)
		b'[unknown]' (6236fee9a513)
		b'[unknown]' (6236fee97c33)
		b'[unknown]' (6236fee84be4)
		b'[unknown]' (6236fcd7dc8e)
		b'[unknown]' (6236fcd79c33)
		b'[unknown]' (6236fcd762bd)
		b'[unknown]' (6236fcd6897e)
		b'[unknown]' (6236fcd66c41)
		b'[unknown]' (6236fcd666bd)
		b'[unknown]' (6236fa627325)
		b'[unknown]' (6236fa62808a)
		b'[unknown]' (6236fa62c176)
		b'[unknown]' (6236fa3321c9)
		b'[unknown]' (6236fa33dd18)
		b'[unknown]' (6236fa33e46b)
		b'[unknown]' (6236fa33dd70)
		b'[unknown]' (6236fed9754e)
		b'[unknown]' (6236f7ee69ac)
		b'[unknown]' (6236f7ee9125)
		b'[unknown]' (6236f7eec3a0)
		b'[unknown]' (6236f7eed325)
		b'[unknown]' (6236f7eec7be)
		b'[unknown]' (6236f7eec86f)
		b'[unknown]' (6236f7ee8ad5)
		b'[unknown]' (6236f7ee8bc3)
		b'[unknown]' (6236f7ef1105)
		b'[unknown]' (6236f7ee7eb9)
		b'[unknown]' (6236f7ee7f5b)
		b'[unknown]' (6236f7ef3e5e)
		b'[unknown]' (6236f7ef49e5)
		b'[unknown]' (6236f7ef5066)
		b'[unknown]' (6236f7ef5df5)
		b'[unknown]' (6236f7ed7f38)
		b'[unknown]' (6236fea64b8d)
		b'[unknown]' (6236fea65171)
		b'[unknown]' (6236fea651e4)
		b'[unknown]' (6236fea65273)
		b'[unknown]' (6236fea652d7)
		b'[unknown]' (6236fea6581e)
		b'[unknown]' (6236fea65a0e)
		b'[unknown]' (6236fea65aad)
		b'[unknown]' (6236fea65b3b)
		b'[unknown]' (6236fea666ca)
		b'[unknown]' (6236fea6678b)
		b'[unknown]' (6236fea6797d)
		b'[unknown]' (6236f7d88dd2)
		b'[unknown]' (6236fea6b3d9)
		b'[unknown]' (6236fea6c3d5)
		b'[unknown]' (6236fea6b380)
		b'[unknown]' (6236fea6c529)
		b'[unknown]' (6236f7d88dd2)
		b'[unknown]' (6236fee6a91a)
		b'[unknown]' (6236fee67893)
		b'[unknown]' (6236fee6899a)
		b'[unknown]' (6236f8525afc)
		b'[unknown]' (6236fee6d592)
		b'[unknown]' (6236fee6e112)
		b'[unknown]' (6236f8525afc)
		b'[unknown]' (6236fee6d4db)
		b'[unknown]' (7c043a894ac3)

	Not found in mutex_ids. mutex (b'[unknown]') 504dffc3b070 ::: wait time 5586.98us ::: hold time 13705.57us ::: enter count 2287
		b'[unknown]' (6236f9ad3c3a)
		b'[unknown]' (6236f9ad6190)
		b'[unknown]' (6236fee87b95)
		b'[unknown]' (6236fee9b71f)
		b'[unknown]' (6236fee97f34)
		b'[unknown]' (6236fee84a84)
		b'[unknown]' (6236f7dd36a6)
		b'[unknown]' (6236fcd8a808)
		b'[unknown]' (6236fcd8a37b)
		b'[unknown]' (6236f7d9cab7)
		b'[unknown]' (6236f7d862a3)
		b'[unknown]' (6236fcd735cc)
		b'[unknown]' (6236fcd735ec)
		b'[unknown]' (6236fcd73972)
		b'[unknown]' (6236fcd84c9e)
		b'[unknown]' (6236fcd83414)
		b'[unknown]' (6236fcd8163b)
		b'[unknown]' (6236fcd7f951)
		b'[unknown]' (6236fcd7cc48)
		b'[unknown]' (6236fcd78cdd)
		b'[unknown]' (6236fcd6d02c)
		b'[unknown]' (6236fcd65d21)
		b'[unknown]' (6236f8676266)
		b'[unknown]' (6236f8675bab)
		b'[unknown]' (6236f867537a)
		b'[unknown]' (6236f86750a2)
		b'[unknown]' (6236fa6284a3)
		b'[unknown]' (6236fa62c176)
		b'[unknown]' (6236fa3321c9)
		b'[unknown]' (6236fa33dd18)
		b'[unknown]' (6236fa33e46b)
		b'[unknown]' (6236fa33dd70)
		b'[unknown]' (6236fed9754e)
		b'[unknown]' (6236f7ee69ac)
		b'[unknown]' (6236f7ee9125)
		b'[unknown]' (6236f7eec3a0)
		b'[unknown]' (6236f7eed325)
		b'[unknown]' (6236f7eec7be)
		b'[unknown]' (6236f7eec86f)
		b'[unknown]' (6236f7ee8ad5)
		b'[unknown]' (6236f7ee8bc3)
		b'[unknown]' (6236f7ef1105)
		b'[unknown]' (6236f7ee7eb9)
		b'[unknown]' (6236f7ee7f5b)
		b'[unknown]' (6236f7ef3e5e)
		b'[unknown]' (6236f7ef49e5)
		b'[unknown]' (6236f7ef5066)
		b'[unknown]' (6236f7ef5df5)
		b'[unknown]' (6236f7ed7f38)
		b'[unknown]' (6236fea64b8d)
		b'[unknown]' (6236fea65171)
		b'[unknown]' (6236fea651e4)
		b'[unknown]' (6236fea65273)
		b'[unknown]' (6236fea652d7)
		b'[unknown]' (6236fea6581e)
		b'[unknown]' (6236fea65a0e)
		b'[unknown]' (6236fea65aad)
		b'[unknown]' (6236fea65b3b)
		b'[unknown]' (6236fea666ca)
		b'[unknown]' (6236fea6678b)
		b'[unknown]' (6236fea6797d)
		b'[unknown]' (6236f7d88dd2)
		b'[unknown]' (6236fea6b3d9)
		b'[unknown]' (6236fea6c3d5)
		b'[unknown]' (6236fea6b380)
		b'[unknown]' (6236fea6c529)
		b'[unknown]' (6236f7d88dd2)
		b'[unknown]' (6236fee6a91a)
		b'[unknown]' (6236fee67893)
		b'[unknown]' (6236fee6899a)
		b'[unknown]' (6236f8525afc)
		b'[unknown]' (6236fee6d592)
		b'[unknown]' (6236fee6e112)
		b'[unknown]' (6236f8525afc)
		b'[unknown]' (6236fee6d4db)
		b'[unknown]' (7c043a894ac3)

	Not found in mutex_ids. mutex (b'[unknown]') 504dffc3ae78 ::: wait time 5581.99us ::: hold time 14432.04us ::: enter count 2309
		b'[unknown]' (6236f9ad3c3a)
		b'[unknown]' (6236f9ad6190)
		b'[unknown]' (6236fee87859)
		b'[unknown]' (6236fee9a513)
		b'[unknown]' (6236fee97c33)
		b'[unknown]' (6236fee84be4)
		b'[unknown]' (6236fcd7dc8e)
		b'[unknown]' (6236fcd79c33)
		b'[unknown]' (6236fcd762bd)
		b'[unknown]' (6236fcd6897e)
		b'[unknown]' (6236fcd66c41)
		b'[unknown]' (6236fcd666bd)
		b'[unknown]' (6236fa627325)
		b'[unknown]' (6236fa62808a)
		b'[unknown]' (6236fa62c176)
		b'[unknown]' (6236fa3321c9)
		b'[unknown]' (6236fa33dd18)
		b'[unknown]' (6236fa33e46b)
		b'[unknown]' (6236fa33dd70)
		b'[unknown]' (6236fed9754e)
		b'[unknown]' (6236f7ee69ac)
		b'[unknown]' (6236f7ee9125)
		b'[unknown]' (6236f7eec3a0)
		b'[unknown]' (6236f7eed325)
		b'[unknown]' (6236f7eec7be)
		b'[unknown]' (6236f7eec86f)
		b'[unknown]' (6236f7ee8ad5)
		b'[unknown]' (6236f7ee8bc3)
		b'[unknown]' (6236f7ef1105)
		b'[unknown]' (6236f7ee7eb9)
		b'[unknown]' (6236f7ee7f5b)
		b'[unknown]' (6236f7ef3e5e)
		b'[unknown]' (6236f7ef49e5)
		b'[unknown]' (6236f7ef5066)
		b'[unknown]' (6236f7ef5df5)
		b'[unknown]' (6236f7ed7f38)
		b'[unknown]' (6236fea64b8d)
		b'[unknown]' (6236fea65171)
		b'[unknown]' (6236fea651e4)
		b'[unknown]' (6236fea65273)
		b'[unknown]' (6236fea652d7)
		b'[unknown]' (6236fea6581e)
		b'[unknown]' (6236fea65a0e)
		b'[unknown]' (6236fea65aad)
		b'[unknown]' (6236fea65b3b)
		b'[unknown]' (6236fea666ca)
		b'[unknown]' (6236fea6678b)
		b'[unknown]' (6236fea6797d)
		b'[unknown]' (6236f7d88dd2)
		b'[unknown]' (6236fea6b3d9)
		b'[unknown]' (6236fea6c3d5)
		b'[unknown]' (6236fea6b380)
		b'[unknown]' (6236fea6c529)
		b'[unknown]' (6236f7d88dd2)
		b'[unknown]' (6236fee6a91a)
		b'[unknown]' (6236fee67893)
		b'[unknown]' (6236fee6899a)
		b'[unknown]' (6236f8525afc)
		b'[unknown]' (6236fee6d592)
		b'[unknown]' (6236fee6e112)
		b'[unknown]' (6236f8525afc)
		b'[unknown]' (6236fee6d4db)
		b'[unknown]' (7c043a894ac3)

	Not found in mutex_ids. mutex (b'[unknown]') 504dffc3b220 ::: wait time 5576.31us ::: hold time 14591.98us ::: enter count 2250
		b'[unknown]' (6236f7d776a7)
		b'[unknown]' (6236f7d77cac)
		b'[unknown]' (6236f7d80eca)
		b'[unknown]' (6236feea0bc6)
		b'[unknown]' (6236fee9b7d2)
		b'[unknown]' (6236fee97f34)
		b'[unknown]' (6236fee978bb)
		b'[unknown]' (6236fee83f43)
		b'[unknown]' (6236fee83ed8)
		b'[unknown]' (6236fac87a38)
		b'[unknown]' (6236fac8b826)
		b'[unknown]' (6236fac8ad9f)
		b'[unknown]' (6236fac89edd)
		b'[unknown]' (6236f9568403)
		b'[unknown]' (6236f956697f)
		b'[unknown]' (6236f9567af9)
		b'[unknown]' (6236f95679ea)
		b'[unknown]' (6236f9567743)
		b'[unknown]' (6236f956777d)
		b'[unknown]' (6236f95677ee)
		b'[unknown]' (6236f9568168)
		b'[unknown]' (6236f956812b)
		b'[unknown]' (6236f95680d8)
		b'[unknown]' (6236f95680ac)
		b'[unknown]' (6236f9568090)
		b'[unknown]' (7c043ace62b3)

	Not found in mutex_ids. mutex (b'[unknown]') 504dffc3b220 ::: wait time 5570.22us ::: hold time 14117.06us ::: enter count 2250
		b'[unknown]' (6236f9ad3c3a)
		b'[unknown]' (6236f9ad6190)
		b'[unknown]' (6236fee87859)
		b'[unknown]' (6236fee9a513)
		b'[unknown]' (6236fee97c33)
		b'[unknown]' (6236fee84be4)
		b'[unknown]' (6236fcd7dc8e)
		b'[unknown]' (6236fcd79c33)
		b'[unknown]' (6236fcd762bd)
		b'[unknown]' (6236fcd6897e)
		b'[unknown]' (6236fcd66c41)
		b'[unknown]' (6236fcd666bd)
		b'[unknown]' (6236fa627325)
		b'[unknown]' (6236fa62808a)
		b'[unknown]' (6236fa62c176)
		b'[unknown]' (6236fa3321c9)
		b'[unknown]' (6236fa33dd18)
		b'[unknown]' (6236fa33e46b)
		b'[unknown]' (6236fa33dd70)
		b'[unknown]' (6236fed9754e)
		b'[unknown]' (6236f7ee69ac)
		b'[unknown]' (6236f7ee9125)
		b'[unknown]' (6236f7eec3a0)
		b'[unknown]' (6236f7eed325)
		b'[unknown]' (6236f7eec7be)
		b'[unknown]' (6236f7eec86f)
		b'[unknown]' (6236f7ee8ad5)
		b'[unknown]' (6236f7ee8bc3)
		b'[unknown]' (6236f7ef1105)
		b'[unknown]' (6236f7ee7eb9)
		b'[unknown]' (6236f7ee7f5b)
		b'[unknown]' (6236f7ef3e5e)
		b'[unknown]' (6236f7ef49e5)
		b'[unknown]' (6236f7ef5066)
		b'[unknown]' (6236f7ef5df5)
		b'[unknown]' (6236f7ed7f38)
		b'[unknown]' (6236fea64b8d)
		b'[unknown]' (6236fea65171)
		b'[unknown]' (6236fea651e4)
		b'[unknown]' (6236fea65273)
		b'[unknown]' (6236fea652d7)
		b'[unknown]' (6236fea6581e)
		b'[unknown]' (6236fea65a0e)
		b'[unknown]' (6236fea65aad)
		b'[unknown]' (6236fea65b3b)
		b'[unknown]' (6236fea666ca)
		b'[unknown]' (6236fea6678b)
		b'[unknown]' (6236fea6797d)
		b'[unknown]' (6236f7d88dd2)
		b'[unknown]' (6236fea6b3d9)
		b'[unknown]' (6236fea6c3d5)
		b'[unknown]' (6236fea6b380)
		b'[unknown]' (6236fea6c529)
		b'[unknown]' (6236f7d88dd2)
		b'[unknown]' (6236fee6a91a)
		b'[unknown]' (6236fee67893)
		b'[unknown]' (6236fee6899a)
		b'[unknown]' (6236f8525afc)
		b'[unknown]' (6236fee6d592)
		b'[unknown]' (6236fee6e112)
		b'[unknown]' (6236f8525afc)
		b'[unknown]' (6236fee6d4db)
		b'[unknown]' (7c043a894ac3)

	Not found in mutex_ids. mutex (b'[unknown]') 504dffc3ab18 ::: wait time 5562.59us ::: hold time 13892.85us ::: enter count 2289
		b'[unknown]' (6236f9ad3c3a)
		b'[unknown]' (6236f9ad6190)
		b'[unknown]' (6236fee87b95)
		b'[unknown]' (6236fee9b71f)
		b'[unknown]' (6236fee97f34)
		b'[unknown]' (6236fee84a84)
		b'[unknown]' (6236f7dd36a6)
		b'[unknown]' (6236fcd8a808)
		b'[unknown]' (6236fcd8a37b)
		b'[unknown]' (6236f7d9cab7)
		b'[unknown]' (6236f7d862a3)
		b'[unknown]' (6236fcd735cc)
		b'[unknown]' (6236fcd735ec)
		b'[unknown]' (6236fcd73972)
		b'[unknown]' (6236fcd84c9e)
		b'[unknown]' (6236fcd83414)
		b'[unknown]' (6236fcd8163b)
		b'[unknown]' (6236fcd7f951)
		b'[unknown]' (6236fcd7cc48)
		b'[unknown]' (6236fcd78cdd)
		b'[unknown]' (6236fcd6d02c)
		b'[unknown]' (6236fcd65d21)
		b'[unknown]' (6236f8676266)
		b'[unknown]' (6236f8675bab)
		b'[unknown]' (6236f867537a)
		b'[unknown]' (6236f86750a2)
		b'[unknown]' (6236fa6284a3)
		b'[unknown]' (6236fa62c176)
		b'[unknown]' (6236fa3321c9)
		b'[unknown]' (6236fa33dd18)
		b'[unknown]' (6236fa33e46b)
		b'[unknown]' (6236fa33dd70)
		b'[unknown]' (6236fed9754e)
		b'[unknown]' (6236f7ee69ac)
		b'[unknown]' (6236f7ee9125)
		b'[unknown]' (6236f7eec3a0)
		b'[unknown]' (6236f7eed325)
		b'[unknown]' (6236f7eec7be)
		b'[unknown]' (6236f7eec86f)
		b'[unknown]' (6236f7ee8ad5)
		b'[unknown]' (6236f7ee8bc3)
		b'[unknown]' (6236f7ef1105)
		b'[unknown]' (6236f7ee7eb9)
		b'[unknown]' (6236f7ee7f5b)
		b'[unknown]' (6236f7ef3e5e)
		b'[unknown]' (6236f7ef49e5)
		b'[unknown]' (6236f7ef5066)
		b'[unknown]' (6236f7ef5df5)
		b'[unknown]' (6236f7ed7f38)
		b'[unknown]' (6236fea64b8d)
		b'[unknown]' (6236fea65171)
		b'[unknown]' (6236fea651e4)
		b'[unknown]' (6236fea65273)
		b'[unknown]' (6236fea652d7)
		b'[unknown]' (6236fea6581e)
		b'[unknown]' (6236fea65a0e)
		b'[unknown]' (6236fea65aad)
		b'[unknown]' (6236fea65b3b)
		b'[unknown]' (6236fea666ca)
		b'[unknown]' (6236fea6678b)
		b'[unknown]' (6236fea6797d)
		b'[unknown]' (6236f7d88dd2)
		b'[unknown]' (6236fea6b3d9)
		b'[unknown]' (6236fea6c3d5)
		b'[unknown]' (6236fea6b380)
		b'[unknown]' (6236fea6c529)
		b'[unknown]' (6236f7d88dd2)
		b'[unknown]' (6236fee6a91a)
		b'[unknown]' (6236fee67893)
		b'[unknown]' (6236fee6899a)
		b'[unknown]' (6236f8525afc)
		b'[unknown]' (6236fee6d592)
		b'[unknown]' (6236fee6e112)
		b'[unknown]' (6236f8525afc)
		b'[unknown]' (6236fee6d4db)
		b'[unknown]' (7c043a894ac3)

	Not found in mutex_ids. mutex (b'[unknown]') 504dffc3af98 ::: wait time 5559.10us ::: hold time 15065.17us ::: enter count 2196
		b'[unknown]' (6236f9ad3c3a)
		b'[unknown]' (6236f9ad6190)
		b'[unknown]' (6236fee87859)
		b'[unknown]' (6236fee9a513)
		b'[unknown]' (6236fee977b7)
		b'[unknown]' (6236fee83d5f)
		b'[unknown]' (6236fee83aa6)
		b'[unknown]' (6236fee860ca)
		b'[unknown]' (6236fee85c86)
		b'[unknown]' (6236fee85a16)
		b'[unknown]' (6236fee84742)
		b'[unknown]' (6236fcd85cb0)
		b'[unknown]' (6236fcd85d84)
		b'[unknown]' (6236fcd83f03)
		b'[unknown]' (6236fcd82139)
		b'[unknown]' (6236fcd806c6)
		b'[unknown]' (6236fcd7dbbf)
		b'[unknown]' (6236fcd79bb3)
		b'[unknown]' (6236fcd76206)
		b'[unknown]' (6236fcd68821)
		b'[unknown]' (6236fcd66c41)
		b'[unknown]' (6236fcd666bd)
		b'[unknown]' (6236fa627325)
		b'[unknown]' (6236fa62808a)
		b'[unknown]' (6236fa62c176)
		b'[unknown]' (6236fa3321c9)
		b'[unknown]' (6236fa33dd18)
		b'[unknown]' (6236fa33e46b)
		b'[unknown]' (6236fa33dd70)
		b'[unknown]' (6236fed9754e)
		b'[unknown]' (6236f7ee69ac)
		b'[unknown]' (6236f7ee9125)
		b'[unknown]' (6236f7eec3a0)
		b'[unknown]' (6236f7eed325)
		b'[unknown]' (6236f7eec7be)
		b'[unknown]' (6236f7eec86f)
		b'[unknown]' (6236f7ee8ad5)
		b'[unknown]' (6236f7ee8bc3)
		b'[unknown]' (6236f7ef1105)
		b'[unknown]' (6236f7ee7eb9)
		b'[unknown]' (6236f7ee7f5b)
		b'[unknown]' (6236f7ef3e5e)
		b'[unknown]' (6236f7ef49e5)
		b'[unknown]' (6236f7ef5066)
		b'[unknown]' (6236f7ef5df5)
		b'[unknown]' (6236f7ed7f38)
		b'[unknown]' (6236fea64b8d)
		b'[unknown]' (6236fea65171)
		b'[unknown]' (6236fea651e4)
		b'[unknown]' (6236fea65273)
		b'[unknown]' (6236fea652d7)
		b'[unknown]' (6236fea6581e)
		b'[unknown]' (6236fea65a0e)
		b'[unknown]' (6236fea65aad)
		b'[unknown]' (6236fea65b3b)
		b'[unknown]' (6236fea666ca)
		b'[unknown]' (6236fea6678b)
		b'[unknown]' (6236fea6797d)
		b'[unknown]' (6236f7d88dd2)
		b'[unknown]' (6236fea6b3d9)
		b'[unknown]' (6236fea6c3d5)
		b'[unknown]' (6236fea6b380)
		b'[unknown]' (6236fea6c529)
		b'[unknown]' (6236f7d88dd2)
		b'[unknown]' (6236fee6a91a)
		b'[unknown]' (6236fee67893)
		b'[unknown]' (6236fee6899a)
		b'[unknown]' (6236f8525afc)
		b'[unknown]' (6236fee6d592)
		b'[unknown]' (6236fee6e112)
		b'[unknown]' (6236f8525afc)
		b'[unknown]' (6236fee6d4db)
		b'[unknown]' (7c043a894ac3)

	Not found in mutex_ids. mutex (b'[unknown]') 504dffc3ae30 ::: wait time 5558.58us ::: hold time 14022.90us ::: enter count 2230
		b'[unknown]' (6236f9ad3c3a)
		b'[unknown]' (6236f9ad6190)
		b'[unknown]' (6236fee87859)
		b'[unknown]' (6236fee9a513)
		b'[unknown]' (6236fee97c33)
		b'[unknown]' (6236fee84be4)
		b'[unknown]' (6236fcd7dc8e)
		b'[unknown]' (6236fcd79c33)
		b'[unknown]' (6236fcd762bd)
		b'[unknown]' (6236fcd6897e)
		b'[unknown]' (6236fcd66c41)
		b'[unknown]' (6236fcd666bd)
		b'[unknown]' (6236fa627325)
		b'[unknown]' (6236fa62808a)
		b'[unknown]' (6236fa62c176)
		b'[unknown]' (6236fa3321c9)
		b'[unknown]' (6236fa33dd18)
		b'[unknown]' (6236fa33e46b)
		b'[unknown]' (6236fa33dd70)
		b'[unknown]' (6236fed9754e)
		b'[unknown]' (6236f7ee69ac)
		b'[unknown]' (6236f7ee9125)
		b'[unknown]' (6236f7eec3a0)
		b'[unknown]' (6236f7eed325)
		b'[unknown]' (6236f7eec7be)
		b'[unknown]' (6236f7eec86f)
		b'[unknown]' (6236f7ee8ad5)
		b'[unknown]' (6236f7ee8bc3)
		b'[unknown]' (6236f7ef1105)
		b'[unknown]' (6236f7ee7eb9)
		b'[unknown]' (6236f7ee7f5b)
		b'[unknown]' (6236f7ef3e5e)
		b'[unknown]' (6236f7ef49e5)
		b'[unknown]' (6236f7ef5066)
		b'[unknown]' (6236f7ef5df5)
		b'[unknown]' (6236f7ed7f38)
		b'[unknown]' (6236fea64b8d)
		b'[unknown]' (6236fea65171)
		b'[unknown]' (6236fea651e4)
		b'[unknown]' (6236fea65273)
		b'[unknown]' (6236fea652d7)
		b'[unknown]' (6236fea6581e)
		b'[unknown]' (6236fea65a0e)
		b'[unknown]' (6236fea65aad)
		b'[unknown]' (6236fea65b3b)
		b'[unknown]' (6236fea666ca)
		b'[unknown]' (6236fea6678b)
		b'[unknown]' (6236fea6797d)
		b'[unknown]' (6236f7d88dd2)
		b'[unknown]' (6236fea6b3d9)
		b'[unknown]' (6236fea6c3d5)
		b'[unknown]' (6236fea6b380)
		b'[unknown]' (6236fea6c529)
		b'[unknown]' (6236f7d88dd2)
		b'[unknown]' (6236fee6a91a)
		b'[unknown]' (6236fee67893)
		b'[unknown]' (6236fee6899a)
		b'[unknown]' (6236f8525afc)
		b'[unknown]' (6236fee6d592)
		b'[unknown]' (6236fee6e112)
		b'[unknown]' (6236f8525afc)
		b'[unknown]' (6236fee6d4db)
		b'[unknown]' (7c043a894ac3)

	Not found in mutex_ids. mutex (b'[unknown]') 504dffc3ad10 ::: wait time 5557.25us ::: hold time 14801.35us ::: enter count 2263
		b'[unknown]' (6236f7d776a7)
		b'[unknown]' (6236f7d77cac)
		b'[unknown]' (6236f7d80eca)
		b'[unknown]' (6236feea0bc6)
		b'[unknown]' (6236fee9b7d2)
		b'[unknown]' (6236fee97f34)
		b'[unknown]' (6236fee978bb)
		b'[unknown]' (6236fee83f43)
		b'[unknown]' (6236fee83ed8)
		b'[unknown]' (6236fac87a38)
		b'[unknown]' (6236fac8b826)
		b'[unknown]' (6236fac8ad9f)
		b'[unknown]' (6236fac89edd)
		b'[unknown]' (6236f9568403)
		b'[unknown]' (6236f956697f)
		b'[unknown]' (6236f9567af9)
		b'[unknown]' (6236f95679ea)
		b'[unknown]' (6236f9567743)
		b'[unknown]' (6236f956777d)
		b'[unknown]' (6236f95677ee)
		b'[unknown]' (6236f9568168)
		b'[unknown]' (6236f956812b)
		b'[unknown]' (6236f95680d8)
		b'[unknown]' (6236f95680ac)
		b'[unknown]' (6236f9568090)
		b'[unknown]' (7c043ace62b3)

	Not found in mutex_ids. mutex (b'[unknown]') 504dffc3ae78 ::: wait time 5554.24us ::: hold time 14594.42us ::: enter count 2309
		b'[unknown]' (6236f9ad3c3a)
		b'[unknown]' (6236f9ad6190)
		b'[unknown]' (6236fee87b95)
		b'[unknown]' (6236fee9b71f)
		b'[unknown]' (6236fee97f34)
		b'[unknown]' (6236fee978bb)
		b'[unknown]' (6236fee83f43)
		b'[unknown]' (6236fee83ed8)
		b'[unknown]' (6236f7e894d4)
		b'[unknown]' (6236f7e89385)
		b'[unknown]' (6236f7e892d8)
		b'[unknown]' (6236f7e89298)
		b'[unknown]' (6236fee84aa4)
		b'[unknown]' (6236f7dd36a6)
		b'[unknown]' (6236fcd8a808)
		b'[unknown]' (6236fcd8a37b)
		b'[unknown]' (6236f7d9cab7)
		b'[unknown]' (6236f7d862a3)
		b'[unknown]' (6236fcd735cc)
		b'[unknown]' (6236fcd735ec)
		b'[unknown]' (6236fcd73972)
		b'[unknown]' (6236fcd84c9e)
		b'[unknown]' (6236fcd83414)
		b'[unknown]' (6236fcd8163b)
		b'[unknown]' (6236fcd7f951)
		b'[unknown]' (6236fcd7cc48)
		b'[unknown]' (6236fcd78cdd)
		b'[unknown]' (6236fcd6d02c)
		b'[unknown]' (6236fcd65d21)
		b'[unknown]' (6236f8676266)
		b'[unknown]' (6236f8675bab)
		b'[unknown]' (6236f867537a)
		b'[unknown]' (6236f86750a2)
		b'[unknown]' (6236fa6284a3)
		b'[unknown]' (6236fa62c176)
		b'[unknown]' (6236fa3321c9)
		b'[unknown]' (6236fa33dd18)
		b'[unknown]' (6236fa33e46b)
		b'[unknown]' (6236fa33dd70)
		b'[unknown]' (6236fed9754e)
		b'[unknown]' (6236f7ee69ac)
		b'[unknown]' (6236f7ee9125)
		b'[unknown]' (6236f7eec3a0)
		b'[unknown]' (6236f7eed325)
		b'[unknown]' (6236f7eec7be)
		b'[unknown]' (6236f7eec86f)
		b'[unknown]' (6236f7ee8ad5)
		b'[unknown]' (6236f7ee8bc3)
		b'[unknown]' (6236f7ef1105)
		b'[unknown]' (6236f7ee7eb9)
		b'[unknown]' (6236f7ee7f5b)
		b'[unknown]' (6236f7ef3e5e)
		b'[unknown]' (6236f7ef49e5)
		b'[unknown]' (6236f7ef5066)
		b'[unknown]' (6236f7ef5df5)
		b'[unknown]' (6236f7ed7f38)
		b'[unknown]' (6236fea64b8d)
		b'[unknown]' (6236fea65171)
		b'[unknown]' (6236fea651e4)
		b'[unknown]' (6236fea65273)
		b'[unknown]' (6236fea652d7)
		b'[unknown]' (6236fea6581e)
		b'[unknown]' (6236fea65a0e)
		b'[unknown]' (6236fea65aad)
		b'[unknown]' (6236fea65b3b)
		b'[unknown]' (6236fea666ca)
		b'[unknown]' (6236fea6678b)
		b'[unknown]' (6236fea6797d)
		b'[unknown]' (6236f7d88dd2)
		b'[unknown]' (6236fea6b3d9)
		b'[unknown]' (6236fea6c3d5)
		b'[unknown]' (6236fea6b380)
		b'[unknown]' (6236fea6c529)
		b'[unknown]' (6236f7d88dd2)
		b'[unknown]' (6236fee6a91a)
		b'[unknown]' (6236fee67893)
		b'[unknown]' (6236fee6899a)
		b'[unknown]' (6236f8525afc)
		b'[unknown]' (6236fee6d592)
		b'[unknown]' (6236fee6e112)
		b'[unknown]' (6236f8525afc)
		b'[unknown]' (6236fee6d4db)
		b'[unknown]' (7c043a894ac3)

	Not found in mutex_ids. mutex (b'[unknown]') 504dffc3b148 ::: wait time 5535.84us ::: hold time 15416.20us ::: enter count 2251
		b'[unknown]' (6236f9ad3c3a)
		b'[unknown]' (6236f9ad6190)
		b'[unknown]' (6236fee87859)
		b'[unknown]' (6236fee9a513)
		b'[unknown]' (6236fee977b7)
		b'[unknown]' (6236fee83d5f)
		b'[unknown]' (6236fee83aa6)
		b'[unknown]' (6236fee860ca)
		b'[unknown]' (6236fee85c86)
		b'[unknown]' (6236fee85a16)
		b'[unknown]' (6236fee84742)
		b'[unknown]' (6236fcd85cb0)
		b'[unknown]' (6236fcd85d84)
		b'[unknown]' (6236fcd83f03)
		b'[unknown]' (6236fcd82139)
		b'[unknown]' (6236fcd806c6)
		b'[unknown]' (6236fcd7dbbf)
		b'[unknown]' (6236fcd79bb3)
		b'[unknown]' (6236fcd76206)
		b'[unknown]' (6236fcd68821)
		b'[unknown]' (6236fcd66c41)
		b'[unknown]' (6236fcd666bd)
		b'[unknown]' (6236fa627325)
		b'[unknown]' (6236fa62808a)
		b'[unknown]' (6236fa62c176)
		b'[unknown]' (6236fa3321c9)
		b'[unknown]' (6236fa33dd18)
		b'[unknown]' (6236fa33e46b)
		b'[unknown]' (6236fa33dd70)
		b'[unknown]' (6236fed9754e)
		b'[unknown]' (6236f7ee69ac)
		b'[unknown]' (6236f7ee9125)
		b'[unknown]' (6236f7eec3a0)
		b'[unknown]' (6236f7eed325)
		b'[unknown]' (6236f7eec7be)
		b'[unknown]' (6236f7eec86f)
		b'[unknown]' (6236f7ee8ad5)
		b'[unknown]' (6236f7ee8bc3)
		b'[unknown]' (6236f7ef1105)
		b'[unknown]' (6236f7ee7eb9)
		b'[unknown]' (6236f7ee7f5b)
		b'[unknown]' (6236f7ef3e5e)
		b'[unknown]' (6236f7ef49e5)
		b'[unknown]' (6236f7ef5066)
		b'[unknown]' (6236f7ef5df5)
		b'[unknown]' (6236f7ed7f38)
		b'[unknown]' (6236fea64b8d)
		b'[unknown]' (6236fea65171)
		b'[unknown]' (6236fea651e4)
		b'[unknown]' (6236fea65273)
		b'[unknown]' (6236fea652d7)
		b'[unknown]' (6236fea6581e)
		b'[unknown]' (6236fea65a0e)
		b'[unknown]' (6236fea65aad)
		b'[unknown]' (6236fea65b3b)
		b'[unknown]' (6236fea666ca)
		b'[unknown]' (6236fea6678b)
		b'[unknown]' (6236fea6797d)
		b'[unknown]' (6236f7d88dd2)
		b'[unknown]' (6236fea6b3d9)
		b'[unknown]' (6236fea6c3d5)
		b'[unknown]' (6236fea6b380)
		b'[unknown]' (6236fea6c529)
		b'[unknown]' (6236f7d88dd2)
		b'[unknown]' (6236fee6a91a)
		b'[unknown]' (6236fee67893)
		b'[unknown]' (6236fee6899a)
		b'[unknown]' (6236f8525afc)
		b'[unknown]' (6236fee6d592)
		b'[unknown]' (6236fee6e112)
		b'[unknown]' (6236f8525afc)
		b'[unknown]' (6236fee6d4db)
		b'[unknown]' (7c043a894ac3)

	Not found in mutex_ids. mutex (b'[unknown]') 504dffc3ad10 ::: wait time 5532.39us ::: hold time 14324.13us ::: enter count 2263
		b'[unknown]' (6236f9ad3c3a)
		b'[unknown]' (6236f9ad6190)
		b'[unknown]' (6236fee87859)
		b'[unknown]' (6236fee9a513)
		b'[unknown]' (6236fee97c33)
		b'[unknown]' (6236fee84be4)
		b'[unknown]' (6236fcd7dc8e)
		b'[unknown]' (6236fcd79c33)
		b'[unknown]' (6236fcd762bd)
		b'[unknown]' (6236fcd6897e)
		b'[unknown]' (6236fcd66c41)
		b'[unknown]' (6236fcd666bd)
		b'[unknown]' (6236fa627325)
		b'[unknown]' (6236fa62808a)
		b'[unknown]' (6236fa62c176)
		b'[unknown]' (6236fa3321c9)
		b'[unknown]' (6236fa33dd18)
		b'[unknown]' (6236fa33e46b)
		b'[unknown]' (6236fa33dd70)
		b'[unknown]' (6236fed9754e)
		b'[unknown]' (6236f7ee69ac)
		b'[unknown]' (6236f7ee9125)
		b'[unknown]' (6236f7eec3a0)
		b'[unknown]' (6236f7eed325)
		b'[unknown]' (6236f7eec7be)
		b'[unknown]' (6236f7eec86f)
		b'[unknown]' (6236f7ee8ad5)
		b'[unknown]' (6236f7ee8bc3)
		b'[unknown]' (6236f7ef1105)
		b'[unknown]' (6236f7ee7eb9)
		b'[unknown]' (6236f7ee7f5b)
		b'[unknown]' (6236f7ef3e5e)
		b'[unknown]' (6236f7ef49e5)
		b'[unknown]' (6236f7ef5066)
		b'[unknown]' (6236f7ef5df5)
		b'[unknown]' (6236f7ed7f38)
		b'[unknown]' (6236fea64b8d)
		b'[unknown]' (6236fea65171)
		b'[unknown]' (6236fea651e4)
		b'[unknown]' (6236fea65273)
		b'[unknown]' (6236fea652d7)
		b'[unknown]' (6236fea6581e)
		b'[unknown]' (6236fea65a0e)
		b'[unknown]' (6236fea65aad)
		b'[unknown]' (6236fea65b3b)
		b'[unknown]' (6236fea666ca)
		b'[unknown]' (6236fea6678b)
		b'[unknown]' (6236fea6797d)
		b'[unknown]' (6236f7d88dd2)
		b'[unknown]' (6236fea6b3d9)
		b'[unknown]' (6236fea6c3d5)
		b'[unknown]' (6236fea6b380)
		b'[unknown]' (6236fea6c529)
		b'[unknown]' (6236f7d88dd2)
		b'[unknown]' (6236fee6a91a)
		b'[unknown]' (6236fee67893)
		b'[unknown]' (6236fee6899a)
		b'[unknown]' (6236f8525afc)
		b'[unknown]' (6236fee6d592)
		b'[unknown]' (6236fee6e112)
		b'[unknown]' (6236f8525afc)
		b'[unknown]' (6236fee6d4db)
		b'[unknown]' (7c043a894ac3)

	Not found in mutex_ids. mutex (b'[unknown]') 504dffc3ae78 ::: wait time 5527.51us ::: hold time 14258.41us ::: enter count 2309
		b'[unknown]' (6236f9ad3c3a)
		b'[unknown]' (6236f9ad6190)
		b'[unknown]' (6236fee87b95)
		b'[unknown]' (6236fee9b71f)
		b'[unknown]' (6236fee97f34)
		b'[unknown]' (6236fee83f09)
		b'[unknown]' (6236f7e894d4)
		b'[unknown]' (6236f7e89385)
		b'[unknown]' (6236f7e892d8)
		b'[unknown]' (6236f7e89298)
		b'[unknown]' (6236fee84aa4)
		b'[unknown]' (6236f7dd36a6)
		b'[unknown]' (6236fcd8a808)
		b'[unknown]' (6236fcd8a37b)
		b'[unknown]' (6236f7d9cab7)
		b'[unknown]' (6236f7d862a3)
		b'[unknown]' (6236fcd735cc)
		b'[unknown]' (6236fcd735ec)
		b'[unknown]' (6236fcd73972)
		b'[unknown]' (6236fcd84c9e)
		b'[unknown]' (6236fcd83414)
		b'[unknown]' (6236fcd8163b)
		b'[unknown]' (6236fcd7f951)
		b'[unknown]' (6236fcd7cc48)
		b'[unknown]' (6236fcd78cdd)
		b'[unknown]' (6236fcd6d02c)
		b'[unknown]' (6236fcd65d21)
		b'[unknown]' (6236f8676266)
		b'[unknown]' (6236f8675bab)
		b'[unknown]' (6236f867537a)
		b'[unknown]' (6236f86750a2)
		b'[unknown]' (6236fa6284a3)
		b'[unknown]' (6236fa62c176)
		b'[unknown]' (6236fa3321c9)
		b'[unknown]' (6236fa33dd18)
		b'[unknown]' (6236fa33e46b)
		b'[unknown]' (6236fa33dd70)
		b'[unknown]' (6236fed9754e)
		b'[unknown]' (6236f7ee69ac)
		b'[unknown]' (6236f7ee9125)
		b'[unknown]' (6236f7eec3a0)
		b'[unknown]' (6236f7eed325)
		b'[unknown]' (6236f7eec7be)
		b'[unknown]' (6236f7eec86f)
		b'[unknown]' (6236f7ee8ad5)
		b'[unknown]' (6236f7ee8bc3)
		b'[unknown]' (6236f7ef1105)
		b'[unknown]' (6236f7ee7eb9)
		b'[unknown]' (6236f7ee7f5b)
		b'[unknown]' (6236f7ef3e5e)
		b'[unknown]' (6236f7ef49e5)
		b'[unknown]' (6236f7ef5066)
		b'[unknown]' (6236f7ef5df5)
		b'[unknown]' (6236f7ed7f38)
		b'[unknown]' (6236fea64b8d)
		b'[unknown]' (6236fea65171)
		b'[unknown]' (6236fea651e4)
		b'[unknown]' (6236fea65273)
		b'[unknown]' (6236fea652d7)
		b'[unknown]' (6236fea6581e)
		b'[unknown]' (6236fea65a0e)
		b'[unknown]' (6236fea65aad)
		b'[unknown]' (6236fea65b3b)
		b'[unknown]' (6236fea666ca)
		b'[unknown]' (6236fea6678b)
		b'[unknown]' (6236fea6797d)
		b'[unknown]' (6236f7d88dd2)
		b'[unknown]' (6236fea6b3d9)
		b'[unknown]' (6236fea6c3d5)
		b'[unknown]' (6236fea6b380)
		b'[unknown]' (6236fea6c529)
		b'[unknown]' (6236f7d88dd2)
		b'[unknown]' (6236fee6a91a)
		b'[unknown]' (6236fee67893)
		b'[unknown]' (6236fee6899a)
		b'[unknown]' (6236f8525afc)
		b'[unknown]' (6236fee6d592)
		b'[unknown]' (6236fee6e112)
		b'[unknown]' (6236f8525afc)
		b'[unknown]' (6236fee6d4db)
		b'[unknown]' (7c043a894ac3)

	Not found in mutex_ids. mutex (b'[unknown]') 504dffc3b148 ::: wait time 5522.07us ::: hold time 13606.81us ::: enter count 2251
		b'[unknown]' (6236f9ad3c3a)
		b'[unknown]' (6236f9ad6190)
		b'[unknown]' (6236fee87b95)
		b'[unknown]' (6236fee9b71f)
		b'[unknown]' (6236fee97f34)
		b'[unknown]' (6236fee84a84)
		b'[unknown]' (6236f7dd36a6)
		b'[unknown]' (6236fcd8a808)
		b'[unknown]' (6236fcd8a37b)
		b'[unknown]' (6236f7d9cab7)
		b'[unknown]' (6236f7d862a3)
		b'[unknown]' (6236fcd735cc)
		b'[unknown]' (6236fcd735ec)
		b'[unknown]' (6236fcd73972)
		b'[unknown]' (6236fcd84c9e)
		b'[unknown]' (6236fcd83414)
		b'[unknown]' (6236fcd8163b)
		b'[unknown]' (6236fcd7f951)
		b'[unknown]' (6236fcd7cc48)
		b'[unknown]' (6236fcd78cdd)
		b'[unknown]' (6236fcd6d02c)
		b'[unknown]' (6236fcd65d21)
		b'[unknown]' (6236f8676266)
		b'[unknown]' (6236f8675bab)
		b'[unknown]' (6236f867537a)
		b'[unknown]' (6236f86750a2)
		b'[unknown]' (6236fa6284a3)
		b'[unknown]' (6236fa62c176)
		b'[unknown]' (6236fa3321c9)
		b'[unknown]' (6236fa33dd18)
		b'[unknown]' (6236fa33e46b)
		b'[unknown]' (6236fa33dd70)
		b'[unknown]' (6236fed9754e)
		b'[unknown]' (6236f7ee69ac)
		b'[unknown]' (6236f7ee9125)
		b'[unknown]' (6236f7eec3a0)
		b'[unknown]' (6236f7eed325)
		b'[unknown]' (6236f7eec7be)
		b'[unknown]' (6236f7eec86f)
		b'[unknown]' (6236f7ee8ad5)
		b'[unknown]' (6236f7ee8bc3)
		b'[unknown]' (6236f7ef1105)
		b'[unknown]' (6236f7ee7eb9)
		b'[unknown]' (6236f7ee7f5b)
		b'[unknown]' (6236f7ef3e5e)
		b'[unknown]' (6236f7ef49e5)
		b'[unknown]' (6236f7ef5066)
		b'[unknown]' (6236f7ef5df5)
		b'[unknown]' (6236f7ed7f38)
		b'[unknown]' (6236fea64b8d)
		b'[unknown]' (6236fea65171)
		b'[unknown]' (6236fea651e4)
		b'[unknown]' (6236fea65273)
		b'[unknown]' (6236fea652d7)
		b'[unknown]' (6236fea6581e)
		b'[unknown]' (6236fea65a0e)
		b'[unknown]' (6236fea65aad)
		b'[unknown]' (6236fea65b3b)
		b'[unknown]' (6236fea666ca)
		b'[unknown]' (6236fea6678b)
		b'[unknown]' (6236fea6797d)
		b'[unknown]' (6236f7d88dd2)
		b'[unknown]' (6236fea6b3d9)
		b'[unknown]' (6236fea6c3d5)
		b'[unknown]' (6236fea6b380)
		b'[unknown]' (6236fea6c529)
		b'[unknown]' (6236f7d88dd2)
		b'[unknown]' (6236fee6a91a)
		b'[unknown]' (6236fee67893)
		b'[unknown]' (6236fee6899a)
		b'[unknown]' (6236f8525afc)
		b'[unknown]' (6236fee6d592)
		b'[unknown]' (6236fee6e112)
		b'[unknown]' (6236f8525afc)
		b'[unknown]' (6236fee6d4db)
		b'[unknown]' (7c043a894ac3)

	Not found in mutex_ids. mutex (b'[unknown]') 504dffc3ad10 ::: wait time 5512.78us ::: hold time 13631.10us ::: enter count 2263
		b'[unknown]' (6236f9ad3c3a)
		b'[unknown]' (6236f9ad6190)
		b'[unknown]' (6236fee87b95)
		b'[unknown]' (6236fee9b71f)
		b'[unknown]' (6236fee97f34)
		b'[unknown]' (6236fee84a84)
		b'[unknown]' (6236f7dd36a6)
		b'[unknown]' (6236fcd8a808)
		b'[unknown]' (6236fcd8a37b)
		b'[unknown]' (6236f7d9cab7)
		b'[unknown]' (6236f7d862a3)
		b'[unknown]' (6236fcd735cc)
		b'[unknown]' (6236fcd735ec)
		b'[unknown]' (6236fcd73972)
		b'[unknown]' (6236fcd84c9e)
		b'[unknown]' (6236fcd83414)
		b'[unknown]' (6236fcd8163b)
		b'[unknown]' (6236fcd7f951)
		b'[unknown]' (6236fcd7cc48)
		b'[unknown]' (6236fcd78cdd)
		b'[unknown]' (6236fcd6d02c)
		b'[unknown]' (6236fcd65d21)
		b'[unknown]' (6236f8676266)
		b'[unknown]' (6236f8675bab)
		b'[unknown]' (6236f867537a)
		b'[unknown]' (6236f86750a2)
		b'[unknown]' (6236fa6284a3)
		b'[unknown]' (6236fa62c176)
		b'[unknown]' (6236fa3321c9)
		b'[unknown]' (6236fa33dd18)
		b'[unknown]' (6236fa33e46b)
		b'[unknown]' (6236fa33dd70)
		b'[unknown]' (6236fed9754e)
		b'[unknown]' (6236f7ee69ac)
		b'[unknown]' (6236f7ee9125)
		b'[unknown]' (6236f7eec3a0)
		b'[unknown]' (6236f7eed325)
		b'[unknown]' (6236f7eec7be)
		b'[unknown]' (6236f7eec86f)
		b'[unknown]' (6236f7ee8ad5)
		b'[unknown]' (6236f7ee8bc3)
		b'[unknown]' (6236f7ef1105)
		b'[unknown]' (6236f7ee7eb9)
		b'[unknown]' (6236f7ee7f5b)
		b'[unknown]' (6236f7ef3e5e)
		b'[unknown]' (6236f7ef49e5)
		b'[unknown]' (6236f7ef5066)
		b'[unknown]' (6236f7ef5df5)
		b'[unknown]' (6236f7ed7f38)
		b'[unknown]' (6236fea64b8d)
		b'[unknown]' (6236fea65171)
		b'[unknown]' (6236fea651e4)
		b'[unknown]' (6236fea65273)
		b'[unknown]' (6236fea652d7)
		b'[unknown]' (6236fea6581e)
		b'[unknown]' (6236fea65a0e)
		b'[unknown]' (6236fea65aad)
		b'[unknown]' (6236fea65b3b)
		b'[unknown]' (6236fea666ca)
		b'[unknown]' (6236fea6678b)
		b'[unknown]' (6236fea6797d)
		b'[unknown]' (6236f7d88dd2)
		b'[unknown]' (6236fea6b3d9)
		b'[unknown]' (6236fea6c3d5)
		b'[unknown]' (6236fea6b380)
		b'[unknown]' (6236fea6c529)
		b'[unknown]' (6236f7d88dd2)
		b'[unknown]' (6236fee6a91a)
		b'[unknown]' (6236fee67893)
		b'[unknown]' (6236fee6899a)
		b'[unknown]' (6236f8525afc)
		b'[unknown]' (6236fee6d592)
		b'[unknown]' (6236fee6e112)
		b'[unknown]' (6236f8525afc)
		b'[unknown]' (6236fee6d4db)
		b'[unknown]' (7c043a894ac3)

	Not found in mutex_ids. mutex (b'[unknown]') 504dffc3ac80 ::: wait time 5510.08us ::: hold time 15460.49us ::: enter count 2265
		b'[unknown]' (6236f9ad3c3a)
		b'[unknown]' (6236f9ad6190)
		b'[unknown]' (6236fee87859)
		b'[unknown]' (6236fee9a513)
		b'[unknown]' (6236fee977b7)
		b'[unknown]' (6236fee83d5f)
		b'[unknown]' (6236fee83aa6)
		b'[unknown]' (6236fee860ca)
		b'[unknown]' (6236fee85c86)
		b'[unknown]' (6236fee85a16)
		b'[unknown]' (6236fee84742)
		b'[unknown]' (6236fcd85cb0)
		b'[unknown]' (6236fcd85d84)
		b'[unknown]' (6236fcd83f03)
		b'[unknown]' (6236fcd82139)
		b'[unknown]' (6236fcd806c6)
		b'[unknown]' (6236fcd7dbbf)
		b'[unknown]' (6236fcd79bb3)
		b'[unknown]' (6236fcd76206)
		b'[unknown]' (6236fcd68821)
		b'[unknown]' (6236fcd66c41)
		b'[unknown]' (6236fcd666bd)
		b'[unknown]' (6236fa627325)
		b'[unknown]' (6236fa62808a)
		b'[unknown]' (6236fa62c176)
		b'[unknown]' (6236fa3321c9)
		b'[unknown]' (6236fa33dd18)
		b'[unknown]' (6236fa33e46b)
		b'[unknown]' (6236fa33dd70)
		b'[unknown]' (6236fed9754e)
		b'[unknown]' (6236f7ee69ac)
		b'[unknown]' (6236f7ee9125)
		b'[unknown]' (6236f7eec3a0)
		b'[unknown]' (6236f7eed325)
		b'[unknown]' (6236f7eec7be)
		b'[unknown]' (6236f7eec86f)
		b'[unknown]' (6236f7ee8ad5)
		b'[unknown]' (6236f7ee8bc3)
		b'[unknown]' (6236f7ef1105)
		b'[unknown]' (6236f7ee7eb9)
		b'[unknown]' (6236f7ee7f5b)
		b'[unknown]' (6236f7ef3e5e)
		b'[unknown]' (6236f7ef49e5)
		b'[unknown]' (6236f7ef5066)
		b'[unknown]' (6236f7ef5df5)
		b'[unknown]' (6236f7ed7f38)
		b'[unknown]' (6236fea64b8d)
		b'[unknown]' (6236fea65171)
		b'[unknown]' (6236fea651e4)
		b'[unknown]' (6236fea65273)
		b'[unknown]' (6236fea652d7)
		b'[unknown]' (6236fea6581e)
		b'[unknown]' (6236fea65a0e)
		b'[unknown]' (6236fea65aad)
		b'[unknown]' (6236fea65b3b)
		b'[unknown]' (6236fea666ca)
		b'[unknown]' (6236fea6678b)
		b'[unknown]' (6236fea6797d)
		b'[unknown]' (6236f7d88dd2)
		b'[unknown]' (6236fea6b3d9)
		b'[unknown]' (6236fea6c3d5)
		b'[unknown]' (6236fea6b380)
		b'[unknown]' (6236fea6c529)
		b'[unknown]' (6236f7d88dd2)
		b'[unknown]' (6236fee6a91a)
		b'[unknown]' (6236fee67893)
		b'[unknown]' (6236fee6899a)
		b'[unknown]' (6236f8525afc)
		b'[unknown]' (6236fee6d592)
		b'[unknown]' (6236fee6e112)
		b'[unknown]' (6236f8525afc)
		b'[unknown]' (6236fee6d4db)
		b'[unknown]' (7c043a894ac3)

	Not found in mutex_ids. mutex (b'[unknown]') 504dffc3b100 ::: wait time 5504.93us ::: hold time 15539.94us ::: enter count 2252
		b'[unknown]' (6236f9ad3c3a)
		b'[unknown]' (6236f9ad6190)
		b'[unknown]' (6236fee87859)
		b'[unknown]' (6236fee9a513)
		b'[unknown]' (6236fee977b7)
		b'[unknown]' (6236fee83d5f)
		b'[unknown]' (6236fee83aa6)
		b'[unknown]' (6236fee860ca)
		b'[unknown]' (6236fee85c86)
		b'[unknown]' (6236fee85a16)
		b'[unknown]' (6236fee84742)
		b'[unknown]' (6236fcd85cb0)
		b'[unknown]' (6236fcd85d84)
		b'[unknown]' (6236fcd83f03)
		b'[unknown]' (6236fcd82139)
		b'[unknown]' (6236fcd806c6)
		b'[unknown]' (6236fcd7dbbf)
		b'[unknown]' (6236fcd79bb3)
		b'[unknown]' (6236fcd76206)
		b'[unknown]' (6236fcd68821)
		b'[unknown]' (6236fcd66c41)
		b'[unknown]' (6236fcd666bd)
		b'[unknown]' (6236fa627325)
		b'[unknown]' (6236fa62808a)
		b'[unknown]' (6236fa62c176)
		b'[unknown]' (6236fa3321c9)
		b'[unknown]' (6236fa33dd18)
		b'[unknown]' (6236fa33e46b)
		b'[unknown]' (6236fa33dd70)
		b'[unknown]' (6236fed9754e)
		b'[unknown]' (6236f7ee69ac)
		b'[unknown]' (6236f7ee9125)
		b'[unknown]' (6236f7eec3a0)
		b'[unknown]' (6236f7eed325)
		b'[unknown]' (6236f7eec7be)
		b'[unknown]' (6236f7eec86f)
		b'[unknown]' (6236f7ee8ad5)
		b'[unknown]' (6236f7ee8bc3)
		b'[unknown]' (6236f7ef1105)
		b'[unknown]' (6236f7ee7eb9)
		b'[unknown]' (6236f7ee7f5b)
		b'[unknown]' (6236f7ef3e5e)
		b'[unknown]' (6236f7ef49e5)
		b'[unknown]' (6236f7ef5066)
		b'[unknown]' (6236f7ef5df5)
		b'[unknown]' (6236f7ed7f38)
		b'[unknown]' (6236fea64b8d)
		b'[unknown]' (6236fea65171)
		b'[unknown]' (6236fea651e4)
		b'[unknown]' (6236fea65273)
		b'[unknown]' (6236fea652d7)
		b'[unknown]' (6236fea6581e)
		b'[unknown]' (6236fea65a0e)
		b'[unknown]' (6236fea65aad)
		b'[unknown]' (6236fea65b3b)
		b'[unknown]' (6236fea666ca)
		b'[unknown]' (6236fea6678b)
		b'[unknown]' (6236fea6797d)
		b'[unknown]' (6236f7d88dd2)
		b'[unknown]' (6236fea6b3d9)
		b'[unknown]' (6236fea6c3d5)
		b'[unknown]' (6236fea6b380)
		b'[unknown]' (6236fea6c529)
		b'[unknown]' (6236f7d88dd2)
		b'[unknown]' (6236fee6a91a)
		b'[unknown]' (6236fee67893)
		b'[unknown]' (6236fee6899a)
		b'[unknown]' (6236f8525afc)
		b'[unknown]' (6236fee6d592)
		b'[unknown]' (6236fee6e112)
		b'[unknown]' (6236f8525afc)
		b'[unknown]' (6236fee6d4db)
		b'[unknown]' (7c043a894ac3)

	Not found in mutex_ids. mutex (b'[unknown]') 504dffc3aa88 ::: wait time 5503.36us ::: hold time 13730.69us ::: enter count 2246
		b'[unknown]' (6236f9ad3c3a)
		b'[unknown]' (6236f9ad6190)
		b'[unknown]' (6236fee87b95)
		b'[unknown]' (6236fee9b71f)
		b'[unknown]' (6236fee97f34)
		b'[unknown]' (6236fee84a84)
		b'[unknown]' (6236f7dd36a6)
		b'[unknown]' (6236fcd8a808)
		b'[unknown]' (6236fcd8a37b)
		b'[unknown]' (6236f7d9cab7)
		b'[unknown]' (6236f7d862a3)
		b'[unknown]' (6236fcd735cc)
		b'[unknown]' (6236fcd735ec)
		b'[unknown]' (6236fcd73972)
		b'[unknown]' (6236fcd84c9e)
		b'[unknown]' (6236fcd83414)
		b'[unknown]' (6236fcd8163b)
		b'[unknown]' (6236fcd7f951)
		b'[unknown]' (6236fcd7cc48)
		b'[unknown]' (6236fcd78cdd)
		b'[unknown]' (6236fcd6d02c)
		b'[unknown]' (6236fcd65d21)
		b'[unknown]' (6236f8676266)
		b'[unknown]' (6236f8675bab)
		b'[unknown]' (6236f867537a)
		b'[unknown]' (6236f86750a2)
		b'[unknown]' (6236fa6284a3)
		b'[unknown]' (6236fa62c176)
		b'[unknown]' (6236fa3321c9)
		b'[unknown]' (6236fa33dd18)
		b'[unknown]' (6236fa33e46b)
		b'[unknown]' (6236fa33dd70)
		b'[unknown]' (6236fed9754e)
		b'[unknown]' (6236f7ee69ac)
		b'[unknown]' (6236f7ee9125)
		b'[unknown]' (6236f7eec3a0)
		b'[unknown]' (6236f7eed325)
		b'[unknown]' (6236f7eec7be)
		b'[unknown]' (6236f7eec86f)
		b'[unknown]' (6236f7ee8ad5)
		b'[unknown]' (6236f7ee8bc3)
		b'[unknown]' (6236f7ef1105)
		b'[unknown]' (6236f7ee7eb9)
		b'[unknown]' (6236f7ee7f5b)
		b'[unknown]' (6236f7ef3e5e)
		b'[unknown]' (6236f7ef49e5)
		b'[unknown]' (6236f7ef5066)
		b'[unknown]' (6236f7ef5df5)
		b'[unknown]' (6236f7ed7f38)
		b'[unknown]' (6236fea64b8d)
		b'[unknown]' (6236fea65171)
		b'[unknown]' (6236fea651e4)
		b'[unknown]' (6236fea65273)
		b'[unknown]' (6236fea652d7)
		b'[unknown]' (6236fea6581e)
		b'[unknown]' (6236fea65a0e)
		b'[unknown]' (6236fea65aad)
		b'[unknown]' (6236fea65b3b)
		b'[unknown]' (6236fea666ca)
		b'[unknown]' (6236fea6678b)
		b'[unknown]' (6236fea6797d)
		b'[unknown]' (6236f7d88dd2)
		b'[unknown]' (6236fea6b3d9)
		b'[unknown]' (6236fea6c3d5)
		b'[unknown]' (6236fea6b380)
		b'[unknown]' (6236fea6c529)
		b'[unknown]' (6236f7d88dd2)
		b'[unknown]' (6236fee6a91a)
		b'[unknown]' (6236fee67893)
		b'[unknown]' (6236fee6899a)
		b'[unknown]' (6236f8525afc)
		b'[unknown]' (6236fee6d592)
		b'[unknown]' (6236fee6e112)
		b'[unknown]' (6236f8525afc)
		b'[unknown]' (6236fee6d4db)
		b'[unknown]' (7c043a894ac3)

	Not found in mutex_ids. mutex (b'[unknown]') 504dffc3ae30 ::: wait time 5499.26us ::: hold time 14600.10us ::: enter count 2230
		b'[unknown]' (6236f7d776a7)
		b'[unknown]' (6236f7d77cac)
		b'[unknown]' (6236f7d80eca)
		b'[unknown]' (6236feea0bc6)
		b'[unknown]' (6236fee9b7d2)
		b'[unknown]' (6236fee97f34)
		b'[unknown]' (6236fee978bb)
		b'[unknown]' (6236fee83f43)
		b'[unknown]' (6236fee83ed8)
		b'[unknown]' (6236fac87a38)
		b'[unknown]' (6236fac8b826)
		b'[unknown]' (6236fac8ad9f)
		b'[unknown]' (6236fac89edd)
		b'[unknown]' (6236f9568403)
		b'[unknown]' (6236f956697f)
		b'[unknown]' (6236f9567af9)
		b'[unknown]' (6236f95679ea)
		b'[unknown]' (6236f9567743)
		b'[unknown]' (6236f956777d)
		b'[unknown]' (6236f95677ee)
		b'[unknown]' (6236f9568168)
		b'[unknown]' (6236f956812b)
		b'[unknown]' (6236f95680d8)
		b'[unknown]' (6236f95680ac)
		b'[unknown]' (6236f9568090)
		b'[unknown]' (7c043ace62b3)

	Not found in mutex_ids. mutex (b'[unknown]') 504dffc3b070 ::: wait time 5492.24us ::: hold time 14154.73us ::: enter count 2287
		b'[unknown]' (6236f9ad3c3a)
		b'[unknown]' (6236f9ad6190)
		b'[unknown]' (6236fee87b95)
		b'[unknown]' (6236fee9b71f)
		b'[unknown]' (6236fee97f34)
		b'[unknown]' (6236fee83f09)
		b'[unknown]' (6236f7e894d4)
		b'[unknown]' (6236f7e89385)
		b'[unknown]' (6236f7e892d8)
		b'[unknown]' (6236f7e89298)
		b'[unknown]' (6236fee84aa4)
		b'[unknown]' (6236f7dd36a6)
		b'[unknown]' (6236fcd8a808)
		b'[unknown]' (6236fcd8a37b)
		b'[unknown]' (6236f7d9cab7)
		b'[unknown]' (6236f7d862a3)
		b'[unknown]' (6236fcd735cc)
		b'[unknown]' (6236fcd735ec)
		b'[unknown]' (6236fcd73972)
		b'[unknown]' (6236fcd84c9e)
		b'[unknown]' (6236fcd83414)
		b'[unknown]' (6236fcd8163b)
		b'[unknown]' (6236fcd7f951)
		b'[unknown]' (6236fcd7cc48)
		b'[unknown]' (6236fcd78cdd)
		b'[unknown]' (6236fcd6d02c)
		b'[unknown]' (6236fcd65d21)
		b'[unknown]' (6236f8676266)
		b'[unknown]' (6236f8675bab)
		b'[unknown]' (6236f867537a)
		b'[unknown]' (6236f86750a2)
		b'[unknown]' (6236fa6284a3)
		b'[unknown]' (6236fa62c176)
		b'[unknown]' (6236fa3321c9)
		b'[unknown]' (6236fa33dd18)
		b'[unknown]' (6236fa33e46b)
		b'[unknown]' (6236fa33dd70)
		b'[unknown]' (6236fed9754e)
		b'[unknown]' (6236f7ee69ac)
		b'[unknown]' (6236f7ee9125)
		b'[unknown]' (6236f7eec3a0)
		b'[unknown]' (6236f7eed325)
		b'[unknown]' (6236f7eec7be)
		b'[unknown]' (6236f7eec86f)
		b'[unknown]' (6236f7ee8ad5)
		b'[unknown]' (6236f7ee8bc3)
		b'[unknown]' (6236f7ef1105)
		b'[unknown]' (6236f7ee7eb9)
		b'[unknown]' (6236f7ee7f5b)
		b'[unknown]' (6236f7ef3e5e)
		b'[unknown]' (6236f7ef49e5)
		b'[unknown]' (6236f7ef5066)
		b'[unknown]' (6236f7ef5df5)
		b'[unknown]' (6236f7ed7f38)
		b'[unknown]' (6236fea64b8d)
		b'[unknown]' (6236fea65171)
		b'[unknown]' (6236fea651e4)
		b'[unknown]' (6236fea65273)
		b'[unknown]' (6236fea652d7)
		b'[unknown]' (6236fea6581e)
		b'[unknown]' (6236fea65a0e)
		b'[unknown]' (6236fea65aad)
		b'[unknown]' (6236fea65b3b)
		b'[unknown]' (6236fea666ca)
		b'[unknown]' (6236fea6678b)
		b'[unknown]' (6236fea6797d)
		b'[unknown]' (6236f7d88dd2)
		b'[unknown]' (6236fea6b3d9)
		b'[unknown]' (6236fea6c3d5)
		b'[unknown]' (6236fea6b380)
		b'[unknown]' (6236fea6c529)
		b'[unknown]' (6236f7d88dd2)
		b'[unknown]' (6236fee6a91a)
		b'[unknown]' (6236fee67893)
		b'[unknown]' (6236fee6899a)
		b'[unknown]' (6236f8525afc)
		b'[unknown]' (6236fee6d592)
		b'[unknown]' (6236fee6e112)
		b'[unknown]' (6236f8525afc)
		b'[unknown]' (6236fee6d4db)
		b'[unknown]' (7c043a894ac3)

	Not found in mutex_ids. mutex (b'[unknown]') 504dffc3b100 ::: wait time 5492.14us ::: hold time 13548.77us ::: enter count 2252
		b'[unknown]' (6236f9ad3c3a)
		b'[unknown]' (6236f9ad6190)
		b'[unknown]' (6236fee87b95)
		b'[unknown]' (6236fee9b71f)
		b'[unknown]' (6236fee97f34)
		b'[unknown]' (6236fee84a84)
		b'[unknown]' (6236f7dd36a6)
		b'[unknown]' (6236fcd8a808)
		b'[unknown]' (6236fcd8a37b)
		b'[unknown]' (6236f7d9cab7)
		b'[unknown]' (6236f7d862a3)
		b'[unknown]' (6236fcd735cc)
		b'[unknown]' (6236fcd735ec)
		b'[unknown]' (6236fcd73972)
		b'[unknown]' (6236fcd84c9e)
		b'[unknown]' (6236fcd83414)
		b'[unknown]' (6236fcd8163b)
		b'[unknown]' (6236fcd7f951)
		b'[unknown]' (6236fcd7cc48)
		b'[unknown]' (6236fcd78cdd)
		b'[unknown]' (6236fcd6d02c)
		b'[unknown]' (6236fcd65d21)
		b'[unknown]' (6236f8676266)
		b'[unknown]' (6236f8675bab)
		b'[unknown]' (6236f867537a)
		b'[unknown]' (6236f86750a2)
		b'[unknown]' (6236fa6284a3)
		b'[unknown]' (6236fa62c176)
		b'[unknown]' (6236fa3321c9)
		b'[unknown]' (6236fa33dd18)
		b'[unknown]' (6236fa33e46b)
		b'[unknown]' (6236fa33dd70)
		b'[unknown]' (6236fed9754e)
		b'[unknown]' (6236f7ee69ac)
		b'[unknown]' (6236f7ee9125)
		b'[unknown]' (6236f7eec3a0)
		b'[unknown]' (6236f7eed325)
		b'[unknown]' (6236f7eec7be)
		b'[unknown]' (6236f7eec86f)
		b'[unknown]' (6236f7ee8ad5)
		b'[unknown]' (6236f7ee8bc3)
		b'[unknown]' (6236f7ef1105)
		b'[unknown]' (6236f7ee7eb9)
		b'[unknown]' (6236f7ee7f5b)
		b'[unknown]' (6236f7ef3e5e)
		b'[unknown]' (6236f7ef49e5)
		b'[unknown]' (6236f7ef5066)
		b'[unknown]' (6236f7ef5df5)
		b'[unknown]' (6236f7ed7f38)
		b'[unknown]' (6236fea64b8d)
		b'[unknown]' (6236fea65171)
		b'[unknown]' (6236fea651e4)
		b'[unknown]' (6236fea65273)
		b'[unknown]' (6236fea652d7)
		b'[unknown]' (6236fea6581e)
		b'[unknown]' (6236fea65a0e)
		b'[unknown]' (6236fea65aad)
		b'[unknown]' (6236fea65b3b)
		b'[unknown]' (6236fea666ca)
		b'[unknown]' (6236fea6678b)
		b'[unknown]' (6236fea6797d)
		b'[unknown]' (6236f7d88dd2)
		b'[unknown]' (6236fea6b3d9)
		b'[unknown]' (6236fea6c3d5)
		b'[unknown]' (6236fea6b380)
		b'[unknown]' (6236fea6c529)
		b'[unknown]' (6236f7d88dd2)
		b'[unknown]' (6236fee6a91a)
		b'[unknown]' (6236fee67893)
		b'[unknown]' (6236fee6899a)
		b'[unknown]' (6236f8525afc)
		b'[unknown]' (6236fee6d592)
		b'[unknown]' (6236fee6e112)
		b'[unknown]' (6236f8525afc)
		b'[unknown]' (6236fee6d4db)
		b'[unknown]' (7c043a894ac3)

	Not found in mutex_ids. mutex (b'[unknown]') 504dffc3ac38 ::: wait time 5489.59us ::: hold time 15267.55us ::: enter count 2235
		b'[unknown]' (6236f9ad3c3a)
		b'[unknown]' (6236f9ad6190)
		b'[unknown]' (6236fee87859)
		b'[unknown]' (6236fee9a513)
		b'[unknown]' (6236fee977b7)
		b'[unknown]' (6236fee83d5f)
		b'[unknown]' (6236fee83aa6)
		b'[unknown]' (6236fee860ca)
		b'[unknown]' (6236fee85c86)
		b'[unknown]' (6236fee85a16)
		b'[unknown]' (6236fee84742)
		b'[unknown]' (6236fcd85cb0)
		b'[unknown]' (6236fcd85d84)
		b'[unknown]' (6236fcd83f03)
		b'[unknown]' (6236fcd82139)
		b'[unknown]' (6236fcd806c6)
		b'[unknown]' (6236fcd7dbbf)
		b'[unknown]' (6236fcd79bb3)
		b'[unknown]' (6236fcd76206)
		b'[unknown]' (6236fcd68821)
		b'[unknown]' (6236fcd66c41)
		b'[unknown]' (6236fcd666bd)
		b'[unknown]' (6236fa627325)
		b'[unknown]' (6236fa62808a)
		b'[unknown]' (6236fa62c176)
		b'[unknown]' (6236fa3321c9)
		b'[unknown]' (6236fa33dd18)
		b'[unknown]' (6236fa33e46b)
		b'[unknown]' (6236fa33dd70)
		b'[unknown]' (6236fed9754e)
		b'[unknown]' (6236f7ee69ac)
		b'[unknown]' (6236f7ee9125)
		b'[unknown]' (6236f7eec3a0)
		b'[unknown]' (6236f7eed325)
		b'[unknown]' (6236f7eec7be)
		b'[unknown]' (6236f7eec86f)
		b'[unknown]' (6236f7ee8ad5)
		b'[unknown]' (6236f7ee8bc3)
		b'[unknown]' (6236f7ef1105)
		b'[unknown]' (6236f7ee7eb9)
		b'[unknown]' (6236f7ee7f5b)
		b'[unknown]' (6236f7ef3e5e)
		b'[unknown]' (6236f7ef49e5)
		b'[unknown]' (6236f7ef5066)
		b'[unknown]' (6236f7ef5df5)
		b'[unknown]' (6236f7ed7f38)
		b'[unknown]' (6236fea64b8d)
		b'[unknown]' (6236fea65171)
		b'[unknown]' (6236fea651e4)
		b'[unknown]' (6236fea65273)
		b'[unknown]' (6236fea652d7)
		b'[unknown]' (6236fea6581e)
		b'[unknown]' (6236fea65a0e)
		b'[unknown]' (6236fea65aad)
		b'[unknown]' (6236fea65b3b)
		b'[unknown]' (6236fea666ca)
		b'[unknown]' (6236fea6678b)
		b'[unknown]' (6236fea6797d)
		b'[unknown]' (6236f7d88dd2)
		b'[unknown]' (6236fea6b3d9)
		b'[unknown]' (6236fea6c3d5)
		b'[unknown]' (6236fea6b380)
		b'[unknown]' (6236fea6c529)
		b'[unknown]' (6236f7d88dd2)
		b'[unknown]' (6236fee6a91a)
		b'[unknown]' (6236fee67893)
		b'[unknown]' (6236fee6899a)
		b'[unknown]' (6236f8525afc)
		b'[unknown]' (6236fee6d592)
		b'[unknown]' (6236fee6e112)
		b'[unknown]' (6236f8525afc)
		b'[unknown]' (6236fee6d4db)
		b'[unknown]' (7c043a894ac3)

	Not found in mutex_ids. mutex (b'[unknown]') 504dffc3b070 ::: wait time 5489.09us ::: hold time 14444.85us ::: enter count 2287
		b'[unknown]' (6236f9ad3c3a)
		b'[unknown]' (6236f9ad6190)
		b'[unknown]' (6236fee87b95)
		b'[unknown]' (6236fee9b71f)
		b'[unknown]' (6236fee97f34)
		b'[unknown]' (6236fee978bb)
		b'[unknown]' (6236fee83f43)
		b'[unknown]' (6236fee83ed8)
		b'[unknown]' (6236f7e894d4)
		b'[unknown]' (6236f7e89385)
		b'[unknown]' (6236f7e892d8)
		b'[unknown]' (6236f7e89298)
		b'[unknown]' (6236fee84aa4)
		b'[unknown]' (6236f7dd36a6)
		b'[unknown]' (6236fcd8a808)
		b'[unknown]' (6236fcd8a37b)
		b'[unknown]' (6236f7d9cab7)
		b'[unknown]' (6236f7d862a3)
		b'[unknown]' (6236fcd735cc)
		b'[unknown]' (6236fcd735ec)
		b'[unknown]' (6236fcd73972)
		b'[unknown]' (6236fcd84c9e)
		b'[unknown]' (6236fcd83414)
		b'[unknown]' (6236fcd8163b)
		b'[unknown]' (6236fcd7f951)
		b'[unknown]' (6236fcd7cc48)
		b'[unknown]' (6236fcd78cdd)
		b'[unknown]' (6236fcd6d02c)
		b'[unknown]' (6236fcd65d21)
		b'[unknown]' (6236f8676266)
		b'[unknown]' (6236f8675bab)
		b'[unknown]' (6236f867537a)
		b'[unknown]' (6236f86750a2)
		b'[unknown]' (6236fa6284a3)
		b'[unknown]' (6236fa62c176)
		b'[unknown]' (6236fa3321c9)
		b'[unknown]' (6236fa33dd18)
		b'[unknown]' (6236fa33e46b)
		b'[unknown]' (6236fa33dd70)
		b'[unknown]' (6236fed9754e)
		b'[unknown]' (6236f7ee69ac)
		b'[unknown]' (6236f7ee9125)
		b'[unknown]' (6236f7eec3a0)
		b'[unknown]' (6236f7eed325)
		b'[unknown]' (6236f7eec7be)
		b'[unknown]' (6236f7eec86f)
		b'[unknown]' (6236f7ee8ad5)
		b'[unknown]' (6236f7ee8bc3)
		b'[unknown]' (6236f7ef1105)
		b'[unknown]' (6236f7ee7eb9)
		b'[unknown]' (6236f7ee7f5b)
		b'[unknown]' (6236f7ef3e5e)
		b'[unknown]' (6236f7ef49e5)
		b'[unknown]' (6236f7ef5066)
		b'[unknown]' (6236f7ef5df5)
		b'[unknown]' (6236f7ed7f38)
		b'[unknown]' (6236fea64b8d)
		b'[unknown]' (6236fea65171)
		b'[unknown]' (6236fea651e4)
		b'[unknown]' (6236fea65273)
		b'[unknown]' (6236fea652d7)
		b'[unknown]' (6236fea6581e)
		b'[unknown]' (6236fea65a0e)
		b'[unknown]' (6236fea65aad)
		b'[unknown]' (6236fea65b3b)
		b'[unknown]' (6236fea666ca)
		b'[unknown]' (6236fea6678b)
		b'[unknown]' (6236fea6797d)
		b'[unknown]' (6236f7d88dd2)
		b'[unknown]' (6236fea6b3d9)
		b'[unknown]' (6236fea6c3d5)
		b'[unknown]' (6236fea6b380)
		b'[unknown]' (6236fea6c529)
		b'[unknown]' (6236f7d88dd2)
		b'[unknown]' (6236fee6a91a)
		b'[unknown]' (6236fee67893)
		b'[unknown]' (6236fee6899a)
		b'[unknown]' (6236f8525afc)
		b'[unknown]' (6236fee6d592)
		b'[unknown]' (6236fee6e112)
		b'[unknown]' (6236f8525afc)
		b'[unknown]' (6236fee6d4db)
		b'[unknown]' (7c043a894ac3)

	Not found in mutex_ids. mutex (b'[unknown]') 504dffc3aa88 ::: wait time 5488.46us ::: hold time 14149.41us ::: enter count 2246
		b'[unknown]' (6236f9ad3c3a)
		b'[unknown]' (6236f9ad6190)
		b'[unknown]' (6236fee87b95)
		b'[unknown]' (6236fee9b71f)
		b'[unknown]' (6236fee97f34)
		b'[unknown]' (6236fee84cbf)
		b'[unknown]' (6236f949285e)
		b'[unknown]' (6236f94907af)
		b'[unknown]' (6236f948ef38)
		b'[unknown]' (6236f948ee78)
		b'[unknown]' (6236fcd73960)
		b'[unknown]' (6236fcd84c9e)
		b'[unknown]' (6236fcd83414)
		b'[unknown]' (6236fcd8163b)
		b'[unknown]' (6236fcd7f951)
		b'[unknown]' (6236fcd7cc48)
		b'[unknown]' (6236fcd78cdd)
		b'[unknown]' (6236fcd6d02c)
		b'[unknown]' (6236fcd65d21)
		b'[unknown]' (6236f8676266)
		b'[unknown]' (6236f8675bab)
		b'[unknown]' (6236f867537a)
		b'[unknown]' (6236f86750a2)
		b'[unknown]' (6236fa6284a3)
		b'[unknown]' (6236fa62c176)
		b'[unknown]' (6236fa3321c9)
		b'[unknown]' (6236fa33dd18)
		b'[unknown]' (6236fa33e46b)
		b'[unknown]' (6236fa33dd70)
		b'[unknown]' (6236fed9754e)
		b'[unknown]' (6236f7ee69ac)
		b'[unknown]' (6236f7ee9125)
		b'[unknown]' (6236f7eec3a0)
		b'[unknown]' (6236f7eed325)
		b'[unknown]' (6236f7eec7be)
		b'[unknown]' (6236f7eec86f)
		b'[unknown]' (6236f7ee8ad5)
		b'[unknown]' (6236f7ee8bc3)
		b'[unknown]' (6236f7ef1105)
		b'[unknown]' (6236f7ee7eb9)
		b'[unknown]' (6236f7ee7f5b)
		b'[unknown]' (6236f7ef3e5e)
		b'[unknown]' (6236f7ef49e5)
		b'[unknown]' (6236f7ef5066)
		b'[unknown]' (6236f7ef5df5)
		b'[unknown]' (6236f7ed7f38)
		b'[unknown]' (6236fea64b8d)
		b'[unknown]' (6236fea65171)
		b'[unknown]' (6236fea651e4)
		b'[unknown]' (6236fea65273)
		b'[unknown]' (6236fea652d7)
		b'[unknown]' (6236fea6581e)
		b'[unknown]' (6236fea65a0e)
		b'[unknown]' (6236fea65aad)
		b'[unknown]' (6236fea65b3b)
		b'[unknown]' (6236fea666ca)
		b'[unknown]' (6236fea6678b)
		b'[unknown]' (6236fea6797d)
		b'[unknown]' (6236f7d88dd2)
		b'[unknown]' (6236fea6b3d9)
		b'[unknown]' (6236fea6c3d5)
		b'[unknown]' (6236fea6b380)
		b'[unknown]' (6236fea6c529)
		b'[unknown]' (6236f7d88dd2)
		b'[unknown]' (6236fee6a91a)
		b'[unknown]' (6236fee67893)
		b'[unknown]' (6236fee6899a)
		b'[unknown]' (6236f8525afc)
		b'[unknown]' (6236fee6d592)
		b'[unknown]' (6236fee6e112)
		b'[unknown]' (6236f8525afc)
		b'[unknown]' (6236fee6d4db)
		b'[unknown]' (7c043a894ac3)

	Not found in mutex_ids. mutex (b'[unknown]') 504dffc3ac80 ::: wait time 5488.07us ::: hold time 13627.68us ::: enter count 2265
		b'[unknown]' (6236f9ad3c3a)
		b'[unknown]' (6236f9ad6190)
		b'[unknown]' (6236fee87b95)
		b'[unknown]' (6236fee9b71f)
		b'[unknown]' (6236fee97f34)
		b'[unknown]' (6236fee84a84)
		b'[unknown]' (6236f7dd36a6)
		b'[unknown]' (6236fcd8a808)
		b'[unknown]' (6236fcd8a37b)
		b'[unknown]' (6236f7d9cab7)
		b'[unknown]' (6236f7d862a3)
		b'[unknown]' (6236fcd735cc)
		b'[unknown]' (6236fcd735ec)
		b'[unknown]' (6236fcd73972)
		b'[unknown]' (6236fcd84c9e)
		b'[unknown]' (6236fcd83414)
		b'[unknown]' (6236fcd8163b)
		b'[unknown]' (6236fcd7f951)
		b'[unknown]' (6236fcd7cc48)
		b'[unknown]' (6236fcd78cdd)
		b'[unknown]' (6236fcd6d02c)
		b'[unknown]' (6236fcd65d21)
		b'[unknown]' (6236f8676266)
		b'[unknown]' (6236f8675bab)
		b'[unknown]' (6236f867537a)
		b'[unknown]' (6236f86750a2)
		b'[unknown]' (6236fa6284a3)
		b'[unknown]' (6236fa62c176)
		b'[unknown]' (6236fa3321c9)
		b'[unknown]' (6236fa33dd18)
		b'[unknown]' (6236fa33e46b)
		b'[unknown]' (6236fa33dd70)
		b'[unknown]' (6236fed9754e)
		b'[unknown]' (6236f7ee69ac)
		b'[unknown]' (6236f7ee9125)
		b'[unknown]' (6236f7eec3a0)
		b'[unknown]' (6236f7eed325)
		b'[unknown]' (6236f7eec7be)
		b'[unknown]' (6236f7eec86f)
		b'[unknown]' (6236f7ee8ad5)
		b'[unknown]' (6236f7ee8bc3)
		b'[unknown]' (6236f7ef1105)
		b'[unknown]' (6236f7ee7eb9)
		b'[unknown]' (6236f7ee7f5b)
		b'[unknown]' (6236f7ef3e5e)
		b'[unknown]' (6236f7ef49e5)
		b'[unknown]' (6236f7ef5066)
		b'[unknown]' (6236f7ef5df5)
		b'[unknown]' (6236f7ed7f38)
		b'[unknown]' (6236fea64b8d)
		b'[unknown]' (6236fea65171)
		b'[unknown]' (6236fea651e4)
		b'[unknown]' (6236fea65273)
		b'[unknown]' (6236fea652d7)
		b'[unknown]' (6236fea6581e)
		b'[unknown]' (6236fea65a0e)
		b'[unknown]' (6236fea65aad)
		b'[unknown]' (6236fea65b3b)
		b'[unknown]' (6236fea666ca)
		b'[unknown]' (6236fea6678b)
		b'[unknown]' (6236fea6797d)
		b'[unknown]' (6236f7d88dd2)
		b'[unknown]' (6236fea6b3d9)
		b'[unknown]' (6236fea6c3d5)
		b'[unknown]' (6236fea6b380)
		b'[unknown]' (6236fea6c529)
		b'[unknown]' (6236f7d88dd2)
		b'[unknown]' (6236fee6a91a)
		b'[unknown]' (6236fee67893)
		b'[unknown]' (6236fee6899a)
		b'[unknown]' (6236f8525afc)
		b'[unknown]' (6236fee6d592)
		b'[unknown]' (6236fee6e112)
		b'[unknown]' (6236f8525afc)
		b'[unknown]' (6236fee6d4db)
		b'[unknown]' (7c043a894ac3)

	Not found in mutex_ids. mutex (b'[unknown]') 504dffc3ab18 ::: wait time 5479.13us ::: hold time 14444.90us ::: enter count 2289
		b'[unknown]' (6236f9ad3c3a)
		b'[unknown]' (6236f9ad6190)
		b'[unknown]' (6236fee87b95)
		b'[unknown]' (6236fee9b71f)
		b'[unknown]' (6236fee97f34)
		b'[unknown]' (6236fee978bb)
		b'[unknown]' (6236fee83f43)
		b'[unknown]' (6236fee83ed8)
		b'[unknown]' (6236f7e894d4)
		b'[unknown]' (6236f7e89385)
		b'[unknown]' (6236f7e892d8)
		b'[unknown]' (6236f7e89298)
		b'[unknown]' (6236fee84aa4)
		b'[unknown]' (6236f7dd36a6)
		b'[unknown]' (6236fcd8a808)
		b'[unknown]' (6236fcd8a37b)
		b'[unknown]' (6236f7d9cab7)
		b'[unknown]' (6236f7d862a3)
		b'[unknown]' (6236fcd735cc)
		b'[unknown]' (6236fcd735ec)
		b'[unknown]' (6236fcd73972)
		b'[unknown]' (6236fcd84c9e)
		b'[unknown]' (6236fcd83414)
		b'[unknown]' (6236fcd8163b)
		b'[unknown]' (6236fcd7f951)
		b'[unknown]' (6236fcd7cc48)
		b'[unknown]' (6236fcd78cdd)
		b'[unknown]' (6236fcd6d02c)
		b'[unknown]' (6236fcd65d21)
		b'[unknown]' (6236f8676266)
		b'[unknown]' (6236f8675bab)
		b'[unknown]' (6236f867537a)
		b'[unknown]' (6236f86750a2)
		b'[unknown]' (6236fa6284a3)
		b'[unknown]' (6236fa62c176)
		b'[unknown]' (6236fa3321c9)
		b'[unknown]' (6236fa33dd18)
		b'[unknown]' (6236fa33e46b)
		b'[unknown]' (6236fa33dd70)
		b'[unknown]' (6236fed9754e)
		b'[unknown]' (6236f7ee69ac)
		b'[unknown]' (6236f7ee9125)
		b'[unknown]' (6236f7eec3a0)
		b'[unknown]' (6236f7eed325)
		b'[unknown]' (6236f7eec7be)
		b'[unknown]' (6236f7eec86f)
		b'[unknown]' (6236f7ee8ad5)
		b'[unknown]' (6236f7ee8bc3)
		b'[unknown]' (6236f7ef1105)
		b'[unknown]' (6236f7ee7eb9)
		b'[unknown]' (6236f7ee7f5b)
		b'[unknown]' (6236f7ef3e5e)
		b'[unknown]' (6236f7ef49e5)
		b'[unknown]' (6236f7ef5066)
		b'[unknown]' (6236f7ef5df5)
		b'[unknown]' (6236f7ed7f38)
		b'[unknown]' (6236fea64b8d)
		b'[unknown]' (6236fea65171)
		b'[unknown]' (6236fea651e4)
		b'[unknown]' (6236fea65273)
		b'[unknown]' (6236fea652d7)
		b'[unknown]' (6236fea6581e)
		b'[unknown]' (6236fea65a0e)
		b'[unknown]' (6236fea65aad)
		b'[unknown]' (6236fea65b3b)
		b'[unknown]' (6236fea666ca)
		b'[unknown]' (6236fea6678b)
		b'[unknown]' (6236fea6797d)
		b'[unknown]' (6236f7d88dd2)
		b'[unknown]' (6236fea6b3d9)
		b'[unknown]' (6236fea6c3d5)
		b'[unknown]' (6236fea6b380)
		b'[unknown]' (6236fea6c529)
		b'[unknown]' (6236f7d88dd2)
		b'[unknown]' (6236fee6a91a)
		b'[unknown]' (6236fee67893)
		b'[unknown]' (6236fee6899a)
		b'[unknown]' (6236f8525afc)
		b'[unknown]' (6236fee6d592)
		b'[unknown]' (6236fee6e112)
		b'[unknown]' (6236f8525afc)
		b'[unknown]' (6236fee6d4db)
		b'[unknown]' (7c043a894ac3)

	Not found in mutex_ids. mutex (b'[unknown]') 504dffc3ab18 ::: wait time 5478.12us ::: hold time 14620.74us ::: enter count 2289
		b'[unknown]' (6236f9ad3c3a)
		b'[unknown]' (6236f9ad6190)
		b'[unknown]' (6236fee87b95)
		b'[unknown]' (6236fee9b71f)
		b'[unknown]' (6236fee97f34)
		b'[unknown]' (6236fee83f09)
		b'[unknown]' (6236f7e894d4)
		b'[unknown]' (6236f7e89385)
		b'[unknown]' (6236f7e892d8)
		b'[unknown]' (6236f7e89298)
		b'[unknown]' (6236fee84aa4)
		b'[unknown]' (6236f7dd36a6)
		b'[unknown]' (6236fcd8a808)
		b'[unknown]' (6236fcd8a37b)
		b'[unknown]' (6236f7d9cab7)
		b'[unknown]' (6236f7d862a3)
		b'[unknown]' (6236fcd735cc)
		b'[unknown]' (6236fcd735ec)
		b'[unknown]' (6236fcd73972)
		b'[unknown]' (6236fcd84c9e)
		b'[unknown]' (6236fcd83414)
		b'[unknown]' (6236fcd8163b)
		b'[unknown]' (6236fcd7f951)
		b'[unknown]' (6236fcd7cc48)
		b'[unknown]' (6236fcd78cdd)
		b'[unknown]' (6236fcd6d02c)
		b'[unknown]' (6236fcd65d21)
		b'[unknown]' (6236f8676266)
		b'[unknown]' (6236f8675bab)
		b'[unknown]' (6236f867537a)
		b'[unknown]' (6236f86750a2)
		b'[unknown]' (6236fa6284a3)
		b'[unknown]' (6236fa62c176)
		b'[unknown]' (6236fa3321c9)
		b'[unknown]' (6236fa33dd18)
		b'[unknown]' (6236fa33e46b)
		b'[unknown]' (6236fa33dd70)
		b'[unknown]' (6236fed9754e)
		b'[unknown]' (6236f7ee69ac)
		b'[unknown]' (6236f7ee9125)
		b'[unknown]' (6236f7eec3a0)
		b'[unknown]' (6236f7eed325)
		b'[unknown]' (6236f7eec7be)
		b'[unknown]' (6236f7eec86f)
		b'[unknown]' (6236f7ee8ad5)
		b'[unknown]' (6236f7ee8bc3)
		b'[unknown]' (6236f7ef1105)
		b'[unknown]' (6236f7ee7eb9)
		b'[unknown]' (6236f7ee7f5b)
		b'[unknown]' (6236f7ef3e5e)
		b'[unknown]' (6236f7ef49e5)
		b'[unknown]' (6236f7ef5066)
		b'[unknown]' (6236f7ef5df5)
		b'[unknown]' (6236f7ed7f38)
		b'[unknown]' (6236fea64b8d)
		b'[unknown]' (6236fea65171)
		b'[unknown]' (6236fea651e4)
		b'[unknown]' (6236fea65273)
		b'[unknown]' (6236fea652d7)
		b'[unknown]' (6236fea6581e)
		b'[unknown]' (6236fea65a0e)
		b'[unknown]' (6236fea65aad)
		b'[unknown]' (6236fea65b3b)
		b'[unknown]' (6236fea666ca)
		b'[unknown]' (6236fea6678b)
		b'[unknown]' (6236fea6797d)
		b'[unknown]' (6236f7d88dd2)
		b'[unknown]' (6236fea6b3d9)
		b'[unknown]' (6236fea6c3d5)
		b'[unknown]' (6236fea6b380)
		b'[unknown]' (6236fea6c529)
		b'[unknown]' (6236f7d88dd2)
		b'[unknown]' (6236fee6a91a)
		b'[unknown]' (6236fee67893)
		b'[unknown]' (6236fee6899a)
		b'[unknown]' (6236f8525afc)
		b'[unknown]' (6236fee6d592)
		b'[unknown]' (6236fee6e112)
		b'[unknown]' (6236f8525afc)
		b'[unknown]' (6236fee6d4db)
		b'[unknown]' (7c043a894ac3)

	Not found in mutex_ids. mutex (b'[unknown]') 504dffc3b220 ::: wait time 5477.43us ::: hold time 13502.29us ::: enter count 2250
		b'[unknown]' (6236f9ad3c3a)
		b'[unknown]' (6236f9ad6190)
		b'[unknown]' (6236fee87b95)
		b'[unknown]' (6236fee9b71f)
		b'[unknown]' (6236fee97f34)
		b'[unknown]' (6236fee84a84)
		b'[unknown]' (6236f7dd36a6)
		b'[unknown]' (6236fcd8a808)
		b'[unknown]' (6236fcd8a37b)
		b'[unknown]' (6236f7d9cab7)
		b'[unknown]' (6236f7d862a3)
		b'[unknown]' (6236fcd735cc)
		b'[unknown]' (6236fcd735ec)
		b'[unknown]' (6236fcd73972)
		b'[unknown]' (6236fcd84c9e)
		b'[unknown]' (6236fcd83414)
		b'[unknown]' (6236fcd8163b)
		b'[unknown]' (6236fcd7f951)
		b'[unknown]' (6236fcd7cc48)
		b'[unknown]' (6236fcd78cdd)
		b'[unknown]' (6236fcd6d02c)
		b'[unknown]' (6236fcd65d21)
		b'[unknown]' (6236f8676266)
		b'[unknown]' (6236f8675bab)
		b'[unknown]' (6236f867537a)
		b'[unknown]' (6236f86750a2)
		b'[unknown]' (6236fa6284a3)
		b'[unknown]' (6236fa62c176)
		b'[unknown]' (6236fa3321c9)
		b'[unknown]' (6236fa33dd18)
		b'[unknown]' (6236fa33e46b)
		b'[unknown]' (6236fa33dd70)
		b'[unknown]' (6236fed9754e)
		b'[unknown]' (6236f7ee69ac)
		b'[unknown]' (6236f7ee9125)
		b'[unknown]' (6236f7eec3a0)
		b'[unknown]' (6236f7eed325)
		b'[unknown]' (6236f7eec7be)
		b'[unknown]' (6236f7eec86f)
		b'[unknown]' (6236f7ee8ad5)
		b'[unknown]' (6236f7ee8bc3)
		b'[unknown]' (6236f7ef1105)
		b'[unknown]' (6236f7ee7eb9)
		b'[unknown]' (6236f7ee7f5b)
		b'[unknown]' (6236f7ef3e5e)
		b'[unknown]' (6236f7ef49e5)
		b'[unknown]' (6236f7ef5066)
		b'[unknown]' (6236f7ef5df5)
		b'[unknown]' (6236f7ed7f38)
		b'[unknown]' (6236fea64b8d)
		b'[unknown]' (6236fea65171)
		b'[unknown]' (6236fea651e4)
		b'[unknown]' (6236fea65273)
		b'[unknown]' (6236fea652d7)
		b'[unknown]' (6236fea6581e)
		b'[unknown]' (6236fea65a0e)
		b'[unknown]' (6236fea65aad)
		b'[unknown]' (6236fea65b3b)
		b'[unknown]' (6236fea666ca)
		b'[unknown]' (6236fea6678b)
		b'[unknown]' (6236fea6797d)
		b'[unknown]' (6236f7d88dd2)
		b'[unknown]' (6236fea6b3d9)
		b'[unknown]' (6236fea6c3d5)
		b'[unknown]' (6236fea6b380)
		b'[unknown]' (6236fea6c529)
		b'[unknown]' (6236f7d88dd2)
		b'[unknown]' (6236fee6a91a)
		b'[unknown]' (6236fee67893)
		b'[unknown]' (6236fee6899a)
		b'[unknown]' (6236f8525afc)
		b'[unknown]' (6236fee6d592)
		b'[unknown]' (6236fee6e112)
		b'[unknown]' (6236f8525afc)
		b'[unknown]' (6236fee6d4db)
		b'[unknown]' (7c043a894ac3)

	Not found in mutex_ids. mutex (b'[unknown]') 504dffc3aad0 ::: wait time 5455.96us ::: hold time 14728.97us ::: enter count 2160
		b'[unknown]' (6236f9ad3c3a)
		b'[unknown]' (6236f9ad6190)
		b'[unknown]' (6236fee87859)
		b'[unknown]' (6236fee9a513)
		b'[unknown]' (6236fee977b7)
		b'[unknown]' (6236fee83d5f)
		b'[unknown]' (6236fee83aa6)
		b'[unknown]' (6236fee860ca)
		b'[unknown]' (6236fee85c86)
		b'[unknown]' (6236fee85a16)
		b'[unknown]' (6236fee84742)
		b'[unknown]' (6236fcd85cb0)
		b'[unknown]' (6236fcd85d84)
		b'[unknown]' (6236fcd83f03)
		b'[unknown]' (6236fcd82139)
		b'[unknown]' (6236fcd806c6)
		b'[unknown]' (6236fcd7dbbf)
		b'[unknown]' (6236fcd79bb3)
		b'[unknown]' (6236fcd76206)
		b'[unknown]' (6236fcd68821)
		b'[unknown]' (6236fcd66c41)
		b'[unknown]' (6236fcd666bd)
		b'[unknown]' (6236fa627325)
		b'[unknown]' (6236fa62808a)
		b'[unknown]' (6236fa62c176)
		b'[unknown]' (6236fa3321c9)
		b'[unknown]' (6236fa33dd18)
		b'[unknown]' (6236fa33e46b)
		b'[unknown]' (6236fa33dd70)
		b'[unknown]' (6236fed9754e)
		b'[unknown]' (6236f7ee69ac)
		b'[unknown]' (6236f7ee9125)
		b'[unknown]' (6236f7eec3a0)
		b'[unknown]' (6236f7eed325)
		b'[unknown]' (6236f7eec7be)
		b'[unknown]' (6236f7eec86f)
		b'[unknown]' (6236f7ee8ad5)
		b'[unknown]' (6236f7ee8bc3)
		b'[unknown]' (6236f7ef1105)
		b'[unknown]' (6236f7ee7eb9)
		b'[unknown]' (6236f7ee7f5b)
		b'[unknown]' (6236f7ef3e5e)
		b'[unknown]' (6236f7ef49e5)
		b'[unknown]' (6236f7ef5066)
		b'[unknown]' (6236f7ef5df5)
		b'[unknown]' (6236f7ed7f38)
		b'[unknown]' (6236fea64b8d)
		b'[unknown]' (6236fea65171)
		b'[unknown]' (6236fea651e4)
		b'[unknown]' (6236fea65273)
		b'[unknown]' (6236fea652d7)
		b'[unknown]' (6236fea6581e)
		b'[unknown]' (6236fea65a0e)
		b'[unknown]' (6236fea65aad)
		b'[unknown]' (6236fea65b3b)
		b'[unknown]' (6236fea666ca)
		b'[unknown]' (6236fea6678b)
		b'[unknown]' (6236fea6797d)
		b'[unknown]' (6236f7d88dd2)
		b'[unknown]' (6236fea6b3d9)
		b'[unknown]' (6236fea6c3d5)
		b'[unknown]' (6236fea6b380)
		b'[unknown]' (6236fea6c529)
		b'[unknown]' (6236f7d88dd2)
		b'[unknown]' (6236fee6a91a)
		b'[unknown]' (6236fee67893)
		b'[unknown]' (6236fee6899a)
		b'[unknown]' (6236f8525afc)
		b'[unknown]' (6236fee6d592)
		b'[unknown]' (6236fee6e112)
		b'[unknown]' (6236f8525afc)
		b'[unknown]' (6236fee6d4db)
		b'[unknown]' (7c043a894ac3)

	Not found in mutex_ids. mutex (b'[unknown]') 504dffc3ac38 ::: wait time 5452.06us ::: hold time 13618.84us ::: enter count 2235
		b'[unknown]' (6236f9ad3c3a)
		b'[unknown]' (6236f9ad6190)
		b'[unknown]' (6236fee87b95)
		b'[unknown]' (6236fee9b71f)
		b'[unknown]' (6236fee97f34)
		b'[unknown]' (6236fee84a84)
		b'[unknown]' (6236f7dd36a6)
		b'[unknown]' (6236fcd8a808)
		b'[unknown]' (6236fcd8a37b)
		b'[unknown]' (6236f7d9cab7)
		b'[unknown]' (6236f7d862a3)
		b'[unknown]' (6236fcd735cc)
		b'[unknown]' (6236fcd735ec)
		b'[unknown]' (6236fcd73972)
		b'[unknown]' (6236fcd84c9e)
		b'[unknown]' (6236fcd83414)
		b'[unknown]' (6236fcd8163b)
		b'[unknown]' (6236fcd7f951)
		b'[unknown]' (6236fcd7cc48)
		b'[unknown]' (6236fcd78cdd)
		b'[unknown]' (6236fcd6d02c)
		b'[unknown]' (6236fcd65d21)
		b'[unknown]' (6236f8676266)
		b'[unknown]' (6236f8675bab)
		b'[unknown]' (6236f867537a)
		b'[unknown]' (6236f86750a2)
		b'[unknown]' (6236fa6284a3)
		b'[unknown]' (6236fa62c176)
		b'[unknown]' (6236fa3321c9)
		b'[unknown]' (6236fa33dd18)
		b'[unknown]' (6236fa33e46b)
		b'[unknown]' (6236fa33dd70)
		b'[unknown]' (6236fed9754e)
		b'[unknown]' (6236f7ee69ac)
		b'[unknown]' (6236f7ee9125)
		b'[unknown]' (6236f7eec3a0)
		b'[unknown]' (6236f7eed325)
		b'[unknown]' (6236f7eec7be)
		b'[unknown]' (6236f7eec86f)
		b'[unknown]' (6236f7ee8ad5)
		b'[unknown]' (6236f7ee8bc3)
		b'[unknown]' (6236f7ef1105)
		b'[unknown]' (6236f7ee7eb9)
		b'[unknown]' (6236f7ee7f5b)
		b'[unknown]' (6236f7ef3e5e)
		b'[unknown]' (6236f7ef49e5)
		b'[unknown]' (6236f7ef5066)
		b'[unknown]' (6236f7ef5df5)
		b'[unknown]' (6236f7ed7f38)
		b'[unknown]' (6236fea64b8d)
		b'[unknown]' (6236fea65171)
		b'[unknown]' (6236fea651e4)
		b'[unknown]' (6236fea65273)
		b'[unknown]' (6236fea652d7)
		b'[unknown]' (6236fea6581e)
		b'[unknown]' (6236fea65a0e)
		b'[unknown]' (6236fea65aad)
		b'[unknown]' (6236fea65b3b)
		b'[unknown]' (6236fea666ca)
		b'[unknown]' (6236fea6678b)
		b'[unknown]' (6236fea6797d)
		b'[unknown]' (6236f7d88dd2)
		b'[unknown]' (6236fea6b3d9)
		b'[unknown]' (6236fea6c3d5)
		b'[unknown]' (6236fea6b380)
		b'[unknown]' (6236fea6c529)
		b'[unknown]' (6236f7d88dd2)
		b'[unknown]' (6236fee6a91a)
		b'[unknown]' (6236fee67893)
		b'[unknown]' (6236fee6899a)
		b'[unknown]' (6236f8525afc)
		b'[unknown]' (6236fee6d592)
		b'[unknown]' (6236fee6e112)
		b'[unknown]' (6236f8525afc)
		b'[unknown]' (6236fee6d4db)
		b'[unknown]' (7c043a894ac3)

	Not found in mutex_ids. mutex (b'[unknown]') 504dffc3ac80 ::: wait time 5451.21us ::: hold time 14054.87us ::: enter count 2265
		b'[unknown]' (6236f9ad3c3a)
		b'[unknown]' (6236f9ad6190)
		b'[unknown]' (6236fee87859)
		b'[unknown]' (6236fee9a513)
		b'[unknown]' (6236fee97c33)
		b'[unknown]' (6236fee84be4)
		b'[unknown]' (6236fcd7dc8e)
		b'[unknown]' (6236fcd79c33)
		b'[unknown]' (6236fcd762bd)
		b'[unknown]' (6236fcd6897e)
		b'[unknown]' (6236fcd66c41)
		b'[unknown]' (6236fcd666bd)
		b'[unknown]' (6236fa627325)
		b'[unknown]' (6236fa62808a)
		b'[unknown]' (6236fa62c176)
		b'[unknown]' (6236fa3321c9)
		b'[unknown]' (6236fa33dd18)
		b'[unknown]' (6236fa33e46b)
		b'[unknown]' (6236fa33dd70)
		b'[unknown]' (6236fed9754e)
		b'[unknown]' (6236f7ee69ac)
		b'[unknown]' (6236f7ee9125)
		b'[unknown]' (6236f7eec3a0)
		b'[unknown]' (6236f7eed325)
		b'[unknown]' (6236f7eec7be)
		b'[unknown]' (6236f7eec86f)
		b'[unknown]' (6236f7ee8ad5)
		b'[unknown]' (6236f7ee8bc3)
		b'[unknown]' (6236f7ef1105)
		b'[unknown]' (6236f7ee7eb9)
		b'[unknown]' (6236f7ee7f5b)
		b'[unknown]' (6236f7ef3e5e)
		b'[unknown]' (6236f7ef49e5)
		b'[unknown]' (6236f7ef5066)
		b'[unknown]' (6236f7ef5df5)
		b'[unknown]' (6236f7ed7f38)
		b'[unknown]' (6236fea64b8d)
		b'[unknown]' (6236fea65171)
		b'[unknown]' (6236fea651e4)
		b'[unknown]' (6236fea65273)
		b'[unknown]' (6236fea652d7)
		b'[unknown]' (6236fea6581e)
		b'[unknown]' (6236fea65a0e)
		b'[unknown]' (6236fea65aad)
		b'[unknown]' (6236fea65b3b)
		b'[unknown]' (6236fea666ca)
		b'[unknown]' (6236fea6678b)
		b'[unknown]' (6236fea6797d)
		b'[unknown]' (6236f7d88dd2)
		b'[unknown]' (6236fea6b3d9)
		b'[unknown]' (6236fea6c3d5)
		b'[unknown]' (6236fea6b380)
		b'[unknown]' (6236fea6c529)
		b'[unknown]' (6236f7d88dd2)
		b'[unknown]' (6236fee6a91a)
		b'[unknown]' (6236fee67893)
		b'[unknown]' (6236fee6899a)
		b'[unknown]' (6236f8525afc)
		b'[unknown]' (6236fee6d592)
		b'[unknown]' (6236fee6e112)
		b'[unknown]' (6236f8525afc)
		b'[unknown]' (6236fee6d4db)
		b'[unknown]' (7c043a894ac3)

	Not found in mutex_ids. mutex (b'[unknown]') 504dffc3b2f8 ::: wait time 5443.22us ::: hold time 14975.02us ::: enter count 2214
		b'[unknown]' (6236f9ad3c3a)
		b'[unknown]' (6236f9ad6190)
		b'[unknown]' (6236fee87859)
		b'[unknown]' (6236fee9a513)
		b'[unknown]' (6236fee977b7)
		b'[unknown]' (6236fee83d5f)
		b'[unknown]' (6236fee83aa6)
		b'[unknown]' (6236fee860ca)
		b'[unknown]' (6236fee85c86)
		b'[unknown]' (6236fee85a16)
		b'[unknown]' (6236fee84742)
		b'[unknown]' (6236fcd85cb0)
		b'[unknown]' (6236fcd85d84)
		b'[unknown]' (6236fcd83f03)
		b'[unknown]' (6236fcd82139)
		b'[unknown]' (6236fcd806c6)
		b'[unknown]' (6236fcd7dbbf)
		b'[unknown]' (6236fcd79bb3)
		b'[unknown]' (6236fcd76206)
		b'[unknown]' (6236fcd68821)
		b'[unknown]' (6236fcd66c41)
		b'[unknown]' (6236fcd666bd)
		b'[unknown]' (6236fa627325)
		b'[unknown]' (6236fa62808a)
		b'[unknown]' (6236fa62c176)
		b'[unknown]' (6236fa3321c9)
		b'[unknown]' (6236fa33dd18)
		b'[unknown]' (6236fa33e46b)
		b'[unknown]' (6236fa33dd70)
		b'[unknown]' (6236fed9754e)
		b'[unknown]' (6236f7ee69ac)
		b'[unknown]' (6236f7ee9125)
		b'[unknown]' (6236f7eec3a0)
		b'[unknown]' (6236f7eed325)
		b'[unknown]' (6236f7eec7be)
		b'[unknown]' (6236f7eec86f)
		b'[unknown]' (6236f7ee8ad5)
		b'[unknown]' (6236f7ee8bc3)
		b'[unknown]' (6236f7ef1105)
		b'[unknown]' (6236f7ee7eb9)
		b'[unknown]' (6236f7ee7f5b)
		b'[unknown]' (6236f7ef3e5e)
		b'[unknown]' (6236f7ef49e5)
		b'[unknown]' (6236f7ef5066)
		b'[unknown]' (6236f7ef5df5)
		b'[unknown]' (6236f7ed7f38)
		b'[unknown]' (6236fea64b8d)
		b'[unknown]' (6236fea65171)
		b'[unknown]' (6236fea651e4)
		b'[unknown]' (6236fea65273)
		b'[unknown]' (6236fea652d7)
		b'[unknown]' (6236fea6581e)
		b'[unknown]' (6236fea65a0e)
		b'[unknown]' (6236fea65aad)
		b'[unknown]' (6236fea65b3b)
		b'[unknown]' (6236fea666ca)
		b'[unknown]' (6236fea6678b)
		b'[unknown]' (6236fea6797d)
		b'[unknown]' (6236f7d88dd2)
		b'[unknown]' (6236fea6b3d9)
		b'[unknown]' (6236fea6c3d5)
		b'[unknown]' (6236fea6b380)
		b'[unknown]' (6236fea6c529)
		b'[unknown]' (6236f7d88dd2)
		b'[unknown]' (6236fee6a91a)
		b'[unknown]' (6236fee67893)
		b'[unknown]' (6236fee6899a)
		b'[unknown]' (6236f8525afc)
		b'[unknown]' (6236fee6d592)
		b'[unknown]' (6236fee6e112)
		b'[unknown]' (6236f8525afc)
		b'[unknown]' (6236fee6d4db)
		b'[unknown]' (7c043a894ac3)

	Not found in mutex_ids. mutex (b'[unknown]') 504dffc3ad10 ::: wait time 5437.10us ::: hold time 14102.40us ::: enter count 2263
		b'[unknown]' (6236f9ad3c3a)
		b'[unknown]' (6236f9ad6190)
		b'[unknown]' (6236fee87b95)
		b'[unknown]' (6236fee9b71f)
		b'[unknown]' (6236fee97f34)
		b'[unknown]' (6236fee83f09)
		b'[unknown]' (6236f7e894d4)
		b'[unknown]' (6236f7e89385)
		b'[unknown]' (6236f7e892d8)
		b'[unknown]' (6236f7e89298)
		b'[unknown]' (6236fee84aa4)
		b'[unknown]' (6236f7dd36a6)
		b'[unknown]' (6236fcd8a808)
		b'[unknown]' (6236fcd8a37b)
		b'[unknown]' (6236f7d9cab7)
		b'[unknown]' (6236f7d862a3)
		b'[unknown]' (6236fcd735cc)
		b'[unknown]' (6236fcd735ec)
		b'[unknown]' (6236fcd73972)
		b'[unknown]' (6236fcd84c9e)
		b'[unknown]' (6236fcd83414)
		b'[unknown]' (6236fcd8163b)
		b'[unknown]' (6236fcd7f951)
		b'[unknown]' (6236fcd7cc48)
		b'[unknown]' (6236fcd78cdd)
		b'[unknown]' (6236fcd6d02c)
		b'[unknown]' (6236fcd65d21)
		b'[unknown]' (6236f8676266)
		b'[unknown]' (6236f8675bab)
		b'[unknown]' (6236f867537a)
		b'[unknown]' (6236f86750a2)
		b'[unknown]' (6236fa6284a3)
		b'[unknown]' (6236fa62c176)
		b'[unknown]' (6236fa3321c9)
		b'[unknown]' (6236fa33dd18)
		b'[unknown]' (6236fa33e46b)
		b'[unknown]' (6236fa33dd70)
		b'[unknown]' (6236fed9754e)
		b'[unknown]' (6236f7ee69ac)
		b'[unknown]' (6236f7ee9125)
		b'[unknown]' (6236f7eec3a0)
		b'[unknown]' (6236f7eed325)
		b'[unknown]' (6236f7eec7be)
		b'[unknown]' (6236f7eec86f)
		b'[unknown]' (6236f7ee8ad5)
		b'[unknown]' (6236f7ee8bc3)
		b'[unknown]' (6236f7ef1105)
		b'[unknown]' (6236f7ee7eb9)
		b'[unknown]' (6236f7ee7f5b)
		b'[unknown]' (6236f7ef3e5e)
		b'[unknown]' (6236f7ef49e5)
		b'[unknown]' (6236f7ef5066)
		b'[unknown]' (6236f7ef5df5)
		b'[unknown]' (6236f7ed7f38)
		b'[unknown]' (6236fea64b8d)
		b'[unknown]' (6236fea65171)
		b'[unknown]' (6236fea651e4)
		b'[unknown]' (6236fea65273)
		b'[unknown]' (6236fea652d7)
		b'[unknown]' (6236fea6581e)
		b'[unknown]' (6236fea65a0e)
		b'[unknown]' (6236fea65aad)
		b'[unknown]' (6236fea65b3b)
		b'[unknown]' (6236fea666ca)
		b'[unknown]' (6236fea6678b)
		b'[unknown]' (6236fea6797d)
		b'[unknown]' (6236f7d88dd2)
		b'[unknown]' (6236fea6b3d9)
		b'[unknown]' (6236fea6c3d5)
		b'[unknown]' (6236fea6b380)
		b'[unknown]' (6236fea6c529)
		b'[unknown]' (6236f7d88dd2)
		b'[unknown]' (6236fee6a91a)
		b'[unknown]' (6236fee67893)
		b'[unknown]' (6236fee6899a)
		b'[unknown]' (6236f8525afc)
		b'[unknown]' (6236fee6d592)
		b'[unknown]' (6236fee6e112)
		b'[unknown]' (6236f8525afc)
		b'[unknown]' (6236fee6d4db)
		b'[unknown]' (7c043a894ac3)

	Not found in mutex_ids. mutex (b'[unknown]') 504dffc3b340 ::: wait time 5430.80us ::: hold time 13843.35us ::: enter count 2239
		b'[unknown]' (6236f9ad3c3a)
		b'[unknown]' (6236f9ad6190)
		b'[unknown]' (6236fee87b95)
		b'[unknown]' (6236fee9b71f)
		b'[unknown]' (6236fee97f34)
		b'[unknown]' (6236fee84a84)
		b'[unknown]' (6236f7dd36a6)
		b'[unknown]' (6236fcd8a808)
		b'[unknown]' (6236fcd8a37b)
		b'[unknown]' (6236f7d9cab7)
		b'[unknown]' (6236f7d862a3)
		b'[unknown]' (6236fcd735cc)
		b'[unknown]' (6236fcd735ec)
		b'[unknown]' (6236fcd73972)
		b'[unknown]' (6236fcd84c9e)
		b'[unknown]' (6236fcd83414)
		b'[unknown]' (6236fcd8163b)
		b'[unknown]' (6236fcd7f951)
		b'[unknown]' (6236fcd7cc48)
		b'[unknown]' (6236fcd78cdd)
		b'[unknown]' (6236fcd6d02c)
		b'[unknown]' (6236fcd65d21)
		b'[unknown]' (6236f8676266)
		b'[unknown]' (6236f8675bab)
		b'[unknown]' (6236f867537a)
		b'[unknown]' (6236f86750a2)
		b'[unknown]' (6236fa6284a3)
		b'[unknown]' (6236fa62c176)
		b'[unknown]' (6236fa3321c9)
		b'[unknown]' (6236fa33dd18)
		b'[unknown]' (6236fa33e46b)
		b'[unknown]' (6236fa33dd70)
		b'[unknown]' (6236fed9754e)
		b'[unknown]' (6236f7ee69ac)
		b'[unknown]' (6236f7ee9125)
		b'[unknown]' (6236f7eec3a0)
		b'[unknown]' (6236f7eed325)
		b'[unknown]' (6236f7eec7be)
		b'[unknown]' (6236f7eec86f)
		b'[unknown]' (6236f7ee8ad5)
		b'[unknown]' (6236f7ee8bc3)
		b'[unknown]' (6236f7ef1105)
		b'[unknown]' (6236f7ee7eb9)
		b'[unknown]' (6236f7ee7f5b)
		b'[unknown]' (6236f7ef3e5e)
		b'[unknown]' (6236f7ef49e5)
		b'[unknown]' (6236f7ef5066)
		b'[unknown]' (6236f7ef5df5)
		b'[unknown]' (6236f7ed7f38)
		b'[unknown]' (6236fea64b8d)
		b'[unknown]' (6236fea65171)
		b'[unknown]' (6236fea651e4)
		b'[unknown]' (6236fea65273)
		b'[unknown]' (6236fea652d7)
		b'[unknown]' (6236fea6581e)
		b'[unknown]' (6236fea65a0e)
		b'[unknown]' (6236fea65aad)
		b'[unknown]' (6236fea65b3b)
		b'[unknown]' (6236fea666ca)
		b'[unknown]' (6236fea6678b)
		b'[unknown]' (6236fea6797d)
		b'[unknown]' (6236f7d88dd2)
		b'[unknown]' (6236fea6b3d9)
		b'[unknown]' (6236fea6c3d5)
		b'[unknown]' (6236fea6b380)
		b'[unknown]' (6236fea6c529)
		b'[unknown]' (6236f7d88dd2)
		b'[unknown]' (6236fee6a91a)
		b'[unknown]' (6236fee67893)
		b'[unknown]' (6236fee6899a)
		b'[unknown]' (6236f8525afc)
		b'[unknown]' (6236fee6d592)
		b'[unknown]' (6236fee6e112)
		b'[unknown]' (6236f8525afc)
		b'[unknown]' (6236fee6d4db)
		b'[unknown]' (7c043a894ac3)

	Not found in mutex_ids. mutex (b'[unknown]') 504dffc3af08 ::: wait time 5429.53us ::: hold time 15213.06us ::: enter count 2227
		b'[unknown]' (6236f9ad3c3a)
		b'[unknown]' (6236f9ad6190)
		b'[unknown]' (6236fee87859)
		b'[unknown]' (6236fee9a513)
		b'[unknown]' (6236fee977b7)
		b'[unknown]' (6236fee83d5f)
		b'[unknown]' (6236fee83aa6)
		b'[unknown]' (6236fee860ca)
		b'[unknown]' (6236fee85c86)
		b'[unknown]' (6236fee85a16)
		b'[unknown]' (6236fee84742)
		b'[unknown]' (6236fcd85cb0)
		b'[unknown]' (6236fcd85d84)
		b'[unknown]' (6236fcd83f03)
		b'[unknown]' (6236fcd82139)
		b'[unknown]' (6236fcd806c6)
		b'[unknown]' (6236fcd7dbbf)
		b'[unknown]' (6236fcd79bb3)
		b'[unknown]' (6236fcd76206)
		b'[unknown]' (6236fcd68821)
		b'[unknown]' (6236fcd66c41)
		b'[unknown]' (6236fcd666bd)
		b'[unknown]' (6236fa627325)
		b'[unknown]' (6236fa62808a)
		b'[unknown]' (6236fa62c176)
		b'[unknown]' (6236fa3321c9)
		b'[unknown]' (6236fa33dd18)
		b'[unknown]' (6236fa33e46b)
		b'[unknown]' (6236fa33dd70)
		b'[unknown]' (6236fed9754e)
		b'[unknown]' (6236f7ee69ac)
		b'[unknown]' (6236f7ee9125)
		b'[unknown]' (6236f7eec3a0)
		b'[unknown]' (6236f7eed325)
		b'[unknown]' (6236f7eec7be)
		b'[unknown]' (6236f7eec86f)
		b'[unknown]' (6236f7ee8ad5)
		b'[unknown]' (6236f7ee8bc3)
		b'[unknown]' (6236f7ef1105)
		b'[unknown]' (6236f7ee7eb9)
		b'[unknown]' (6236f7ee7f5b)
		b'[unknown]' (6236f7ef3e5e)
		b'[unknown]' (6236f7ef49e5)
		b'[unknown]' (6236f7ef5066)
		b'[unknown]' (6236f7ef5df5)
		b'[unknown]' (6236f7ed7f38)
		b'[unknown]' (6236fea64b8d)
		b'[unknown]' (6236fea65171)
		b'[unknown]' (6236fea651e4)
		b'[unknown]' (6236fea65273)
		b'[unknown]' (6236fea652d7)
		b'[unknown]' (6236fea6581e)
		b'[unknown]' (6236fea65a0e)
		b'[unknown]' (6236fea65aad)
		b'[unknown]' (6236fea65b3b)
		b'[unknown]' (6236fea666ca)
		b'[unknown]' (6236fea6678b)
		b'[unknown]' (6236fea6797d)
		b'[unknown]' (6236f7d88dd2)
		b'[unknown]' (6236fea6b3d9)
		b'[unknown]' (6236fea6c3d5)
		b'[unknown]' (6236fea6b380)
		b'[unknown]' (6236fea6c529)
		b'[unknown]' (6236f7d88dd2)
		b'[unknown]' (6236fee6a91a)
		b'[unknown]' (6236fee67893)
		b'[unknown]' (6236fee6899a)
		b'[unknown]' (6236f8525afc)
		b'[unknown]' (6236fee6d592)
		b'[unknown]' (6236fee6e112)
		b'[unknown]' (6236f8525afc)
		b'[unknown]' (6236fee6d4db)
		b'[unknown]' (7c043a894ac3)

	Not found in mutex_ids. mutex (b'[unknown]') 504dffc3ac80 ::: wait time 5423.10us ::: hold time 14536.36us ::: enter count 2265
		b'[unknown]' (6236f7d776a7)
		b'[unknown]' (6236f7d77cac)
		b'[unknown]' (6236f7d80eca)
		b'[unknown]' (6236feea0bc6)
		b'[unknown]' (6236fee9b7d2)
		b'[unknown]' (6236fee97f34)
		b'[unknown]' (6236fee978bb)
		b'[unknown]' (6236fee83f43)
		b'[unknown]' (6236fee83ed8)
		b'[unknown]' (6236fac87a38)
		b'[unknown]' (6236fac8b826)
		b'[unknown]' (6236fac8ad9f)
		b'[unknown]' (6236fac89edd)
		b'[unknown]' (6236f9568403)
		b'[unknown]' (6236f956697f)
		b'[unknown]' (6236f9567af9)
		b'[unknown]' (6236f95679ea)
		b'[unknown]' (6236f9567743)
		b'[unknown]' (6236f956777d)
		b'[unknown]' (6236f95677ee)
		b'[unknown]' (6236f9568168)
		b'[unknown]' (6236f956812b)
		b'[unknown]' (6236f95680d8)
		b'[unknown]' (6236f95680ac)
		b'[unknown]' (6236f9568090)
		b'[unknown]' (7c043ace62b3)

	Not found in mutex_ids. mutex (b'[unknown]') 504dffc3ac80 ::: wait time 5417.25us ::: hold time 14190.92us ::: enter count 2265
		b'[unknown]' (6236f9ad3c3a)
		b'[unknown]' (6236f9ad6190)
		b'[unknown]' (6236fee87b95)
		b'[unknown]' (6236fee9b71f)
		b'[unknown]' (6236fee97f34)
		b'[unknown]' (6236fee83f09)
		b'[unknown]' (6236f7e894d4)
		b'[unknown]' (6236f7e89385)
		b'[unknown]' (6236f7e892d8)
		b'[unknown]' (6236f7e89298)
		b'[unknown]' (6236fee84aa4)
		b'[unknown]' (6236f7dd36a6)
		b'[unknown]' (6236fcd8a808)
		b'[unknown]' (6236fcd8a37b)
		b'[unknown]' (6236f7d9cab7)
		b'[unknown]' (6236f7d862a3)
		b'[unknown]' (6236fcd735cc)
		b'[unknown]' (6236fcd735ec)
		b'[unknown]' (6236fcd73972)
		b'[unknown]' (6236fcd84c9e)
		b'[unknown]' (6236fcd83414)
		b'[unknown]' (6236fcd8163b)
		b'[unknown]' (6236fcd7f951)
		b'[unknown]' (6236fcd7cc48)
		b'[unknown]' (6236fcd78cdd)
		b'[unknown]' (6236fcd6d02c)
		b'[unknown]' (6236fcd65d21)
		b'[unknown]' (6236f8676266)
		b'[unknown]' (6236f8675bab)
		b'[unknown]' (6236f867537a)
		b'[unknown]' (6236f86750a2)
		b'[unknown]' (6236fa6284a3)
		b'[unknown]' (6236fa62c176)
		b'[unknown]' (6236fa3321c9)
		b'[unknown]' (6236fa33dd18)
		b'[unknown]' (6236fa33e46b)
		b'[unknown]' (6236fa33dd70)
		b'[unknown]' (6236fed9754e)
		b'[unknown]' (6236f7ee69ac)
		b'[unknown]' (6236f7ee9125)
		b'[unknown]' (6236f7eec3a0)
		b'[unknown]' (6236f7eed325)
		b'[unknown]' (6236f7eec7be)
		b'[unknown]' (6236f7eec86f)
		b'[unknown]' (6236f7ee8ad5)
		b'[unknown]' (6236f7ee8bc3)
		b'[unknown]' (6236f7ef1105)
		b'[unknown]' (6236f7ee7eb9)
		b'[unknown]' (6236f7ee7f5b)
		b'[unknown]' (6236f7ef3e5e)
		b'[unknown]' (6236f7ef49e5)
		b'[unknown]' (6236f7ef5066)
		b'[unknown]' (6236f7ef5df5)
		b'[unknown]' (6236f7ed7f38)
		b'[unknown]' (6236fea64b8d)
		b'[unknown]' (6236fea65171)
		b'[unknown]' (6236fea651e4)
		b'[unknown]' (6236fea65273)
		b'[unknown]' (6236fea652d7)
		b'[unknown]' (6236fea6581e)
		b'[unknown]' (6236fea65a0e)
		b'[unknown]' (6236fea65aad)
		b'[unknown]' (6236fea65b3b)
		b'[unknown]' (6236fea666ca)
		b'[unknown]' (6236fea6678b)
		b'[unknown]' (6236fea6797d)
		b'[unknown]' (6236f7d88dd2)
		b'[unknown]' (6236fea6b3d9)
		b'[unknown]' (6236fea6c3d5)
		b'[unknown]' (6236fea6b380)
		b'[unknown]' (6236fea6c529)
		b'[unknown]' (6236f7d88dd2)
		b'[unknown]' (6236fee6a91a)
		b'[unknown]' (6236fee67893)
		b'[unknown]' (6236fee6899a)
		b'[unknown]' (6236f8525afc)
		b'[unknown]' (6236fee6d592)
		b'[unknown]' (6236fee6e112)
		b'[unknown]' (6236f8525afc)
		b'[unknown]' (6236fee6d4db)
		b'[unknown]' (7c043a894ac3)

	Not found in mutex_ids. mutex (b'[unknown]') 504dffc3ac80 ::: wait time 5416.54us ::: hold time 14377.19us ::: enter count 2265
		b'[unknown]' (6236f9ad3c3a)
		b'[unknown]' (6236f9ad6190)
		b'[unknown]' (6236fee87b95)
		b'[unknown]' (6236fee9b71f)
		b'[unknown]' (6236fee97f34)
		b'[unknown]' (6236fee978bb)
		b'[unknown]' (6236fee83f43)
		b'[unknown]' (6236fee83ed8)
		b'[unknown]' (6236f7e894d4)
		b'[unknown]' (6236f7e89385)
		b'[unknown]' (6236f7e892d8)
		b'[unknown]' (6236f7e89298)
		b'[unknown]' (6236fee84aa4)
		b'[unknown]' (6236f7dd36a6)
		b'[unknown]' (6236fcd8a808)
		b'[unknown]' (6236fcd8a37b)
		b'[unknown]' (6236f7d9cab7)
		b'[unknown]' (6236f7d862a3)
		b'[unknown]' (6236fcd735cc)
		b'[unknown]' (6236fcd735ec)
		b'[unknown]' (6236fcd73972)
		b'[unknown]' (6236fcd84c9e)
		b'[unknown]' (6236fcd83414)
		b'[unknown]' (6236fcd8163b)
		b'[unknown]' (6236fcd7f951)
		b'[unknown]' (6236fcd7cc48)
		b'[unknown]' (6236fcd78cdd)
		b'[unknown]' (6236fcd6d02c)
		b'[unknown]' (6236fcd65d21)
		b'[unknown]' (6236f8676266)
		b'[unknown]' (6236f8675bab)
		b'[unknown]' (6236f867537a)
		b'[unknown]' (6236f86750a2)
		b'[unknown]' (6236fa6284a3)
		b'[unknown]' (6236fa62c176)
		b'[unknown]' (6236fa3321c9)
		b'[unknown]' (6236fa33dd18)
		b'[unknown]' (6236fa33e46b)
		b'[unknown]' (6236fa33dd70)
		b'[unknown]' (6236fed9754e)
		b'[unknown]' (6236f7ee69ac)
		b'[unknown]' (6236f7ee9125)
		b'[unknown]' (6236f7eec3a0)
		b'[unknown]' (6236f7eed325)
		b'[unknown]' (6236f7eec7be)
		b'[unknown]' (6236f7eec86f)
		b'[unknown]' (6236f7ee8ad5)
		b'[unknown]' (6236f7ee8bc3)
		b'[unknown]' (6236f7ef1105)
		b'[unknown]' (6236f7ee7eb9)
		b'[unknown]' (6236f7ee7f5b)
		b'[unknown]' (6236f7ef3e5e)
		b'[unknown]' (6236f7ef49e5)
		b'[unknown]' (6236f7ef5066)
		b'[unknown]' (6236f7ef5df5)
		b'[unknown]' (6236f7ed7f38)
		b'[unknown]' (6236fea64b8d)
		b'[unknown]' (6236fea65171)
		b'[unknown]' (6236fea651e4)
		b'[unknown]' (6236fea65273)
		b'[unknown]' (6236fea652d7)
		b'[unknown]' (6236fea6581e)
		b'[unknown]' (6236fea65a0e)
		b'[unknown]' (6236fea65aad)
		b'[unknown]' (6236fea65b3b)
		b'[unknown]' (6236fea666ca)
		b'[unknown]' (6236fea6678b)
		b'[unknown]' (6236fea6797d)
		b'[unknown]' (6236f7d88dd2)
		b'[unknown]' (6236fea6b3d9)
		b'[unknown]' (6236fea6c3d5)
		b'[unknown]' (6236fea6b380)
		b'[unknown]' (6236fea6c529)
		b'[unknown]' (6236f7d88dd2)
		b'[unknown]' (6236fee6a91a)
		b'[unknown]' (6236fee67893)
		b'[unknown]' (6236fee6899a)
		b'[unknown]' (6236f8525afc)
		b'[unknown]' (6236fee6d592)
		b'[unknown]' (6236fee6e112)
		b'[unknown]' (6236f8525afc)
		b'[unknown]' (6236fee6d4db)
		b'[unknown]' (7c043a894ac3)

	Not found in mutex_ids. mutex (b'[unknown]') 504dffc3ad10 ::: wait time 5411.59us ::: hold time 14335.58us ::: enter count 2263
		b'[unknown]' (6236f9ad3c3a)
		b'[unknown]' (6236f9ad6190)
		b'[unknown]' (6236fee87b95)
		b'[unknown]' (6236fee9b71f)
		b'[unknown]' (6236fee97f34)
		b'[unknown]' (6236fee978bb)
		b'[unknown]' (6236fee83f43)
		b'[unknown]' (6236fee83ed8)
		b'[unknown]' (6236f7e894d4)
		b'[unknown]' (6236f7e89385)
		b'[unknown]' (6236f7e892d8)
		b'[unknown]' (6236f7e89298)
		b'[unknown]' (6236fee84aa4)
		b'[unknown]' (6236f7dd36a6)
		b'[unknown]' (6236fcd8a808)
		b'[unknown]' (6236fcd8a37b)
		b'[unknown]' (6236f7d9cab7)
		b'[unknown]' (6236f7d862a3)
		b'[unknown]' (6236fcd735cc)
		b'[unknown]' (6236fcd735ec)
		b'[unknown]' (6236fcd73972)
		b'[unknown]' (6236fcd84c9e)
		b'[unknown]' (6236fcd83414)
		b'[unknown]' (6236fcd8163b)
		b'[unknown]' (6236fcd7f951)
		b'[unknown]' (6236fcd7cc48)
		b'[unknown]' (6236fcd78cdd)
		b'[unknown]' (6236fcd6d02c)
		b'[unknown]' (6236fcd65d21)
		b'[unknown]' (6236f8676266)
		b'[unknown]' (6236f8675bab)
		b'[unknown]' (6236f867537a)
		b'[unknown]' (6236f86750a2)
		b'[unknown]' (6236fa6284a3)
		b'[unknown]' (6236fa62c176)
		b'[unknown]' (6236fa3321c9)
		b'[unknown]' (6236fa33dd18)
		b'[unknown]' (6236fa33e46b)
		b'[unknown]' (6236fa33dd70)
		b'[unknown]' (6236fed9754e)
		b'[unknown]' (6236f7ee69ac)
		b'[unknown]' (6236f7ee9125)
		b'[unknown]' (6236f7eec3a0)
		b'[unknown]' (6236f7eed325)
		b'[unknown]' (6236f7eec7be)
		b'[unknown]' (6236f7eec86f)
		b'[unknown]' (6236f7ee8ad5)
		b'[unknown]' (6236f7ee8bc3)
		b'[unknown]' (6236f7ef1105)
		b'[unknown]' (6236f7ee7eb9)
		b'[unknown]' (6236f7ee7f5b)
		b'[unknown]' (6236f7ef3e5e)
		b'[unknown]' (6236f7ef49e5)
		b'[unknown]' (6236f7ef5066)
		b'[unknown]' (6236f7ef5df5)
		b'[unknown]' (6236f7ed7f38)
		b'[unknown]' (6236fea64b8d)
		b'[unknown]' (6236fea65171)
		b'[unknown]' (6236fea651e4)
		b'[unknown]' (6236fea65273)
		b'[unknown]' (6236fea652d7)
		b'[unknown]' (6236fea6581e)
		b'[unknown]' (6236fea65a0e)
		b'[unknown]' (6236fea65aad)
		b'[unknown]' (6236fea65b3b)
		b'[unknown]' (6236fea666ca)
		b'[unknown]' (6236fea6678b)
		b'[unknown]' (6236fea6797d)
		b'[unknown]' (6236f7d88dd2)
		b'[unknown]' (6236fea6b3d9)
		b'[unknown]' (6236fea6c3d5)
		b'[unknown]' (6236fea6b380)
		b'[unknown]' (6236fea6c529)
		b'[unknown]' (6236f7d88dd2)
		b'[unknown]' (6236fee6a91a)
		b'[unknown]' (6236fee67893)
		b'[unknown]' (6236fee6899a)
		b'[unknown]' (6236f8525afc)
		b'[unknown]' (6236fee6d592)
		b'[unknown]' (6236fee6e112)
		b'[unknown]' (6236f8525afc)
		b'[unknown]' (6236fee6d4db)
		b'[unknown]' (7c043a894ac3)

	Not found in mutex_ids. mutex (b'[unknown]') 504dffc3b0b8 ::: wait time 5411.35us ::: hold time 15142.86us ::: enter count 2179
		b'[unknown]' (6236f9ad3c3a)
		b'[unknown]' (6236f9ad6190)
		b'[unknown]' (6236fee87859)
		b'[unknown]' (6236fee9a513)
		b'[unknown]' (6236fee977b7)
		b'[unknown]' (6236fee83d5f)
		b'[unknown]' (6236fee83aa6)
		b'[unknown]' (6236fee860ca)
		b'[unknown]' (6236fee85c86)
		b'[unknown]' (6236fee85a16)
		b'[unknown]' (6236fee84742)
		b'[unknown]' (6236fcd85cb0)
		b'[unknown]' (6236fcd85d84)
		b'[unknown]' (6236fcd83f03)
		b'[unknown]' (6236fcd82139)
		b'[unknown]' (6236fcd806c6)
		b'[unknown]' (6236fcd7dbbf)
		b'[unknown]' (6236fcd79bb3)
		b'[unknown]' (6236fcd76206)
		b'[unknown]' (6236fcd68821)
		b'[unknown]' (6236fcd66c41)
		b'[unknown]' (6236fcd666bd)
		b'[unknown]' (6236fa627325)
		b'[unknown]' (6236fa62808a)
		b'[unknown]' (6236fa62c176)
		b'[unknown]' (6236fa3321c9)
		b'[unknown]' (6236fa33dd18)
		b'[unknown]' (6236fa33e46b)
		b'[unknown]' (6236fa33dd70)
		b'[unknown]' (6236fed9754e)
		b'[unknown]' (6236f7ee69ac)
		b'[unknown]' (6236f7ee9125)
		b'[unknown]' (6236f7eec3a0)
		b'[unknown]' (6236f7eed325)
		b'[unknown]' (6236f7eec7be)
		b'[unknown]' (6236f7eec86f)
		b'[unknown]' (6236f7ee8ad5)
		b'[unknown]' (6236f7ee8bc3)
		b'[unknown]' (6236f7ef1105)
		b'[unknown]' (6236f7ee7eb9)
		b'[unknown]' (6236f7ee7f5b)
		b'[unknown]' (6236f7ef3e5e)
		b'[unknown]' (6236f7ef49e5)
		b'[unknown]' (6236f7ef5066)
		b'[unknown]' (6236f7ef5df5)
		b'[unknown]' (6236f7ed7f38)
		b'[unknown]' (6236fea64b8d)
		b'[unknown]' (6236fea65171)
		b'[unknown]' (6236fea651e4)
		b'[unknown]' (6236fea65273)
		b'[unknown]' (6236fea652d7)
		b'[unknown]' (6236fea6581e)
		b'[unknown]' (6236fea65a0e)
		b'[unknown]' (6236fea65aad)
		b'[unknown]' (6236fea65b3b)
		b'[unknown]' (6236fea666ca)
		b'[unknown]' (6236fea6678b)
		b'[unknown]' (6236fea6797d)
		b'[unknown]' (6236f7d88dd2)
		b'[unknown]' (6236fea6b3d9)
		b'[unknown]' (6236fea6c3d5)
		b'[unknown]' (6236fea6b380)
		b'[unknown]' (6236fea6c529)
		b'[unknown]' (6236f7d88dd2)
		b'[unknown]' (6236fee6a91a)
		b'[unknown]' (6236fee67893)
		b'[unknown]' (6236fee6899a)
		b'[unknown]' (6236f8525afc)
		b'[unknown]' (6236fee6d592)
		b'[unknown]' (6236fee6e112)
		b'[unknown]' (6236f8525afc)
		b'[unknown]' (6236fee6d4db)
		b'[unknown]' (7c043a894ac3)

	Not found in mutex_ids. mutex (b'[unknown]') 504dffc3b220 ::: wait time 5407.86us ::: hold time 14025.31us ::: enter count 2250
		b'[unknown]' (6236f9ad3c3a)
		b'[unknown]' (6236f9ad6190)
		b'[unknown]' (6236fee87b95)
		b'[unknown]' (6236fee9b71f)
		b'[unknown]' (6236fee97f34)
		b'[unknown]' (6236fee83f09)
		b'[unknown]' (6236f7e894d4)
		b'[unknown]' (6236f7e89385)
		b'[unknown]' (6236f7e892d8)
		b'[unknown]' (6236f7e89298)
		b'[unknown]' (6236fee84aa4)
		b'[unknown]' (6236f7dd36a6)
		b'[unknown]' (6236fcd8a808)
		b'[unknown]' (6236fcd8a37b)
		b'[unknown]' (6236f7d9cab7)
		b'[unknown]' (6236f7d862a3)
		b'[unknown]' (6236fcd735cc)
		b'[unknown]' (6236fcd735ec)
		b'[unknown]' (6236fcd73972)
		b'[unknown]' (6236fcd84c9e)
		b'[unknown]' (6236fcd83414)
		b'[unknown]' (6236fcd8163b)
		b'[unknown]' (6236fcd7f951)
		b'[unknown]' (6236fcd7cc48)
		b'[unknown]' (6236fcd78cdd)
		b'[unknown]' (6236fcd6d02c)
		b'[unknown]' (6236fcd65d21)
		b'[unknown]' (6236f8676266)
		b'[unknown]' (6236f8675bab)
		b'[unknown]' (6236f867537a)
		b'[unknown]' (6236f86750a2)
		b'[unknown]' (6236fa6284a3)
		b'[unknown]' (6236fa62c176)
		b'[unknown]' (6236fa3321c9)
		b'[unknown]' (6236fa33dd18)
		b'[unknown]' (6236fa33e46b)
		b'[unknown]' (6236fa33dd70)
		b'[unknown]' (6236fed9754e)
		b'[unknown]' (6236f7ee69ac)
		b'[unknown]' (6236f7ee9125)
		b'[unknown]' (6236f7eec3a0)
		b'[unknown]' (6236f7eed325)
		b'[unknown]' (6236f7eec7be)
		b'[unknown]' (6236f7eec86f)
		b'[unknown]' (6236f7ee8ad5)
		b'[unknown]' (6236f7ee8bc3)
		b'[unknown]' (6236f7ef1105)
		b'[unknown]' (6236f7ee7eb9)
		b'[unknown]' (6236f7ee7f5b)
		b'[unknown]' (6236f7ef3e5e)
		b'[unknown]' (6236f7ef49e5)
		b'[unknown]' (6236f7ef5066)
		b'[unknown]' (6236f7ef5df5)
		b'[unknown]' (6236f7ed7f38)
		b'[unknown]' (6236fea64b8d)
		b'[unknown]' (6236fea65171)
		b'[unknown]' (6236fea651e4)
		b'[unknown]' (6236fea65273)
		b'[unknown]' (6236fea652d7)
		b'[unknown]' (6236fea6581e)
		b'[unknown]' (6236fea65a0e)
		b'[unknown]' (6236fea65aad)
		b'[unknown]' (6236fea65b3b)
		b'[unknown]' (6236fea666ca)
		b'[unknown]' (6236fea6678b)
		b'[unknown]' (6236fea6797d)
		b'[unknown]' (6236f7d88dd2)
		b'[unknown]' (6236fea6b3d9)
		b'[unknown]' (6236fea6c3d5)
		b'[unknown]' (6236fea6b380)
		b'[unknown]' (6236fea6c529)
		b'[unknown]' (6236f7d88dd2)
		b'[unknown]' (6236fee6a91a)
		b'[unknown]' (6236fee67893)
		b'[unknown]' (6236fee6899a)
		b'[unknown]' (6236f8525afc)
		b'[unknown]' (6236fee6d592)
		b'[unknown]' (6236fee6e112)
		b'[unknown]' (6236f8525afc)
		b'[unknown]' (6236fee6d4db)
		b'[unknown]' (7c043a894ac3)

	Not found in mutex_ids. mutex (b'[unknown]') 504dffc3b148 ::: wait time 5399.75us ::: hold time 14745.05us ::: enter count 2251
		b'[unknown]' (6236f7d776a7)
		b'[unknown]' (6236f7d77cac)
		b'[unknown]' (6236f7d80eca)
		b'[unknown]' (6236feea0bc6)
		b'[unknown]' (6236fee9b7d2)
		b'[unknown]' (6236fee97f34)
		b'[unknown]' (6236fee978bb)
		b'[unknown]' (6236fee83f43)
		b'[unknown]' (6236fee83ed8)
		b'[unknown]' (6236fac87a38)
		b'[unknown]' (6236fac8b826)
		b'[unknown]' (6236fac8ad9f)
		b'[unknown]' (6236fac89edd)
		b'[unknown]' (6236f9568403)
		b'[unknown]' (6236f956697f)
		b'[unknown]' (6236f9567af9)
		b'[unknown]' (6236f95679ea)
		b'[unknown]' (6236f9567743)
		b'[unknown]' (6236f956777d)
		b'[unknown]' (6236f95677ee)
		b'[unknown]' (6236f9568168)
		b'[unknown]' (6236f956812b)
		b'[unknown]' (6236f95680d8)
		b'[unknown]' (6236f95680ac)
		b'[unknown]' (6236f9568090)
		b'[unknown]' (7c043ace62b3)

	Not found in mutex_ids. mutex (b'[unknown]') 504dffc3af08 ::: wait time 5397.25us ::: hold time 13550.19us ::: enter count 2227
		b'[unknown]' (6236f9ad3c3a)
		b'[unknown]' (6236f9ad6190)
		b'[unknown]' (6236fee87b95)
		b'[unknown]' (6236fee9b71f)
		b'[unknown]' (6236fee97f34)
		b'[unknown]' (6236fee84a84)
		b'[unknown]' (6236f7dd36a6)
		b'[unknown]' (6236fcd8a808)
		b'[unknown]' (6236fcd8a37b)
		b'[unknown]' (6236f7d9cab7)
		b'[unknown]' (6236f7d862a3)
		b'[unknown]' (6236fcd735cc)
		b'[unknown]' (6236fcd735ec)
		b'[unknown]' (6236fcd73972)
		b'[unknown]' (6236fcd84c9e)
		b'[unknown]' (6236fcd83414)
		b'[unknown]' (6236fcd8163b)
		b'[unknown]' (6236fcd7f951)
		b'[unknown]' (6236fcd7cc48)
		b'[unknown]' (6236fcd78cdd)
		b'[unknown]' (6236fcd6d02c)
		b'[unknown]' (6236fcd65d21)
		b'[unknown]' (6236f8676266)
		b'[unknown]' (6236f8675bab)
		b'[unknown]' (6236f867537a)
		b'[unknown]' (6236f86750a2)
		b'[unknown]' (6236fa6284a3)
		b'[unknown]' (6236fa62c176)
		b'[unknown]' (6236fa3321c9)
		b'[unknown]' (6236fa33dd18)
		b'[unknown]' (6236fa33e46b)
		b'[unknown]' (6236fa33dd70)
		b'[unknown]' (6236fed9754e)
		b'[unknown]' (6236f7ee69ac)
		b'[unknown]' (6236f7ee9125)
		b'[unknown]' (6236f7eec3a0)
		b'[unknown]' (6236f7eed325)
		b'[unknown]' (6236f7eec7be)
		b'[unknown]' (6236f7eec86f)
		b'[unknown]' (6236f7ee8ad5)
		b'[unknown]' (6236f7ee8bc3)
		b'[unknown]' (6236f7ef1105)
		b'[unknown]' (6236f7ee7eb9)
		b'[unknown]' (6236f7ee7f5b)
		b'[unknown]' (6236f7ef3e5e)
		b'[unknown]' (6236f7ef49e5)
		b'[unknown]' (6236f7ef5066)
		b'[unknown]' (6236f7ef5df5)
		b'[unknown]' (6236f7ed7f38)
		b'[unknown]' (6236fea64b8d)
		b'[unknown]' (6236fea65171)
		b'[unknown]' (6236fea651e4)
		b'[unknown]' (6236fea65273)
		b'[unknown]' (6236fea652d7)
		b'[unknown]' (6236fea6581e)
		b'[unknown]' (6236fea65a0e)
		b'[unknown]' (6236fea65aad)
		b'[unknown]' (6236fea65b3b)
		b'[unknown]' (6236fea666ca)
		b'[unknown]' (6236fea6678b)
		b'[unknown]' (6236fea6797d)
		b'[unknown]' (6236f7d88dd2)
		b'[unknown]' (6236fea6b3d9)
		b'[unknown]' (6236fea6c3d5)
		b'[unknown]' (6236fea6b380)
		b'[unknown]' (6236fea6c529)
		b'[unknown]' (6236f7d88dd2)
		b'[unknown]' (6236fee6a91a)
		b'[unknown]' (6236fee67893)
		b'[unknown]' (6236fee6899a)
		b'[unknown]' (6236f8525afc)
		b'[unknown]' (6236fee6d592)
		b'[unknown]' (6236fee6e112)
		b'[unknown]' (6236f8525afc)
		b'[unknown]' (6236fee6d4db)
		b'[unknown]' (7c043a894ac3)

	Not found in mutex_ids. mutex (b'[unknown]') 504dffc3b2f8 ::: wait time 5395.96us ::: hold time 13471.72us ::: enter count 2214
		b'[unknown]' (6236f9ad3c3a)
		b'[unknown]' (6236f9ad6190)
		b'[unknown]' (6236fee87b95)
		b'[unknown]' (6236fee9b71f)
		b'[unknown]' (6236fee97f34)
		b'[unknown]' (6236fee84a84)
		b'[unknown]' (6236f7dd36a6)
		b'[unknown]' (6236fcd8a808)
		b'[unknown]' (6236fcd8a37b)
		b'[unknown]' (6236f7d9cab7)
		b'[unknown]' (6236f7d862a3)
		b'[unknown]' (6236fcd735cc)
		b'[unknown]' (6236fcd735ec)
		b'[unknown]' (6236fcd73972)
		b'[unknown]' (6236fcd84c9e)
		b'[unknown]' (6236fcd83414)
		b'[unknown]' (6236fcd8163b)
		b'[unknown]' (6236fcd7f951)
		b'[unknown]' (6236fcd7cc48)
		b'[unknown]' (6236fcd78cdd)
		b'[unknown]' (6236fcd6d02c)
		b'[unknown]' (6236fcd65d21)
		b'[unknown]' (6236f8676266)
		b'[unknown]' (6236f8675bab)
		b'[unknown]' (6236f867537a)
		b'[unknown]' (6236f86750a2)
		b'[unknown]' (6236fa6284a3)
		b'[unknown]' (6236fa62c176)
		b'[unknown]' (6236fa3321c9)
		b'[unknown]' (6236fa33dd18)
		b'[unknown]' (6236fa33e46b)
		b'[unknown]' (6236fa33dd70)
		b'[unknown]' (6236fed9754e)
		b'[unknown]' (6236f7ee69ac)
		b'[unknown]' (6236f7ee9125)
		b'[unknown]' (6236f7eec3a0)
		b'[unknown]' (6236f7eed325)
		b'[unknown]' (6236f7eec7be)
		b'[unknown]' (6236f7eec86f)
		b'[unknown]' (6236f7ee8ad5)
		b'[unknown]' (6236f7ee8bc3)
		b'[unknown]' (6236f7ef1105)
		b'[unknown]' (6236f7ee7eb9)
		b'[unknown]' (6236f7ee7f5b)
		b'[unknown]' (6236f7ef3e5e)
		b'[unknown]' (6236f7ef49e5)
		b'[unknown]' (6236f7ef5066)
		b'[unknown]' (6236f7ef5df5)
		b'[unknown]' (6236f7ed7f38)
		b'[unknown]' (6236fea64b8d)
		b'[unknown]' (6236fea65171)
		b'[unknown]' (6236fea651e4)
		b'[unknown]' (6236fea65273)
		b'[unknown]' (6236fea652d7)
		b'[unknown]' (6236fea6581e)
		b'[unknown]' (6236fea65a0e)
		b'[unknown]' (6236fea65aad)
		b'[unknown]' (6236fea65b3b)
		b'[unknown]' (6236fea666ca)
		b'[unknown]' (6236fea6678b)
		b'[unknown]' (6236fea6797d)
		b'[unknown]' (6236f7d88dd2)
		b'[unknown]' (6236fea6b3d9)
		b'[unknown]' (6236fea6c3d5)
		b'[unknown]' (6236fea6b380)
		b'[unknown]' (6236fea6c529)
		b'[unknown]' (6236f7d88dd2)
		b'[unknown]' (6236fee6a91a)
		b'[unknown]' (6236fee67893)
		b'[unknown]' (6236fee6899a)
		b'[unknown]' (6236f8525afc)
		b'[unknown]' (6236fee6d592)
		b'[unknown]' (6236fee6e112)
		b'[unknown]' (6236f8525afc)
		b'[unknown]' (6236fee6d4db)
		b'[unknown]' (7c043a894ac3)

	Not found in mutex_ids. mutex (b'[unknown]') 504dffc3b148 ::: wait time 5395.54us ::: hold time 14202.98us ::: enter count 2251
		b'[unknown]' (6236f9ad3c3a)
		b'[unknown]' (6236f9ad6190)
		b'[unknown]' (6236fee87b95)
		b'[unknown]' (6236fee9b71f)
		b'[unknown]' (6236fee97f34)
		b'[unknown]' (6236fee83f09)
		b'[unknown]' (6236f7e894d4)
		b'[unknown]' (6236f7e89385)
		b'[unknown]' (6236f7e892d8)
		b'[unknown]' (6236f7e89298)
		b'[unknown]' (6236fee84aa4)
		b'[unknown]' (6236f7dd36a6)
		b'[unknown]' (6236fcd8a808)
		b'[unknown]' (6236fcd8a37b)
		b'[unknown]' (6236f7d9cab7)
		b'[unknown]' (6236f7d862a3)
		b'[unknown]' (6236fcd735cc)
		b'[unknown]' (6236fcd735ec)
		b'[unknown]' (6236fcd73972)
		b'[unknown]' (6236fcd84c9e)
		b'[unknown]' (6236fcd83414)
		b'[unknown]' (6236fcd8163b)
		b'[unknown]' (6236fcd7f951)
		b'[unknown]' (6236fcd7cc48)
		b'[unknown]' (6236fcd78cdd)
		b'[unknown]' (6236fcd6d02c)
		b'[unknown]' (6236fcd65d21)
		b'[unknown]' (6236f8676266)
		b'[unknown]' (6236f8675bab)
		b'[unknown]' (6236f867537a)
		b'[unknown]' (6236f86750a2)
		b'[unknown]' (6236fa6284a3)
		b'[unknown]' (6236fa62c176)
		b'[unknown]' (6236fa3321c9)
		b'[unknown]' (6236fa33dd18)
		b'[unknown]' (6236fa33e46b)
		b'[unknown]' (6236fa33dd70)
		b'[unknown]' (6236fed9754e)
		b'[unknown]' (6236f7ee69ac)
		b'[unknown]' (6236f7ee9125)
		b'[unknown]' (6236f7eec3a0)
		b'[unknown]' (6236f7eed325)
		b'[unknown]' (6236f7eec7be)
		b'[unknown]' (6236f7eec86f)
		b'[unknown]' (6236f7ee8ad5)
		b'[unknown]' (6236f7ee8bc3)
		b'[unknown]' (6236f7ef1105)
		b'[unknown]' (6236f7ee7eb9)
		b'[unknown]' (6236f7ee7f5b)
		b'[unknown]' (6236f7ef3e5e)
		b'[unknown]' (6236f7ef49e5)
		b'[unknown]' (6236f7ef5066)
		b'[unknown]' (6236f7ef5df5)
		b'[unknown]' (6236f7ed7f38)
		b'[unknown]' (6236fea64b8d)
		b'[unknown]' (6236fea65171)
		b'[unknown]' (6236fea651e4)
		b'[unknown]' (6236fea65273)
		b'[unknown]' (6236fea652d7)
		b'[unknown]' (6236fea6581e)
		b'[unknown]' (6236fea65a0e)
		b'[unknown]' (6236fea65aad)
		b'[unknown]' (6236fea65b3b)
		b'[unknown]' (6236fea666ca)
		b'[unknown]' (6236fea6678b)
		b'[unknown]' (6236fea6797d)
		b'[unknown]' (6236f7d88dd2)
		b'[unknown]' (6236fea6b3d9)
		b'[unknown]' (6236fea6c3d5)
		b'[unknown]' (6236fea6b380)
		b'[unknown]' (6236fea6c529)
		b'[unknown]' (6236f7d88dd2)
		b'[unknown]' (6236fee6a91a)
		b'[unknown]' (6236fee67893)
		b'[unknown]' (6236fee6899a)
		b'[unknown]' (6236f8525afc)
		b'[unknown]' (6236fee6d592)
		b'[unknown]' (6236fee6e112)
		b'[unknown]' (6236f8525afc)
		b'[unknown]' (6236fee6d4db)
		b'[unknown]' (7c043a894ac3)

	Not found in mutex_ids. mutex (b'[unknown]') 504dffc3aa88 ::: wait time 5393.50us ::: hold time 14237.08us ::: enter count 2246
		b'[unknown]' (6236f9ad3c3a)
		b'[unknown]' (6236f9ad6190)
		b'[unknown]' (6236fee87b95)
		b'[unknown]' (6236fee9b71f)
		b'[unknown]' (6236fee97f34)
		b'[unknown]' (6236fee83f09)
		b'[unknown]' (6236f7e894d4)
		b'[unknown]' (6236f7e89385)
		b'[unknown]' (6236f7e892d8)
		b'[unknown]' (6236f7e89298)
		b'[unknown]' (6236fee84aa4)
		b'[unknown]' (6236f7dd36a6)
		b'[unknown]' (6236fcd8a808)
		b'[unknown]' (6236fcd8a37b)
		b'[unknown]' (6236f7d9cab7)
		b'[unknown]' (6236f7d862a3)
		b'[unknown]' (6236fcd735cc)
		b'[unknown]' (6236fcd735ec)
		b'[unknown]' (6236fcd73972)
		b'[unknown]' (6236fcd84c9e)
		b'[unknown]' (6236fcd83414)
		b'[unknown]' (6236fcd8163b)
		b'[unknown]' (6236fcd7f951)
		b'[unknown]' (6236fcd7cc48)
		b'[unknown]' (6236fcd78cdd)
		b'[unknown]' (6236fcd6d02c)
		b'[unknown]' (6236fcd65d21)
		b'[unknown]' (6236f8676266)
		b'[unknown]' (6236f8675bab)
		b'[unknown]' (6236f867537a)
		b'[unknown]' (6236f86750a2)
		b'[unknown]' (6236fa6284a3)
		b'[unknown]' (6236fa62c176)
		b'[unknown]' (6236fa3321c9)
		b'[unknown]' (6236fa33dd18)
		b'[unknown]' (6236fa33e46b)
		b'[unknown]' (6236fa33dd70)
		b'[unknown]' (6236fed9754e)
		b'[unknown]' (6236f7ee69ac)
		b'[unknown]' (6236f7ee9125)
		b'[unknown]' (6236f7eec3a0)
		b'[unknown]' (6236f7eed325)
		b'[unknown]' (6236f7eec7be)
		b'[unknown]' (6236f7eec86f)
		b'[unknown]' (6236f7ee8ad5)
		b'[unknown]' (6236f7ee8bc3)
		b'[unknown]' (6236f7ef1105)
		b'[unknown]' (6236f7ee7eb9)
		b'[unknown]' (6236f7ee7f5b)
		b'[unknown]' (6236f7ef3e5e)
		b'[unknown]' (6236f7ef49e5)
		b'[unknown]' (6236f7ef5066)
		b'[unknown]' (6236f7ef5df5)
		b'[unknown]' (6236f7ed7f38)
		b'[unknown]' (6236fea64b8d)
		b'[unknown]' (6236fea65171)
		b'[unknown]' (6236fea651e4)
		b'[unknown]' (6236fea65273)
		b'[unknown]' (6236fea652d7)
		b'[unknown]' (6236fea6581e)
		b'[unknown]' (6236fea65a0e)
		b'[unknown]' (6236fea65aad)
		b'[unknown]' (6236fea65b3b)
		b'[unknown]' (6236fea666ca)
		b'[unknown]' (6236fea6678b)
		b'[unknown]' (6236fea6797d)
		b'[unknown]' (6236f7d88dd2)
		b'[unknown]' (6236fea6b3d9)
		b'[unknown]' (6236fea6c3d5)
		b'[unknown]' (6236fea6b380)
		b'[unknown]' (6236fea6c529)
		b'[unknown]' (6236f7d88dd2)
		b'[unknown]' (6236fee6a91a)
		b'[unknown]' (6236fee67893)
		b'[unknown]' (6236fee6899a)
		b'[unknown]' (6236f8525afc)
		b'[unknown]' (6236fee6d592)
		b'[unknown]' (6236fee6e112)
		b'[unknown]' (6236f8525afc)
		b'[unknown]' (6236fee6d4db)
		b'[unknown]' (7c043a894ac3)

	Not found in mutex_ids. mutex (b'[unknown]') 504dffc3ac38 ::: wait time 5387.05us ::: hold time 14464.00us ::: enter count 2235
		b'[unknown]' (6236f7d776a7)
		b'[unknown]' (6236f7d77cac)
		b'[unknown]' (6236f7d80eca)
		b'[unknown]' (6236feea0bc6)
		b'[unknown]' (6236fee9b7d2)
		b'[unknown]' (6236fee97f34)
		b'[unknown]' (6236fee978bb)
		b'[unknown]' (6236fee83f43)
		b'[unknown]' (6236fee83ed8)
		b'[unknown]' (6236fac87a38)
		b'[unknown]' (6236fac8b826)
		b'[unknown]' (6236fac8ad9f)
		b'[unknown]' (6236fac89edd)
		b'[unknown]' (6236f9568403)
		b'[unknown]' (6236f956697f)
		b'[unknown]' (6236f9567af9)
		b'[unknown]' (6236f95679ea)
		b'[unknown]' (6236f9567743)
		b'[unknown]' (6236f956777d)
		b'[unknown]' (6236f95677ee)
		b'[unknown]' (6236f9568168)
		b'[unknown]' (6236f956812b)
		b'[unknown]' (6236f95680d8)
		b'[unknown]' (6236f95680ac)
		b'[unknown]' (6236f9568090)
		b'[unknown]' (7c043ace62b3)

	Not found in mutex_ids. mutex (b'[unknown]') 504dffc3b340 ::: wait time 5386.03us ::: hold time 15500.71us ::: enter count 2239
		b'[unknown]' (6236f9ad3c3a)
		b'[unknown]' (6236f9ad6190)
		b'[unknown]' (6236fee87859)
		b'[unknown]' (6236fee9a513)
		b'[unknown]' (6236fee977b7)
		b'[unknown]' (6236fee83d5f)
		b'[unknown]' (6236fee83aa6)
		b'[unknown]' (6236fee860ca)
		b'[unknown]' (6236fee85c86)
		b'[unknown]' (6236fee85a16)
		b'[unknown]' (6236fee84742)
		b'[unknown]' (6236fcd85cb0)
		b'[unknown]' (6236fcd85d84)
		b'[unknown]' (6236fcd83f03)
		b'[unknown]' (6236fcd82139)
		b'[unknown]' (6236fcd806c6)
		b'[unknown]' (6236fcd7dbbf)
		b'[unknown]' (6236fcd79bb3)
		b'[unknown]' (6236fcd76206)
		b'[unknown]' (6236fcd68821)
		b'[unknown]' (6236fcd66c41)
		b'[unknown]' (6236fcd666bd)
		b'[unknown]' (6236fa627325)
		b'[unknown]' (6236fa62808a)
		b'[unknown]' (6236fa62c176)
		b'[unknown]' (6236fa3321c9)
		b'[unknown]' (6236fa33dd18)
		b'[unknown]' (6236fa33e46b)
		b'[unknown]' (6236fa33dd70)
		b'[unknown]' (6236fed9754e)
		b'[unknown]' (6236f7ee69ac)
		b'[unknown]' (6236f7ee9125)
		b'[unknown]' (6236f7eec3a0)
		b'[unknown]' (6236f7eed325)
		b'[unknown]' (6236f7eec7be)
		b'[unknown]' (6236f7eec86f)
		b'[unknown]' (6236f7ee8ad5)
		b'[unknown]' (6236f7ee8bc3)
		b'[unknown]' (6236f7ef1105)
		b'[unknown]' (6236f7ee7eb9)
		b'[unknown]' (6236f7ee7f5b)
		b'[unknown]' (6236f7ef3e5e)
		b'[unknown]' (6236f7ef49e5)
		b'[unknown]' (6236f7ef5066)
		b'[unknown]' (6236f7ef5df5)
		b'[unknown]' (6236f7ed7f38)
		b'[unknown]' (6236fea64b8d)
		b'[unknown]' (6236fea65171)
		b'[unknown]' (6236fea651e4)
		b'[unknown]' (6236fea65273)
		b'[unknown]' (6236fea652d7)
		b'[unknown]' (6236fea6581e)
		b'[unknown]' (6236fea65a0e)
		b'[unknown]' (6236fea65aad)
		b'[unknown]' (6236fea65b3b)
		b'[unknown]' (6236fea666ca)
		b'[unknown]' (6236fea6678b)
		b'[unknown]' (6236fea6797d)
		b'[unknown]' (6236f7d88dd2)
		b'[unknown]' (6236fea6b3d9)
		b'[unknown]' (6236fea6c3d5)
		b'[unknown]' (6236fea6b380)
		b'[unknown]' (6236fea6c529)
		b'[unknown]' (6236f7d88dd2)
		b'[unknown]' (6236fee6a91a)
		b'[unknown]' (6236fee67893)
		b'[unknown]' (6236fee6899a)
		b'[unknown]' (6236f8525afc)
		b'[unknown]' (6236fee6d592)
		b'[unknown]' (6236fee6e112)
		b'[unknown]' (6236f8525afc)
		b'[unknown]' (6236fee6d4db)
		b'[unknown]' (7c043a894ac3)

	Not found in mutex_ids. mutex (b'[unknown]') 504dffc3aa88 ::: wait time 5385.05us ::: hold time 15626.19us ::: enter count 2246
		b'[unknown]' (6236f9ad3c3a)
		b'[unknown]' (6236f9ad6190)
		b'[unknown]' (6236fee87859)
		b'[unknown]' (6236fee9a513)
		b'[unknown]' (6236fee977b7)
		b'[unknown]' (6236fee83d5f)
		b'[unknown]' (6236fee83aa6)
		b'[unknown]' (6236fee860ca)
		b'[unknown]' (6236fee85c86)
		b'[unknown]' (6236fee85a16)
		b'[unknown]' (6236fee84742)
		b'[unknown]' (6236fcd85cb0)
		b'[unknown]' (6236fcd85d84)
		b'[unknown]' (6236fcd83f03)
		b'[unknown]' (6236fcd82139)
		b'[unknown]' (6236fcd806c6)
		b'[unknown]' (6236fcd7dbbf)
		b'[unknown]' (6236fcd79bb3)
		b'[unknown]' (6236fcd76206)
		b'[unknown]' (6236fcd68821)
		b'[unknown]' (6236fcd66c41)
		b'[unknown]' (6236fcd666bd)
		b'[unknown]' (6236fa627325)
		b'[unknown]' (6236fa62808a)
		b'[unknown]' (6236fa62c176)
		b'[unknown]' (6236fa3321c9)
		b'[unknown]' (6236fa33dd18)
		b'[unknown]' (6236fa33e46b)
		b'[unknown]' (6236fa33dd70)
		b'[unknown]' (6236fed9754e)
		b'[unknown]' (6236f7ee69ac)
		b'[unknown]' (6236f7ee9125)
		b'[unknown]' (6236f7eec3a0)
		b'[unknown]' (6236f7eed325)
		b'[unknown]' (6236f7eec7be)
		b'[unknown]' (6236f7eec86f)
		b'[unknown]' (6236f7ee8ad5)
		b'[unknown]' (6236f7ee8bc3)
		b'[unknown]' (6236f7ef1105)
		b'[unknown]' (6236f7ee7eb9)
		b'[unknown]' (6236f7ee7f5b)
		b'[unknown]' (6236f7ef3e5e)
		b'[unknown]' (6236f7ef49e5)
		b'[unknown]' (6236f7ef5066)
		b'[unknown]' (6236f7ef5df5)
		b'[unknown]' (6236f7ed7f38)
		b'[unknown]' (6236fea64b8d)
		b'[unknown]' (6236fea65171)
		b'[unknown]' (6236fea651e4)
		b'[unknown]' (6236fea65273)
		b'[unknown]' (6236fea652d7)
		b'[unknown]' (6236fea6581e)
		b'[unknown]' (6236fea65a0e)
		b'[unknown]' (6236fea65aad)
		b'[unknown]' (6236fea65b3b)
		b'[unknown]' (6236fea666ca)
		b'[unknown]' (6236fea6678b)
		b'[unknown]' (6236fea6797d)
		b'[unknown]' (6236f7d88dd2)
		b'[unknown]' (6236fea6b3d9)
		b'[unknown]' (6236fea6c3d5)
		b'[unknown]' (6236fea6b380)
		b'[unknown]' (6236fea6c529)
		b'[unknown]' (6236f7d88dd2)
		b'[unknown]' (6236fee6a91a)
		b'[unknown]' (6236fee67893)
		b'[unknown]' (6236fee6899a)
		b'[unknown]' (6236f8525afc)
		b'[unknown]' (6236fee6d592)
		b'[unknown]' (6236fee6e112)
		b'[unknown]' (6236f8525afc)
		b'[unknown]' (6236fee6d4db)
		b'[unknown]' (7c043a894ac3)

	Not found in mutex_ids. mutex (b'[unknown]') 504dffc3b100 ::: wait time 5384.14us ::: hold time 14653.03us ::: enter count 2252
		b'[unknown]' (6236f7d776a7)
		b'[unknown]' (6236f7d77cac)
		b'[unknown]' (6236f7d80eca)
		b'[unknown]' (6236feea0bc6)
		b'[unknown]' (6236fee9b7d2)
		b'[unknown]' (6236fee97f34)
		b'[unknown]' (6236fee978bb)
		b'[unknown]' (6236fee83f43)
		b'[unknown]' (6236fee83ed8)
		b'[unknown]' (6236fac87a38)
		b'[unknown]' (6236fac8b826)
		b'[unknown]' (6236fac8ad9f)
		b'[unknown]' (6236fac89edd)
		b'[unknown]' (6236f9568403)
		b'[unknown]' (6236f956697f)
		b'[unknown]' (6236f9567af9)
		b'[unknown]' (6236f95679ea)
		b'[unknown]' (6236f9567743)
		b'[unknown]' (6236f956777d)
		b'[unknown]' (6236f95677ee)
		b'[unknown]' (6236f9568168)
		b'[unknown]' (6236f956812b)
		b'[unknown]' (6236f95680d8)
		b'[unknown]' (6236f95680ac)
		b'[unknown]' (6236f9568090)
		b'[unknown]' (7c043ace62b3)

	Not found in mutex_ids. mutex (b'[unknown]') 504dffc3b100 ::: wait time 5383.35us ::: hold time 14163.96us ::: enter count 2252
		b'[unknown]' (6236f9ad3c3a)
		b'[unknown]' (6236f9ad6190)
		b'[unknown]' (6236fee87859)
		b'[unknown]' (6236fee9a513)
		b'[unknown]' (6236fee97c33)
		b'[unknown]' (6236fee84be4)
		b'[unknown]' (6236fcd7dc8e)
		b'[unknown]' (6236fcd79c33)
		b'[unknown]' (6236fcd762bd)
		b'[unknown]' (6236fcd6897e)
		b'[unknown]' (6236fcd66c41)
		b'[unknown]' (6236fcd666bd)
		b'[unknown]' (6236fa627325)
		b'[unknown]' (6236fa62808a)
		b'[unknown]' (6236fa62c176)
		b'[unknown]' (6236fa3321c9)
		b'[unknown]' (6236fa33dd18)
		b'[unknown]' (6236fa33e46b)
		b'[unknown]' (6236fa33dd70)
		b'[unknown]' (6236fed9754e)
		b'[unknown]' (6236f7ee69ac)
		b'[unknown]' (6236f7ee9125)
		b'[unknown]' (6236f7eec3a0)
		b'[unknown]' (6236f7eed325)
		b'[unknown]' (6236f7eec7be)
		b'[unknown]' (6236f7eec86f)
		b'[unknown]' (6236f7ee8ad5)
		b'[unknown]' (6236f7ee8bc3)
		b'[unknown]' (6236f7ef1105)
		b'[unknown]' (6236f7ee7eb9)
		b'[unknown]' (6236f7ee7f5b)
		b'[unknown]' (6236f7ef3e5e)
		b'[unknown]' (6236f7ef49e5)
		b'[unknown]' (6236f7ef5066)
		b'[unknown]' (6236f7ef5df5)
		b'[unknown]' (6236f7ed7f38)
		b'[unknown]' (6236fea64b8d)
		b'[unknown]' (6236fea65171)
		b'[unknown]' (6236fea651e4)
		b'[unknown]' (6236fea65273)
		b'[unknown]' (6236fea652d7)
		b'[unknown]' (6236fea6581e)
		b'[unknown]' (6236fea65a0e)
		b'[unknown]' (6236fea65aad)
		b'[unknown]' (6236fea65b3b)
		b'[unknown]' (6236fea666ca)
		b'[unknown]' (6236fea6678b)
		b'[unknown]' (6236fea6797d)
		b'[unknown]' (6236f7d88dd2)
		b'[unknown]' (6236fea6b3d9)
		b'[unknown]' (6236fea6c3d5)
		b'[unknown]' (6236fea6b380)
		b'[unknown]' (6236fea6c529)
		b'[unknown]' (6236f7d88dd2)
		b'[unknown]' (6236fee6a91a)
		b'[unknown]' (6236fee67893)
		b'[unknown]' (6236fee6899a)
		b'[unknown]' (6236f8525afc)
		b'[unknown]' (6236fee6d592)
		b'[unknown]' (6236fee6e112)
		b'[unknown]' (6236f8525afc)
		b'[unknown]' (6236fee6d4db)
		b'[unknown]' (7c043a894ac3)

	Not found in mutex_ids. mutex (b'[unknown]') 504dffc3b340 ::: wait time 5383.04us ::: hold time 14218.55us ::: enter count 2239
		b'[unknown]' (6236f9ad3c3a)
		b'[unknown]' (6236f9ad6190)
		b'[unknown]' (6236fee87859)
		b'[unknown]' (6236fee9a513)
		b'[unknown]' (6236fee97c33)
		b'[unknown]' (6236fee84be4)
		b'[unknown]' (6236fcd7dc8e)
		b'[unknown]' (6236fcd79c33)
		b'[unknown]' (6236fcd762bd)
		b'[unknown]' (6236fcd6897e)
		b'[unknown]' (6236fcd66c41)
		b'[unknown]' (6236fcd666bd)
		b'[unknown]' (6236fa627325)
		b'[unknown]' (6236fa62808a)
		b'[unknown]' (6236fa62c176)
		b'[unknown]' (6236fa3321c9)
		b'[unknown]' (6236fa33dd18)
		b'[unknown]' (6236fa33e46b)
		b'[unknown]' (6236fa33dd70)
		b'[unknown]' (6236fed9754e)
		b'[unknown]' (6236f7ee69ac)
		b'[unknown]' (6236f7ee9125)
		b'[unknown]' (6236f7eec3a0)
		b'[unknown]' (6236f7eed325)
		b'[unknown]' (6236f7eec7be)
		b'[unknown]' (6236f7eec86f)
		b'[unknown]' (6236f7ee8ad5)
		b'[unknown]' (6236f7ee8bc3)
		b'[unknown]' (6236f7ef1105)
		b'[unknown]' (6236f7ee7eb9)
		b'[unknown]' (6236f7ee7f5b)
		b'[unknown]' (6236f7ef3e5e)
		b'[unknown]' (6236f7ef49e5)
		b'[unknown]' (6236f7ef5066)
		b'[unknown]' (6236f7ef5df5)
		b'[unknown]' (6236f7ed7f38)
		b'[unknown]' (6236fea64b8d)
		b'[unknown]' (6236fea65171)
		b'[unknown]' (6236fea651e4)
		b'[unknown]' (6236fea65273)
		b'[unknown]' (6236fea652d7)
		b'[unknown]' (6236fea6581e)
		b'[unknown]' (6236fea65a0e)
		b'[unknown]' (6236fea65aad)
		b'[unknown]' (6236fea65b3b)
		b'[unknown]' (6236fea666ca)
		b'[unknown]' (6236fea6678b)
		b'[unknown]' (6236fea6797d)
		b'[unknown]' (6236f7d88dd2)
		b'[unknown]' (6236fea6b3d9)
		b'[unknown]' (6236fea6c3d5)
		b'[unknown]' (6236fea6b380)
		b'[unknown]' (6236fea6c529)
		b'[unknown]' (6236f7d88dd2)
		b'[unknown]' (6236fee6a91a)
		b'[unknown]' (6236fee67893)
		b'[unknown]' (6236fee6899a)
		b'[unknown]' (6236f8525afc)
		b'[unknown]' (6236fee6d592)
		b'[unknown]' (6236fee6e112)
		b'[unknown]' (6236f8525afc)
		b'[unknown]' (6236fee6d4db)
		b'[unknown]' (7c043a894ac3)

	Not found in mutex_ids. mutex (b'[unknown]') 504dffc3af98 ::: wait time 5381.26us ::: hold time 14271.84us ::: enter count 2196
		b'[unknown]' (6236f7d776a7)
		b'[unknown]' (6236f7d77cac)
		b'[unknown]' (6236f7d80eca)
		b'[unknown]' (6236feea0bc6)
		b'[unknown]' (6236fee9b7d2)
		b'[unknown]' (6236fee97f34)
		b'[unknown]' (6236fee978bb)
		b'[unknown]' (6236fee83f43)
		b'[unknown]' (6236fee83ed8)
		b'[unknown]' (6236fac87a38)
		b'[unknown]' (6236fac8b826)
		b'[unknown]' (6236fac8ad9f)
		b'[unknown]' (6236fac89edd)
		b'[unknown]' (6236f9568403)
		b'[unknown]' (6236f956697f)
		b'[unknown]' (6236f9567af9)
		b'[unknown]' (6236f95679ea)
		b'[unknown]' (6236f9567743)
		b'[unknown]' (6236f956777d)
		b'[unknown]' (6236f95677ee)
		b'[unknown]' (6236f9568168)
		b'[unknown]' (6236f956812b)
		b'[unknown]' (6236f95680d8)
		b'[unknown]' (6236f95680ac)
		b'[unknown]' (6236f9568090)
		b'[unknown]' (7c043ace62b3)

	Not found in mutex_ids. mutex (b'[unknown]') 504dffc3b190 ::: wait time 5381.18us ::: hold time 14304.73us ::: enter count 2188
		b'[unknown]' (6236f7d776a7)
		b'[unknown]' (6236f7d77cac)
		b'[unknown]' (6236f7d80eca)
		b'[unknown]' (6236feea0bc6)
		b'[unknown]' (6236fee9b7d2)
		b'[unknown]' (6236fee97f34)
		b'[unknown]' (6236fee978bb)
		b'[unknown]' (6236fee83f43)
		b'[unknown]' (6236fee83ed8)
		b'[unknown]' (6236fac87a38)
		b'[unknown]' (6236fac8b826)
		b'[unknown]' (6236fac8ad9f)
		b'[unknown]' (6236fac89edd)
		b'[unknown]' (6236f9568403)
		b'[unknown]' (6236f956697f)
		b'[unknown]' (6236f9567af9)
		b'[unknown]' (6236f95679ea)
		b'[unknown]' (6236f9567743)
		b'[unknown]' (6236f956777d)
		b'[unknown]' (6236f95677ee)
		b'[unknown]' (6236f9568168)
		b'[unknown]' (6236f956812b)
		b'[unknown]' (6236f95680d8)
		b'[unknown]' (6236f95680ac)
		b'[unknown]' (6236f9568090)
		b'[unknown]' (7c043ace62b3)

	Not found in mutex_ids. mutex (b'[unknown]') 504dffc3b220 ::: wait time 5381.08us ::: hold time 14195.92us ::: enter count 2250
		b'[unknown]' (6236f9ad3c3a)
		b'[unknown]' (6236f9ad6190)
		b'[unknown]' (6236fee87b95)
		b'[unknown]' (6236fee9b71f)
		b'[unknown]' (6236fee97f34)
		b'[unknown]' (6236fee978bb)
		b'[unknown]' (6236fee83f43)
		b'[unknown]' (6236fee83ed8)
		b'[unknown]' (6236f7e894d4)
		b'[unknown]' (6236f7e89385)
		b'[unknown]' (6236f7e892d8)
		b'[unknown]' (6236f7e89298)
		b'[unknown]' (6236fee84aa4)
		b'[unknown]' (6236f7dd36a6)
		b'[unknown]' (6236fcd8a808)
		b'[unknown]' (6236fcd8a37b)
		b'[unknown]' (6236f7d9cab7)
		b'[unknown]' (6236f7d862a3)
		b'[unknown]' (6236fcd735cc)
		b'[unknown]' (6236fcd735ec)
		b'[unknown]' (6236fcd73972)
		b'[unknown]' (6236fcd84c9e)
		b'[unknown]' (6236fcd83414)
		b'[unknown]' (6236fcd8163b)
		b'[unknown]' (6236fcd7f951)
		b'[unknown]' (6236fcd7cc48)
		b'[unknown]' (6236fcd78cdd)
		b'[unknown]' (6236fcd6d02c)
		b'[unknown]' (6236fcd65d21)
		b'[unknown]' (6236f8676266)
		b'[unknown]' (6236f8675bab)
		b'[unknown]' (6236f867537a)
		b'[unknown]' (6236f86750a2)
		b'[unknown]' (6236fa6284a3)
		b'[unknown]' (6236fa62c176)
		b'[unknown]' (6236fa3321c9)
		b'[unknown]' (6236fa33dd18)
		b'[unknown]' (6236fa33e46b)
		b'[unknown]' (6236fa33dd70)
		b'[unknown]' (6236fed9754e)
		b'[unknown]' (6236f7ee69ac)
		b'[unknown]' (6236f7ee9125)
		b'[unknown]' (6236f7eec3a0)
		b'[unknown]' (6236f7eed325)
		b'[unknown]' (6236f7eec7be)
		b'[unknown]' (6236f7eec86f)
		b'[unknown]' (6236f7ee8ad5)
		b'[unknown]' (6236f7ee8bc3)
		b'[unknown]' (6236f7ef1105)
		b'[unknown]' (6236f7ee7eb9)
		b'[unknown]' (6236f7ee7f5b)
		b'[unknown]' (6236f7ef3e5e)
		b'[unknown]' (6236f7ef49e5)
		b'[unknown]' (6236f7ef5066)
		b'[unknown]' (6236f7ef5df5)
		b'[unknown]' (6236f7ed7f38)
		b'[unknown]' (6236fea64b8d)
		b'[unknown]' (6236fea65171)
		b'[unknown]' (6236fea651e4)
		b'[unknown]' (6236fea65273)
		b'[unknown]' (6236fea652d7)
		b'[unknown]' (6236fea6581e)
		b'[unknown]' (6236fea65a0e)
		b'[unknown]' (6236fea65aad)
		b'[unknown]' (6236fea65b3b)
		b'[unknown]' (6236fea666ca)
		b'[unknown]' (6236fea6678b)
		b'[unknown]' (6236fea6797d)
		b'[unknown]' (6236f7d88dd2)
		b'[unknown]' (6236fea6b3d9)
		b'[unknown]' (6236fea6c3d5)
		b'[unknown]' (6236fea6b380)
		b'[unknown]' (6236fea6c529)
		b'[unknown]' (6236f7d88dd2)
		b'[unknown]' (6236fee6a91a)
		b'[unknown]' (6236fee67893)
		b'[unknown]' (6236fee6899a)
		b'[unknown]' (6236f8525afc)
		b'[unknown]' (6236fee6d592)
		b'[unknown]' (6236fee6e112)
		b'[unknown]' (6236f8525afc)
		b'[unknown]' (6236fee6d4db)
		b'[unknown]' (7c043a894ac3)

	Not found in mutex_ids. mutex (b'[unknown]') 504dffc3b148 ::: wait time 5380.80us ::: hold time 14213.08us ::: enter count 2251
		b'[unknown]' (6236f9ad3c3a)
		b'[unknown]' (6236f9ad6190)
		b'[unknown]' (6236fee87859)
		b'[unknown]' (6236fee9a513)
		b'[unknown]' (6236fee97c33)
		b'[unknown]' (6236fee84be4)
		b'[unknown]' (6236fcd7dc8e)
		b'[unknown]' (6236fcd79c33)
		b'[unknown]' (6236fcd762bd)
		b'[unknown]' (6236fcd6897e)
		b'[unknown]' (6236fcd66c41)
		b'[unknown]' (6236fcd666bd)
		b'[unknown]' (6236fa627325)
		b'[unknown]' (6236fa62808a)
		b'[unknown]' (6236fa62c176)
		b'[unknown]' (6236fa3321c9)
		b'[unknown]' (6236fa33dd18)
		b'[unknown]' (6236fa33e46b)
		b'[unknown]' (6236fa33dd70)
		b'[unknown]' (6236fed9754e)
		b'[unknown]' (6236f7ee69ac)
		b'[unknown]' (6236f7ee9125)
		b'[unknown]' (6236f7eec3a0)
		b'[unknown]' (6236f7eed325)
		b'[unknown]' (6236f7eec7be)
		b'[unknown]' (6236f7eec86f)
		b'[unknown]' (6236f7ee8ad5)
		b'[unknown]' (6236f7ee8bc3)
		b'[unknown]' (6236f7ef1105)
		b'[unknown]' (6236f7ee7eb9)
		b'[unknown]' (6236f7ee7f5b)
		b'[unknown]' (6236f7ef3e5e)
		b'[unknown]' (6236f7ef49e5)
		b'[unknown]' (6236f7ef5066)
		b'[unknown]' (6236f7ef5df5)
		b'[unknown]' (6236f7ed7f38)
		b'[unknown]' (6236fea64b8d)
		b'[unknown]' (6236fea65171)
		b'[unknown]' (6236fea651e4)
		b'[unknown]' (6236fea65273)
		b'[unknown]' (6236fea652d7)
		b'[unknown]' (6236fea6581e)
		b'[unknown]' (6236fea65a0e)
		b'[unknown]' (6236fea65aad)
		b'[unknown]' (6236fea65b3b)
		b'[unknown]' (6236fea666ca)
		b'[unknown]' (6236fea6678b)
		b'[unknown]' (6236fea6797d)
		b'[unknown]' (6236f7d88dd2)
		b'[unknown]' (6236fea6b3d9)
		b'[unknown]' (6236fea6c3d5)
		b'[unknown]' (6236fea6b380)
		b'[unknown]' (6236fea6c529)
		b'[unknown]' (6236f7d88dd2)
		b'[unknown]' (6236fee6a91a)
		b'[unknown]' (6236fee67893)
		b'[unknown]' (6236fee6899a)
		b'[unknown]' (6236f8525afc)
		b'[unknown]' (6236fee6d592)
		b'[unknown]' (6236fee6e112)
		b'[unknown]' (6236f8525afc)
		b'[unknown]' (6236fee6d4db)
		b'[unknown]' (7c043a894ac3)

	Not found in mutex_ids. mutex (b'[unknown]') 504dffc3b100 ::: wait time 5377.84us ::: hold time 14246.11us ::: enter count 2252
		b'[unknown]' (6236f9ad3c3a)
		b'[unknown]' (6236f9ad6190)
		b'[unknown]' (6236fee87b95)
		b'[unknown]' (6236fee9b71f)
		b'[unknown]' (6236fee97f34)
		b'[unknown]' (6236fee978bb)
		b'[unknown]' (6236fee83f43)
		b'[unknown]' (6236fee83ed8)
		b'[unknown]' (6236f7e894d4)
		b'[unknown]' (6236f7e89385)
		b'[unknown]' (6236f7e892d8)
		b'[unknown]' (6236f7e89298)
		b'[unknown]' (6236fee84aa4)
		b'[unknown]' (6236f7dd36a6)
		b'[unknown]' (6236fcd8a808)
		b'[unknown]' (6236fcd8a37b)
		b'[unknown]' (6236f7d9cab7)
		b'[unknown]' (6236f7d862a3)
		b'[unknown]' (6236fcd735cc)
		b'[unknown]' (6236fcd735ec)
		b'[unknown]' (6236fcd73972)
		b'[unknown]' (6236fcd84c9e)
		b'[unknown]' (6236fcd83414)
		b'[unknown]' (6236fcd8163b)
		b'[unknown]' (6236fcd7f951)
		b'[unknown]' (6236fcd7cc48)
		b'[unknown]' (6236fcd78cdd)
		b'[unknown]' (6236fcd6d02c)
		b'[unknown]' (6236fcd65d21)
		b'[unknown]' (6236f8676266)
		b'[unknown]' (6236f8675bab)
		b'[unknown]' (6236f867537a)
		b'[unknown]' (6236f86750a2)
		b'[unknown]' (6236fa6284a3)
		b'[unknown]' (6236fa62c176)
		b'[unknown]' (6236fa3321c9)
		b'[unknown]' (6236fa33dd18)
		b'[unknown]' (6236fa33e46b)
		b'[unknown]' (6236fa33dd70)
		b'[unknown]' (6236fed9754e)
		b'[unknown]' (6236f7ee69ac)
		b'[unknown]' (6236f7ee9125)
		b'[unknown]' (6236f7eec3a0)
		b'[unknown]' (6236f7eed325)
		b'[unknown]' (6236f7eec7be)
		b'[unknown]' (6236f7eec86f)
		b'[unknown]' (6236f7ee8ad5)
		b'[unknown]' (6236f7ee8bc3)
		b'[unknown]' (6236f7ef1105)
		b'[unknown]' (6236f7ee7eb9)
		b'[unknown]' (6236f7ee7f5b)
		b'[unknown]' (6236f7ef3e5e)
		b'[unknown]' (6236f7ef49e5)
		b'[unknown]' (6236f7ef5066)
		b'[unknown]' (6236f7ef5df5)
		b'[unknown]' (6236f7ed7f38)
		b'[unknown]' (6236fea64b8d)
		b'[unknown]' (6236fea65171)
		b'[unknown]' (6236fea651e4)
		b'[unknown]' (6236fea65273)
		b'[unknown]' (6236fea652d7)
		b'[unknown]' (6236fea6581e)
		b'[unknown]' (6236fea65a0e)
		b'[unknown]' (6236fea65aad)
		b'[unknown]' (6236fea65b3b)
		b'[unknown]' (6236fea666ca)
		b'[unknown]' (6236fea6678b)
		b'[unknown]' (6236fea6797d)
		b'[unknown]' (6236f7d88dd2)
		b'[unknown]' (6236fea6b3d9)
		b'[unknown]' (6236fea6c3d5)
		b'[unknown]' (6236fea6b380)
		b'[unknown]' (6236fea6c529)
		b'[unknown]' (6236f7d88dd2)
		b'[unknown]' (6236fee6a91a)
		b'[unknown]' (6236fee67893)
		b'[unknown]' (6236fee6899a)
		b'[unknown]' (6236f8525afc)
		b'[unknown]' (6236fee6d592)
		b'[unknown]' (6236fee6e112)
		b'[unknown]' (6236f8525afc)
		b'[unknown]' (6236fee6d4db)
		b'[unknown]' (7c043a894ac3)

	Not found in mutex_ids. mutex (b'[unknown]') 504dffc3b0b8 ::: wait time 5377.39us ::: hold time 13322.45us ::: enter count 2179
		b'[unknown]' (6236f9ad3c3a)
		b'[unknown]' (6236f9ad6190)
		b'[unknown]' (6236fee87b95)
		b'[unknown]' (6236fee9b71f)
		b'[unknown]' (6236fee97f34)
		b'[unknown]' (6236fee84a84)
		b'[unknown]' (6236f7dd36a6)
		b'[unknown]' (6236fcd8a808)
		b'[unknown]' (6236fcd8a37b)
		b'[unknown]' (6236f7d9cab7)
		b'[unknown]' (6236f7d862a3)
		b'[unknown]' (6236fcd735cc)
		b'[unknown]' (6236fcd735ec)
		b'[unknown]' (6236fcd73972)
		b'[unknown]' (6236fcd84c9e)
		b'[unknown]' (6236fcd83414)
		b'[unknown]' (6236fcd8163b)
		b'[unknown]' (6236fcd7f951)
		b'[unknown]' (6236fcd7cc48)
		b'[unknown]' (6236fcd78cdd)
		b'[unknown]' (6236fcd6d02c)
		b'[unknown]' (6236fcd65d21)
		b'[unknown]' (6236f8676266)
		b'[unknown]' (6236f8675bab)
		b'[unknown]' (6236f867537a)
		b'[unknown]' (6236f86750a2)
		b'[unknown]' (6236fa6284a3)
		b'[unknown]' (6236fa62c176)
		b'[unknown]' (6236fa3321c9)
		b'[unknown]' (6236fa33dd18)
		b'[unknown]' (6236fa33e46b)
		b'[unknown]' (6236fa33dd70)
		b'[unknown]' (6236fed9754e)
		b'[unknown]' (6236f7ee69ac)
		b'[unknown]' (6236f7ee9125)
		b'[unknown]' (6236f7eec3a0)
		b'[unknown]' (6236f7eed325)
		b'[unknown]' (6236f7eec7be)
		b'[unknown]' (6236f7eec86f)
		b'[unknown]' (6236f7ee8ad5)
		b'[unknown]' (6236f7ee8bc3)
		b'[unknown]' (6236f7ef1105)
		b'[unknown]' (6236f7ee7eb9)
		b'[unknown]' (6236f7ee7f5b)
		b'[unknown]' (6236f7ef3e5e)
		b'[unknown]' (6236f7ef49e5)
		b'[unknown]' (6236f7ef5066)
		b'[unknown]' (6236f7ef5df5)
		b'[unknown]' (6236f7ed7f38)
		b'[unknown]' (6236fea64b8d)
		b'[unknown]' (6236fea65171)
		b'[unknown]' (6236fea651e4)
		b'[unknown]' (6236fea65273)
		b'[unknown]' (6236fea652d7)
		b'[unknown]' (6236fea6581e)
		b'[unknown]' (6236fea65a0e)
		b'[unknown]' (6236fea65aad)
		b'[unknown]' (6236fea65b3b)
		b'[unknown]' (6236fea666ca)
		b'[unknown]' (6236fea6678b)
		b'[unknown]' (6236fea6797d)
		b'[unknown]' (6236f7d88dd2)
		b'[unknown]' (6236fea6b3d9)
		b'[unknown]' (6236fea6c3d5)
		b'[unknown]' (6236fea6b380)
		b'[unknown]' (6236fea6c529)
		b'[unknown]' (6236f7d88dd2)
		b'[unknown]' (6236fee6a91a)
		b'[unknown]' (6236fee67893)
		b'[unknown]' (6236fee6899a)
		b'[unknown]' (6236f8525afc)
		b'[unknown]' (6236fee6d592)
		b'[unknown]' (6236fee6e112)
		b'[unknown]' (6236f8525afc)
		b'[unknown]' (6236fee6d4db)
		b'[unknown]' (7c043a894ac3)

	Not found in mutex_ids. mutex (b'[unknown]') 504dffc3b190 ::: wait time 5375.34us ::: hold time 13361.02us ::: enter count 2188
		b'[unknown]' (6236f9ad3c3a)
		b'[unknown]' (6236f9ad6190)
		b'[unknown]' (6236fee87b95)
		b'[unknown]' (6236fee9b71f)
		b'[unknown]' (6236fee97f34)
		b'[unknown]' (6236fee84a84)
		b'[unknown]' (6236f7dd36a6)
		b'[unknown]' (6236fcd8a808)
		b'[unknown]' (6236fcd8a37b)
		b'[unknown]' (6236f7d9cab7)
		b'[unknown]' (6236f7d862a3)
		b'[unknown]' (6236fcd735cc)
		b'[unknown]' (6236fcd735ec)
		b'[unknown]' (6236fcd73972)
		b'[unknown]' (6236fcd84c9e)
		b'[unknown]' (6236fcd83414)
		b'[unknown]' (6236fcd8163b)
		b'[unknown]' (6236fcd7f951)
		b'[unknown]' (6236fcd7cc48)
		b'[unknown]' (6236fcd78cdd)
		b'[unknown]' (6236fcd6d02c)
		b'[unknown]' (6236fcd65d21)
		b'[unknown]' (6236f8676266)
		b'[unknown]' (6236f8675bab)
		b'[unknown]' (6236f867537a)
		b'[unknown]' (6236f86750a2)
		b'[unknown]' (6236fa6284a3)
		b'[unknown]' (6236fa62c176)
		b'[unknown]' (6236fa3321c9)
		b'[unknown]' (6236fa33dd18)
		b'[unknown]' (6236fa33e46b)
		b'[unknown]' (6236fa33dd70)
		b'[unknown]' (6236fed9754e)
		b'[unknown]' (6236f7ee69ac)
		b'[unknown]' (6236f7ee9125)
		b'[unknown]' (6236f7eec3a0)
		b'[unknown]' (6236f7eed325)
		b'[unknown]' (6236f7eec7be)
		b'[unknown]' (6236f7eec86f)
		b'[unknown]' (6236f7ee8ad5)
		b'[unknown]' (6236f7ee8bc3)
		b'[unknown]' (6236f7ef1105)
		b'[unknown]' (6236f7ee7eb9)
		b'[unknown]' (6236f7ee7f5b)
		b'[unknown]' (6236f7ef3e5e)
		b'[unknown]' (6236f7ef49e5)
		b'[unknown]' (6236f7ef5066)
		b'[unknown]' (6236f7ef5df5)
		b'[unknown]' (6236f7ed7f38)
		b'[unknown]' (6236fea64b8d)
		b'[unknown]' (6236fea65171)
		b'[unknown]' (6236fea651e4)
		b'[unknown]' (6236fea65273)
		b'[unknown]' (6236fea652d7)
		b'[unknown]' (6236fea6581e)
		b'[unknown]' (6236fea65a0e)
		b'[unknown]' (6236fea65aad)
		b'[unknown]' (6236fea65b3b)
		b'[unknown]' (6236fea666ca)
		b'[unknown]' (6236fea6678b)
		b'[unknown]' (6236fea6797d)
		b'[unknown]' (6236f7d88dd2)
		b'[unknown]' (6236fea6b3d9)
		b'[unknown]' (6236fea6c3d5)
		b'[unknown]' (6236fea6b380)
		b'[unknown]' (6236fea6c529)
		b'[unknown]' (6236f7d88dd2)
		b'[unknown]' (6236fee6a91a)
		b'[unknown]' (6236fee67893)
		b'[unknown]' (6236fee6899a)
		b'[unknown]' (6236f8525afc)
		b'[unknown]' (6236fee6d592)
		b'[unknown]' (6236fee6e112)
		b'[unknown]' (6236f8525afc)
		b'[unknown]' (6236fee6d4db)
		b'[unknown]' (7c043a894ac3)

	Not found in mutex_ids. mutex (b'[unknown]') 504dffc3aa88 ::: wait time 5373.83us ::: hold time 14403.65us ::: enter count 2246
		b'[unknown]' (6236f9ad3c3a)
		b'[unknown]' (6236f9ad6190)
		b'[unknown]' (6236fee87b95)
		b'[unknown]' (6236fee9b71f)
		b'[unknown]' (6236fee97f34)
		b'[unknown]' (6236fee978bb)
		b'[unknown]' (6236fee83f43)
		b'[unknown]' (6236fee83ed8)
		b'[unknown]' (6236f7e894d4)
		b'[unknown]' (6236f7e89385)
		b'[unknown]' (6236f7e892d8)
		b'[unknown]' (6236f7e89298)
		b'[unknown]' (6236fee84aa4)
		b'[unknown]' (6236f7dd36a6)
		b'[unknown]' (6236fcd8a808)
		b'[unknown]' (6236fcd8a37b)
		b'[unknown]' (6236f7d9cab7)
		b'[unknown]' (6236f7d862a3)
		b'[unknown]' (6236fcd735cc)
		b'[unknown]' (6236fcd735ec)
		b'[unknown]' (6236fcd73972)
		b'[unknown]' (6236fcd84c9e)
		b'[unknown]' (6236fcd83414)
		b'[unknown]' (6236fcd8163b)
		b'[unknown]' (6236fcd7f951)
		b'[unknown]' (6236fcd7cc48)
		b'[unknown]' (6236fcd78cdd)
		b'[unknown]' (6236fcd6d02c)
		b'[unknown]' (6236fcd65d21)
		b'[unknown]' (6236f8676266)
		b'[unknown]' (6236f8675bab)
		b'[unknown]' (6236f867537a)
		b'[unknown]' (6236f86750a2)
		b'[unknown]' (6236fa6284a3)
		b'[unknown]' (6236fa62c176)
		b'[unknown]' (6236fa3321c9)
		b'[unknown]' (6236fa33dd18)
		b'[unknown]' (6236fa33e46b)
		b'[unknown]' (6236fa33dd70)
		b'[unknown]' (6236fed9754e)
		b'[unknown]' (6236f7ee69ac)
		b'[unknown]' (6236f7ee9125)
		b'[unknown]' (6236f7eec3a0)
		b'[unknown]' (6236f7eed325)
		b'[unknown]' (6236f7eec7be)
		b'[unknown]' (6236f7eec86f)
		b'[unknown]' (6236f7ee8ad5)
		b'[unknown]' (6236f7ee8bc3)
		b'[unknown]' (6236f7ef1105)
		b'[unknown]' (6236f7ee7eb9)
		b'[unknown]' (6236f7ee7f5b)
		b'[unknown]' (6236f7ef3e5e)
		b'[unknown]' (6236f7ef49e5)
		b'[unknown]' (6236f7ef5066)
		b'[unknown]' (6236f7ef5df5)
		b'[unknown]' (6236f7ed7f38)
		b'[unknown]' (6236fea64b8d)
		b'[unknown]' (6236fea65171)
		b'[unknown]' (6236fea651e4)
		b'[unknown]' (6236fea65273)
		b'[unknown]' (6236fea652d7)
		b'[unknown]' (6236fea6581e)
		b'[unknown]' (6236fea65a0e)
		b'[unknown]' (6236fea65aad)
		b'[unknown]' (6236fea65b3b)
		b'[unknown]' (6236fea666ca)
		b'[unknown]' (6236fea6678b)
		b'[unknown]' (6236fea6797d)
		b'[unknown]' (6236f7d88dd2)
		b'[unknown]' (6236fea6b3d9)
		b'[unknown]' (6236fea6c3d5)
		b'[unknown]' (6236fea6b380)
		b'[unknown]' (6236fea6c529)
		b'[unknown]' (6236f7d88dd2)
		b'[unknown]' (6236fee6a91a)
		b'[unknown]' (6236fee67893)
		b'[unknown]' (6236fee6899a)
		b'[unknown]' (6236f8525afc)
		b'[unknown]' (6236fee6d592)
		b'[unknown]' (6236fee6e112)
		b'[unknown]' (6236f8525afc)
		b'[unknown]' (6236fee6d4db)
		b'[unknown]' (7c043a894ac3)

	Not found in mutex_ids. mutex (b'[unknown]') 504dffc3ac38 ::: wait time 5366.86us ::: hold time 14227.99us ::: enter count 2235
		b'[unknown]' (6236f9ad3c3a)
		b'[unknown]' (6236f9ad6190)
		b'[unknown]' (6236fee87b95)
		b'[unknown]' (6236fee9b71f)
		b'[unknown]' (6236fee97f34)
		b'[unknown]' (6236fee83f09)
		b'[unknown]' (6236f7e894d4)
		b'[unknown]' (6236f7e89385)
		b'[unknown]' (6236f7e892d8)
		b'[unknown]' (6236f7e89298)
		b'[unknown]' (6236fee84aa4)
		b'[unknown]' (6236f7dd36a6)
		b'[unknown]' (6236fcd8a808)
		b'[unknown]' (6236fcd8a37b)
		b'[unknown]' (6236f7d9cab7)
		b'[unknown]' (6236f7d862a3)
		b'[unknown]' (6236fcd735cc)
		b'[unknown]' (6236fcd735ec)
		b'[unknown]' (6236fcd73972)
		b'[unknown]' (6236fcd84c9e)
		b'[unknown]' (6236fcd83414)
		b'[unknown]' (6236fcd8163b)
		b'[unknown]' (6236fcd7f951)
		b'[unknown]' (6236fcd7cc48)
		b'[unknown]' (6236fcd78cdd)
		b'[unknown]' (6236fcd6d02c)
		b'[unknown]' (6236fcd65d21)
		b'[unknown]' (6236f8676266)
		b'[unknown]' (6236f8675bab)
		b'[unknown]' (6236f867537a)
		b'[unknown]' (6236f86750a2)
		b'[unknown]' (6236fa6284a3)
		b'[unknown]' (6236fa62c176)
		b'[unknown]' (6236fa3321c9)
		b'[unknown]' (6236fa33dd18)
		b'[unknown]' (6236fa33e46b)
		b'[unknown]' (6236fa33dd70)
		b'[unknown]' (6236fed9754e)
		b'[unknown]' (6236f7ee69ac)
		b'[unknown]' (6236f7ee9125)
		b'[unknown]' (6236f7eec3a0)
		b'[unknown]' (6236f7eed325)
		b'[unknown]' (6236f7eec7be)
		b'[unknown]' (6236f7eec86f)
		b'[unknown]' (6236f7ee8ad5)
		b'[unknown]' (6236f7ee8bc3)
		b'[unknown]' (6236f7ef1105)
		b'[unknown]' (6236f7ee7eb9)
		b'[unknown]' (6236f7ee7f5b)
		b'[unknown]' (6236f7ef3e5e)
		b'[unknown]' (6236f7ef49e5)
		b'[unknown]' (6236f7ef5066)
		b'[unknown]' (6236f7ef5df5)
		b'[unknown]' (6236f7ed7f38)
		b'[unknown]' (6236fea64b8d)
		b'[unknown]' (6236fea65171)
		b'[unknown]' (6236fea651e4)
		b'[unknown]' (6236fea65273)
		b'[unknown]' (6236fea652d7)
		b'[unknown]' (6236fea6581e)
		b'[unknown]' (6236fea65a0e)
		b'[unknown]' (6236fea65aad)
		b'[unknown]' (6236fea65b3b)
		b'[unknown]' (6236fea666ca)
		b'[unknown]' (6236fea6678b)
		b'[unknown]' (6236fea6797d)
		b'[unknown]' (6236f7d88dd2)
		b'[unknown]' (6236fea6b3d9)
		b'[unknown]' (6236fea6c3d5)
		b'[unknown]' (6236fea6b380)
		b'[unknown]' (6236fea6c529)
		b'[unknown]' (6236f7d88dd2)
		b'[unknown]' (6236fee6a91a)
		b'[unknown]' (6236fee67893)
		b'[unknown]' (6236fee6899a)
		b'[unknown]' (6236f8525afc)
		b'[unknown]' (6236fee6d592)
		b'[unknown]' (6236fee6e112)
		b'[unknown]' (6236f8525afc)
		b'[unknown]' (6236fee6d4db)
		b'[unknown]' (7c043a894ac3)

	Not found in mutex_ids. mutex (b'[unknown]') 504dffc3ac38 ::: wait time 5365.02us ::: hold time 14376.49us ::: enter count 2235
		b'[unknown]' (6236f9ad3c3a)
		b'[unknown]' (6236f9ad6190)
		b'[unknown]' (6236fee87b95)
		b'[unknown]' (6236fee9b71f)
		b'[unknown]' (6236fee97f34)
		b'[unknown]' (6236fee978bb)
		b'[unknown]' (6236fee83f43)
		b'[unknown]' (6236fee83ed8)
		b'[unknown]' (6236f7e894d4)
		b'[unknown]' (6236f7e89385)
		b'[unknown]' (6236f7e892d8)
		b'[unknown]' (6236f7e89298)
		b'[unknown]' (6236fee84aa4)
		b'[unknown]' (6236f7dd36a6)
		b'[unknown]' (6236fcd8a808)
		b'[unknown]' (6236fcd8a37b)
		b'[unknown]' (6236f7d9cab7)
		b'[unknown]' (6236f7d862a3)
		b'[unknown]' (6236fcd735cc)
		b'[unknown]' (6236fcd735ec)
		b'[unknown]' (6236fcd73972)
		b'[unknown]' (6236fcd84c9e)
		b'[unknown]' (6236fcd83414)
		b'[unknown]' (6236fcd8163b)
		b'[unknown]' (6236fcd7f951)
		b'[unknown]' (6236fcd7cc48)
		b'[unknown]' (6236fcd78cdd)
		b'[unknown]' (6236fcd6d02c)
		b'[unknown]' (6236fcd65d21)
		b'[unknown]' (6236f8676266)
		b'[unknown]' (6236f8675bab)
		b'[unknown]' (6236f867537a)
		b'[unknown]' (6236f86750a2)
		b'[unknown]' (6236fa6284a3)
		b'[unknown]' (6236fa62c176)
		b'[unknown]' (6236fa3321c9)
		b'[unknown]' (6236fa33dd18)
		b'[unknown]' (6236fa33e46b)
		b'[unknown]' (6236fa33dd70)
		b'[unknown]' (6236fed9754e)
		b'[unknown]' (6236f7ee69ac)
		b'[unknown]' (6236f7ee9125)
		b'[unknown]' (6236f7eec3a0)
		b'[unknown]' (6236f7eed325)
		b'[unknown]' (6236f7eec7be)
		b'[unknown]' (6236f7eec86f)
		b'[unknown]' (6236f7ee8ad5)
		b'[unknown]' (6236f7ee8bc3)
		b'[unknown]' (6236f7ef1105)
		b'[unknown]' (6236f7ee7eb9)
		b'[unknown]' (6236f7ee7f5b)
		b'[unknown]' (6236f7ef3e5e)
		b'[unknown]' (6236f7ef49e5)
		b'[unknown]' (6236f7ef5066)
		b'[unknown]' (6236f7ef5df5)
		b'[unknown]' (6236f7ed7f38)
		b'[unknown]' (6236fea64b8d)
		b'[unknown]' (6236fea65171)
		b'[unknown]' (6236fea651e4)
		b'[unknown]' (6236fea65273)
		b'[unknown]' (6236fea652d7)
		b'[unknown]' (6236fea6581e)
		b'[unknown]' (6236fea65a0e)
		b'[unknown]' (6236fea65aad)
		b'[unknown]' (6236fea65b3b)
		b'[unknown]' (6236fea666ca)
		b'[unknown]' (6236fea6678b)
		b'[unknown]' (6236fea6797d)
		b'[unknown]' (6236f7d88dd2)
		b'[unknown]' (6236fea6b3d9)
		b'[unknown]' (6236fea6c3d5)
		b'[unknown]' (6236fea6b380)
		b'[unknown]' (6236fea6c529)
		b'[unknown]' (6236f7d88dd2)
		b'[unknown]' (6236fee6a91a)
		b'[unknown]' (6236fee67893)
		b'[unknown]' (6236fee6899a)
		b'[unknown]' (6236f8525afc)
		b'[unknown]' (6236fee6d592)
		b'[unknown]' (6236fee6e112)
		b'[unknown]' (6236f8525afc)
		b'[unknown]' (6236fee6d4db)
		b'[unknown]' (7c043a894ac3)

	Not found in mutex_ids. mutex (b'[unknown]') 504dffc3ac38 ::: wait time 5363.58us ::: hold time 14112.88us ::: enter count 2235
		b'[unknown]' (6236f9ad3c3a)
		b'[unknown]' (6236f9ad6190)
		b'[unknown]' (6236fee87859)
		b'[unknown]' (6236fee9a513)
		b'[unknown]' (6236fee97c33)
		b'[unknown]' (6236fee84be4)
		b'[unknown]' (6236fcd7dc8e)
		b'[unknown]' (6236fcd79c33)
		b'[unknown]' (6236fcd762bd)
		b'[unknown]' (6236fcd6897e)
		b'[unknown]' (6236fcd66c41)
		b'[unknown]' (6236fcd666bd)
		b'[unknown]' (6236fa627325)
		b'[unknown]' (6236fa62808a)
		b'[unknown]' (6236fa62c176)
		b'[unknown]' (6236fa3321c9)
		b'[unknown]' (6236fa33dd18)
		b'[unknown]' (6236fa33e46b)
		b'[unknown]' (6236fa33dd70)
		b'[unknown]' (6236fed9754e)
		b'[unknown]' (6236f7ee69ac)
		b'[unknown]' (6236f7ee9125)
		b'[unknown]' (6236f7eec3a0)
		b'[unknown]' (6236f7eed325)
		b'[unknown]' (6236f7eec7be)
		b'[unknown]' (6236f7eec86f)
		b'[unknown]' (6236f7ee8ad5)
		b'[unknown]' (6236f7ee8bc3)
		b'[unknown]' (6236f7ef1105)
		b'[unknown]' (6236f7ee7eb9)
		b'[unknown]' (6236f7ee7f5b)
		b'[unknown]' (6236f7ef3e5e)
		b'[unknown]' (6236f7ef49e5)
		b'[unknown]' (6236f7ef5066)
		b'[unknown]' (6236f7ef5df5)
		b'[unknown]' (6236f7ed7f38)
		b'[unknown]' (6236fea64b8d)
		b'[unknown]' (6236fea65171)
		b'[unknown]' (6236fea651e4)
		b'[unknown]' (6236fea65273)
		b'[unknown]' (6236fea652d7)
		b'[unknown]' (6236fea6581e)
		b'[unknown]' (6236fea65a0e)
		b'[unknown]' (6236fea65aad)
		b'[unknown]' (6236fea65b3b)
		b'[unknown]' (6236fea666ca)
		b'[unknown]' (6236fea6678b)
		b'[unknown]' (6236fea6797d)
		b'[unknown]' (6236f7d88dd2)
		b'[unknown]' (6236fea6b3d9)
		b'[unknown]' (6236fea6c3d5)
		b'[unknown]' (6236fea6b380)
		b'[unknown]' (6236fea6c529)
		b'[unknown]' (6236f7d88dd2)
		b'[unknown]' (6236fee6a91a)
		b'[unknown]' (6236fee67893)
		b'[unknown]' (6236fee6899a)
		b'[unknown]' (6236f8525afc)
		b'[unknown]' (6236fee6d592)
		b'[unknown]' (6236fee6e112)
		b'[unknown]' (6236f8525afc)
		b'[unknown]' (6236fee6d4db)
		b'[unknown]' (7c043a894ac3)

	Not found in mutex_ids. mutex (b'[unknown]') 504dffc3af98 ::: wait time 5362.05us ::: hold time 13374.30us ::: enter count 2196
		b'[unknown]' (6236f9ad3c3a)
		b'[unknown]' (6236f9ad6190)
		b'[unknown]' (6236fee87b95)
		b'[unknown]' (6236fee9b71f)
		b'[unknown]' (6236fee97f34)
		b'[unknown]' (6236fee84a84)
		b'[unknown]' (6236f7dd36a6)
		b'[unknown]' (6236fcd8a808)
		b'[unknown]' (6236fcd8a37b)
		b'[unknown]' (6236f7d9cab7)
		b'[unknown]' (6236f7d862a3)
		b'[unknown]' (6236fcd735cc)
		b'[unknown]' (6236fcd735ec)
		b'[unknown]' (6236fcd73972)
		b'[unknown]' (6236fcd84c9e)
		b'[unknown]' (6236fcd83414)
		b'[unknown]' (6236fcd8163b)
		b'[unknown]' (6236fcd7f951)
		b'[unknown]' (6236fcd7cc48)
		b'[unknown]' (6236fcd78cdd)
		b'[unknown]' (6236fcd6d02c)
		b'[unknown]' (6236fcd65d21)
		b'[unknown]' (6236f8676266)
		b'[unknown]' (6236f8675bab)
		b'[unknown]' (6236f867537a)
		b'[unknown]' (6236f86750a2)
		b'[unknown]' (6236fa6284a3)
		b'[unknown]' (6236fa62c176)
		b'[unknown]' (6236fa3321c9)
		b'[unknown]' (6236fa33dd18)
		b'[unknown]' (6236fa33e46b)
		b'[unknown]' (6236fa33dd70)
		b'[unknown]' (6236fed9754e)
		b'[unknown]' (6236f7ee69ac)
		b'[unknown]' (6236f7ee9125)
		b'[unknown]' (6236f7eec3a0)
		b'[unknown]' (6236f7eed325)
		b'[unknown]' (6236f7eec7be)
		b'[unknown]' (6236f7eec86f)
		b'[unknown]' (6236f7ee8ad5)
		b'[unknown]' (6236f7ee8bc3)
		b'[unknown]' (6236f7ef1105)
		b'[unknown]' (6236f7ee7eb9)
		b'[unknown]' (6236f7ee7f5b)
		b'[unknown]' (6236f7ef3e5e)
		b'[unknown]' (6236f7ef49e5)
		b'[unknown]' (6236f7ef5066)
		b'[unknown]' (6236f7ef5df5)
		b'[unknown]' (6236f7ed7f38)
		b'[unknown]' (6236fea64b8d)
		b'[unknown]' (6236fea65171)
		b'[unknown]' (6236fea651e4)
		b'[unknown]' (6236fea65273)
		b'[unknown]' (6236fea652d7)
		b'[unknown]' (6236fea6581e)
		b'[unknown]' (6236fea65a0e)
		b'[unknown]' (6236fea65aad)
		b'[unknown]' (6236fea65b3b)
		b'[unknown]' (6236fea666ca)
		b'[unknown]' (6236fea6678b)
		b'[unknown]' (6236fea6797d)
		b'[unknown]' (6236f7d88dd2)
		b'[unknown]' (6236fea6b3d9)
		b'[unknown]' (6236fea6c3d5)
		b'[unknown]' (6236fea6b380)
		b'[unknown]' (6236fea6c529)
		b'[unknown]' (6236f7d88dd2)
		b'[unknown]' (6236fee6a91a)
		b'[unknown]' (6236fee67893)
		b'[unknown]' (6236fee6899a)
		b'[unknown]' (6236f8525afc)
		b'[unknown]' (6236fee6d592)
		b'[unknown]' (6236fee6e112)
		b'[unknown]' (6236f8525afc)
		b'[unknown]' (6236fee6d4db)
		b'[unknown]' (7c043a894ac3)

	Not found in mutex_ids. mutex (b'[unknown]') 504dffc3b100 ::: wait time 5356.46us ::: hold time 13965.99us ::: enter count 2252
		b'[unknown]' (6236f9ad3c3a)
		b'[unknown]' (6236f9ad6190)
		b'[unknown]' (6236fee87b95)
		b'[unknown]' (6236fee9b71f)
		b'[unknown]' (6236fee97f34)
		b'[unknown]' (6236fee83f09)
		b'[unknown]' (6236f7e894d4)
		b'[unknown]' (6236f7e89385)
		b'[unknown]' (6236f7e892d8)
		b'[unknown]' (6236f7e89298)
		b'[unknown]' (6236fee84aa4)
		b'[unknown]' (6236f7dd36a6)
		b'[unknown]' (6236fcd8a808)
		b'[unknown]' (6236fcd8a37b)
		b'[unknown]' (6236f7d9cab7)
		b'[unknown]' (6236f7d862a3)
		b'[unknown]' (6236fcd735cc)
		b'[unknown]' (6236fcd735ec)
		b'[unknown]' (6236fcd73972)
		b'[unknown]' (6236fcd84c9e)
		b'[unknown]' (6236fcd83414)
		b'[unknown]' (6236fcd8163b)
		b'[unknown]' (6236fcd7f951)
		b'[unknown]' (6236fcd7cc48)
		b'[unknown]' (6236fcd78cdd)
		b'[unknown]' (6236fcd6d02c)
		b'[unknown]' (6236fcd65d21)
		b'[unknown]' (6236f8676266)
		b'[unknown]' (6236f8675bab)
		b'[unknown]' (6236f867537a)
		b'[unknown]' (6236f86750a2)
		b'[unknown]' (6236fa6284a3)
		b'[unknown]' (6236fa62c176)
		b'[unknown]' (6236fa3321c9)
		b'[unknown]' (6236fa33dd18)
		b'[unknown]' (6236fa33e46b)
		b'[unknown]' (6236fa33dd70)
		b'[unknown]' (6236fed9754e)
		b'[unknown]' (6236f7ee69ac)
		b'[unknown]' (6236f7ee9125)
		b'[unknown]' (6236f7eec3a0)
		b'[unknown]' (6236f7eed325)
		b'[unknown]' (6236f7eec7be)
		b'[unknown]' (6236f7eec86f)
		b'[unknown]' (6236f7ee8ad5)
		b'[unknown]' (6236f7ee8bc3)
		b'[unknown]' (6236f7ef1105)
		b'[unknown]' (6236f7ee7eb9)
		b'[unknown]' (6236f7ee7f5b)
		b'[unknown]' (6236f7ef3e5e)
		b'[unknown]' (6236f7ef49e5)
		b'[unknown]' (6236f7ef5066)
		b'[unknown]' (6236f7ef5df5)
		b'[unknown]' (6236f7ed7f38)
		b'[unknown]' (6236fea64b8d)
		b'[unknown]' (6236fea65171)
		b'[unknown]' (6236fea651e4)
		b'[unknown]' (6236fea65273)
		b'[unknown]' (6236fea652d7)
		b'[unknown]' (6236fea6581e)
		b'[unknown]' (6236fea65a0e)
		b'[unknown]' (6236fea65aad)
		b'[unknown]' (6236fea65b3b)
		b'[unknown]' (6236fea666ca)
		b'[unknown]' (6236fea6678b)
		b'[unknown]' (6236fea6797d)
		b'[unknown]' (6236f7d88dd2)
		b'[unknown]' (6236fea6b3d9)
		b'[unknown]' (6236fea6c3d5)
		b'[unknown]' (6236fea6b380)
		b'[unknown]' (6236fea6c529)
		b'[unknown]' (6236f7d88dd2)
		b'[unknown]' (6236fee6a91a)
		b'[unknown]' (6236fee67893)
		b'[unknown]' (6236fee6899a)
		b'[unknown]' (6236f8525afc)
		b'[unknown]' (6236fee6d592)
		b'[unknown]' (6236fee6e112)
		b'[unknown]' (6236f8525afc)
		b'[unknown]' (6236fee6d4db)
		b'[unknown]' (7c043a894ac3)

	Not found in mutex_ids. mutex (b'[unknown]') 504dffc3af98 ::: wait time 5354.62us ::: hold time 14046.37us ::: enter count 2196
		b'[unknown]' (6236f9ad3c3a)
		b'[unknown]' (6236f9ad6190)
		b'[unknown]' (6236fee87859)
		b'[unknown]' (6236fee9a513)
		b'[unknown]' (6236fee97c33)
		b'[unknown]' (6236fee84be4)
		b'[unknown]' (6236fcd7dc8e)
		b'[unknown]' (6236fcd79c33)
		b'[unknown]' (6236fcd762bd)
		b'[unknown]' (6236fcd6897e)
		b'[unknown]' (6236fcd66c41)
		b'[unknown]' (6236fcd666bd)
		b'[unknown]' (6236fa627325)
		b'[unknown]' (6236fa62808a)
		b'[unknown]' (6236fa62c176)
		b'[unknown]' (6236fa3321c9)
		b'[unknown]' (6236fa33dd18)
		b'[unknown]' (6236fa33e46b)
		b'[unknown]' (6236fa33dd70)
		b'[unknown]' (6236fed9754e)
		b'[unknown]' (6236f7ee69ac)
		b'[unknown]' (6236f7ee9125)
		b'[unknown]' (6236f7eec3a0)
		b'[unknown]' (6236f7eed325)
		b'[unknown]' (6236f7eec7be)
		b'[unknown]' (6236f7eec86f)
		b'[unknown]' (6236f7ee8ad5)
		b'[unknown]' (6236f7ee8bc3)
		b'[unknown]' (6236f7ef1105)
		b'[unknown]' (6236f7ee7eb9)
		b'[unknown]' (6236f7ee7f5b)
		b'[unknown]' (6236f7ef3e5e)
		b'[unknown]' (6236f7ef49e5)
		b'[unknown]' (6236f7ef5066)
		b'[unknown]' (6236f7ef5df5)
		b'[unknown]' (6236f7ed7f38)
		b'[unknown]' (6236fea64b8d)
		b'[unknown]' (6236fea65171)
		b'[unknown]' (6236fea651e4)
		b'[unknown]' (6236fea65273)
		b'[unknown]' (6236fea652d7)
		b'[unknown]' (6236fea6581e)
		b'[unknown]' (6236fea65a0e)
		b'[unknown]' (6236fea65aad)
		b'[unknown]' (6236fea65b3b)
		b'[unknown]' (6236fea666ca)
		b'[unknown]' (6236fea6678b)
		b'[unknown]' (6236fea6797d)
		b'[unknown]' (6236f7d88dd2)
		b'[unknown]' (6236fea6b3d9)
		b'[unknown]' (6236fea6c3d5)
		b'[unknown]' (6236fea6b380)
		b'[unknown]' (6236fea6c529)
		b'[unknown]' (6236f7d88dd2)
		b'[unknown]' (6236fee6a91a)
		b'[unknown]' (6236fee67893)
		b'[unknown]' (6236fee6899a)
		b'[unknown]' (6236f8525afc)
		b'[unknown]' (6236fee6d592)
		b'[unknown]' (6236fee6e112)
		b'[unknown]' (6236f8525afc)
		b'[unknown]' (6236fee6d4db)
		b'[unknown]' (7c043a894ac3)

	Not found in mutex_ids. mutex (b'[unknown]') 504dffc3b2f8 ::: wait time 5354.48us ::: hold time 13746.75us ::: enter count 2214
		b'[unknown]' (6236f9ad3c3a)
		b'[unknown]' (6236f9ad6190)
		b'[unknown]' (6236fee87859)
		b'[unknown]' (6236fee9a513)
		b'[unknown]' (6236fee97c33)
		b'[unknown]' (6236fee84be4)
		b'[unknown]' (6236fcd7dc8e)
		b'[unknown]' (6236fcd79c33)
		b'[unknown]' (6236fcd762bd)
		b'[unknown]' (6236fcd6897e)
		b'[unknown]' (6236fcd66c41)
		b'[unknown]' (6236fcd666bd)
		b'[unknown]' (6236fa627325)
		b'[unknown]' (6236fa62808a)
		b'[unknown]' (6236fa62c176)
		b'[unknown]' (6236fa3321c9)
		b'[unknown]' (6236fa33dd18)
		b'[unknown]' (6236fa33e46b)
		b'[unknown]' (6236fa33dd70)
		b'[unknown]' (6236fed9754e)
		b'[unknown]' (6236f7ee69ac)
		b'[unknown]' (6236f7ee9125)
		b'[unknown]' (6236f7eec3a0)
		b'[unknown]' (6236f7eed325)
		b'[unknown]' (6236f7eec7be)
		b'[unknown]' (6236f7eec86f)
		b'[unknown]' (6236f7ee8ad5)
		b'[unknown]' (6236f7ee8bc3)
		b'[unknown]' (6236f7ef1105)
		b'[unknown]' (6236f7ee7eb9)
		b'[unknown]' (6236f7ee7f5b)
		b'[unknown]' (6236f7ef3e5e)
		b'[unknown]' (6236f7ef49e5)
		b'[unknown]' (6236f7ef5066)
		b'[unknown]' (6236f7ef5df5)
		b'[unknown]' (6236f7ed7f38)
		b'[unknown]' (6236fea64b8d)
		b'[unknown]' (6236fea65171)
		b'[unknown]' (6236fea651e4)
		b'[unknown]' (6236fea65273)
		b'[unknown]' (6236fea652d7)
		b'[unknown]' (6236fea6581e)
		b'[unknown]' (6236fea65a0e)
		b'[unknown]' (6236fea65aad)
		b'[unknown]' (6236fea65b3b)
		b'[unknown]' (6236fea666ca)
		b'[unknown]' (6236fea6678b)
		b'[unknown]' (6236fea6797d)
		b'[unknown]' (6236f7d88dd2)
		b'[unknown]' (6236fea6b3d9)
		b'[unknown]' (6236fea6c3d5)
		b'[unknown]' (6236fea6b380)
		b'[unknown]' (6236fea6c529)
		b'[unknown]' (6236f7d88dd2)
		b'[unknown]' (6236fee6a91a)
		b'[unknown]' (6236fee67893)
		b'[unknown]' (6236fee6899a)
		b'[unknown]' (6236f8525afc)
		b'[unknown]' (6236fee6d592)
		b'[unknown]' (6236fee6e112)
		b'[unknown]' (6236f8525afc)
		b'[unknown]' (6236fee6d4db)
		b'[unknown]' (7c043a894ac3)

	Not found in mutex_ids. mutex (b'[unknown]') 504dffc3af08 ::: wait time 5353.04us ::: hold time 14017.23us ::: enter count 2227
		b'[unknown]' (6236f9ad3c3a)
		b'[unknown]' (6236f9ad6190)
		b'[unknown]' (6236fee87859)
		b'[unknown]' (6236fee9a513)
		b'[unknown]' (6236fee97c33)
		b'[unknown]' (6236fee84be4)
		b'[unknown]' (6236fcd7dc8e)
		b'[unknown]' (6236fcd79c33)
		b'[unknown]' (6236fcd762bd)
		b'[unknown]' (6236fcd6897e)
		b'[unknown]' (6236fcd66c41)
		b'[unknown]' (6236fcd666bd)
		b'[unknown]' (6236fa627325)
		b'[unknown]' (6236fa62808a)
		b'[unknown]' (6236fa62c176)
		b'[unknown]' (6236fa3321c9)
		b'[unknown]' (6236fa33dd18)
		b'[unknown]' (6236fa33e46b)
		b'[unknown]' (6236fa33dd70)
		b'[unknown]' (6236fed9754e)
		b'[unknown]' (6236f7ee69ac)
		b'[unknown]' (6236f7ee9125)
		b'[unknown]' (6236f7eec3a0)
		b'[unknown]' (6236f7eed325)
		b'[unknown]' (6236f7eec7be)
		b'[unknown]' (6236f7eec86f)
		b'[unknown]' (6236f7ee8ad5)
		b'[unknown]' (6236f7ee8bc3)
		b'[unknown]' (6236f7ef1105)
		b'[unknown]' (6236f7ee7eb9)
		b'[unknown]' (6236f7ee7f5b)
		b'[unknown]' (6236f7ef3e5e)
		b'[unknown]' (6236f7ef49e5)
		b'[unknown]' (6236f7ef5066)
		b'[unknown]' (6236f7ef5df5)
		b'[unknown]' (6236f7ed7f38)
		b'[unknown]' (6236fea64b8d)
		b'[unknown]' (6236fea65171)
		b'[unknown]' (6236fea651e4)
		b'[unknown]' (6236fea65273)
		b'[unknown]' (6236fea652d7)
		b'[unknown]' (6236fea6581e)
		b'[unknown]' (6236fea65a0e)
		b'[unknown]' (6236fea65aad)
		b'[unknown]' (6236fea65b3b)
		b'[unknown]' (6236fea666ca)
		b'[unknown]' (6236fea6678b)
		b'[unknown]' (6236fea6797d)
		b'[unknown]' (6236f7d88dd2)
		b'[unknown]' (6236fea6b3d9)
		b'[unknown]' (6236fea6c3d5)
		b'[unknown]' (6236fea6b380)
		b'[unknown]' (6236fea6c529)
		b'[unknown]' (6236f7d88dd2)
		b'[unknown]' (6236fee6a91a)
		b'[unknown]' (6236fee67893)
		b'[unknown]' (6236fee6899a)
		b'[unknown]' (6236f8525afc)
		b'[unknown]' (6236fee6d592)
		b'[unknown]' (6236fee6e112)
		b'[unknown]' (6236f8525afc)
		b'[unknown]' (6236fee6d4db)
		b'[unknown]' (7c043a894ac3)

	Not found in mutex_ids. mutex (b'[unknown]') 504dffc3b148 ::: wait time 5350.56us ::: hold time 14287.46us ::: enter count 2251
		b'[unknown]' (6236f9ad3c3a)
		b'[unknown]' (6236f9ad6190)
		b'[unknown]' (6236fee87b95)
		b'[unknown]' (6236fee9b71f)
		b'[unknown]' (6236fee97f34)
		b'[unknown]' (6236fee978bb)
		b'[unknown]' (6236fee83f43)
		b'[unknown]' (6236fee83ed8)
		b'[unknown]' (6236f7e894d4)
		b'[unknown]' (6236f7e89385)
		b'[unknown]' (6236f7e892d8)
		b'[unknown]' (6236f7e89298)
		b'[unknown]' (6236fee84aa4)
		b'[unknown]' (6236f7dd36a6)
		b'[unknown]' (6236fcd8a808)
		b'[unknown]' (6236fcd8a37b)
		b'[unknown]' (6236f7d9cab7)
		b'[unknown]' (6236f7d862a3)
		b'[unknown]' (6236fcd735cc)
		b'[unknown]' (6236fcd735ec)
		b'[unknown]' (6236fcd73972)
		b'[unknown]' (6236fcd84c9e)
		b'[unknown]' (6236fcd83414)
		b'[unknown]' (6236fcd8163b)
		b'[unknown]' (6236fcd7f951)
		b'[unknown]' (6236fcd7cc48)
		b'[unknown]' (6236fcd78cdd)
		b'[unknown]' (6236fcd6d02c)
		b'[unknown]' (6236fcd65d21)
		b'[unknown]' (6236f8676266)
		b'[unknown]' (6236f8675bab)
		b'[unknown]' (6236f867537a)
		b'[unknown]' (6236f86750a2)
		b'[unknown]' (6236fa6284a3)
		b'[unknown]' (6236fa62c176)
		b'[unknown]' (6236fa3321c9)
		b'[unknown]' (6236fa33dd18)
		b'[unknown]' (6236fa33e46b)
		b'[unknown]' (6236fa33dd70)
		b'[unknown]' (6236fed9754e)
		b'[unknown]' (6236f7ee69ac)
		b'[unknown]' (6236f7ee9125)
		b'[unknown]' (6236f7eec3a0)
		b'[unknown]' (6236f7eed325)
		b'[unknown]' (6236f7eec7be)
		b'[unknown]' (6236f7eec86f)
		b'[unknown]' (6236f7ee8ad5)
		b'[unknown]' (6236f7ee8bc3)
		b'[unknown]' (6236f7ef1105)
		b'[unknown]' (6236f7ee7eb9)
		b'[unknown]' (6236f7ee7f5b)
		b'[unknown]' (6236f7ef3e5e)
		b'[unknown]' (6236f7ef49e5)
		b'[unknown]' (6236f7ef5066)
		b'[unknown]' (6236f7ef5df5)
		b'[unknown]' (6236f7ed7f38)
		b'[unknown]' (6236fea64b8d)
		b'[unknown]' (6236fea65171)
		b'[unknown]' (6236fea651e4)
		b'[unknown]' (6236fea65273)
		b'[unknown]' (6236fea652d7)
		b'[unknown]' (6236fea6581e)
		b'[unknown]' (6236fea65a0e)
		b'[unknown]' (6236fea65aad)
		b'[unknown]' (6236fea65b3b)
		b'[unknown]' (6236fea666ca)
		b'[unknown]' (6236fea6678b)
		b'[unknown]' (6236fea6797d)
		b'[unknown]' (6236f7d88dd2)
		b'[unknown]' (6236fea6b3d9)
		b'[unknown]' (6236fea6c3d5)
		b'[unknown]' (6236fea6b380)
		b'[unknown]' (6236fea6c529)
		b'[unknown]' (6236f7d88dd2)
		b'[unknown]' (6236fee6a91a)
		b'[unknown]' (6236fee67893)
		b'[unknown]' (6236fee6899a)
		b'[unknown]' (6236f8525afc)
		b'[unknown]' (6236fee6d592)
		b'[unknown]' (6236fee6e112)
		b'[unknown]' (6236f8525afc)
		b'[unknown]' (6236fee6d4db)
		b'[unknown]' (7c043a894ac3)

	Not found in mutex_ids. mutex (b'[unknown]') 504dffc3b340 ::: wait time 5341.78us ::: hold time 14237.22us ::: enter count 2239
		b'[unknown]' (6236f9ad3c3a)
		b'[unknown]' (6236f9ad6190)
		b'[unknown]' (6236fee87b95)
		b'[unknown]' (6236fee9b71f)
		b'[unknown]' (6236fee97f34)
		b'[unknown]' (6236fee83f09)
		b'[unknown]' (6236f7e894d4)
		b'[unknown]' (6236f7e89385)
		b'[unknown]' (6236f7e892d8)
		b'[unknown]' (6236f7e89298)
		b'[unknown]' (6236fee84aa4)
		b'[unknown]' (6236f7dd36a6)
		b'[unknown]' (6236fcd8a808)
		b'[unknown]' (6236fcd8a37b)
		b'[unknown]' (6236f7d9cab7)
		b'[unknown]' (6236f7d862a3)
		b'[unknown]' (6236fcd735cc)
		b'[unknown]' (6236fcd735ec)
		b'[unknown]' (6236fcd73972)
		b'[unknown]' (6236fcd84c9e)
		b'[unknown]' (6236fcd83414)
		b'[unknown]' (6236fcd8163b)
		b'[unknown]' (6236fcd7f951)
		b'[unknown]' (6236fcd7cc48)
		b'[unknown]' (6236fcd78cdd)
		b'[unknown]' (6236fcd6d02c)
		b'[unknown]' (6236fcd65d21)
		b'[unknown]' (6236f8676266)
		b'[unknown]' (6236f8675bab)
		b'[unknown]' (6236f867537a)
		b'[unknown]' (6236f86750a2)
		b'[unknown]' (6236fa6284a3)
		b'[unknown]' (6236fa62c176)
		b'[unknown]' (6236fa3321c9)
		b'[unknown]' (6236fa33dd18)
		b'[unknown]' (6236fa33e46b)
		b'[unknown]' (6236fa33dd70)
		b'[unknown]' (6236fed9754e)
		b'[unknown]' (6236f7ee69ac)
		b'[unknown]' (6236f7ee9125)
		b'[unknown]' (6236f7eec3a0)
		b'[unknown]' (6236f7eed325)
		b'[unknown]' (6236f7eec7be)
		b'[unknown]' (6236f7eec86f)
		b'[unknown]' (6236f7ee8ad5)
		b'[unknown]' (6236f7ee8bc3)
		b'[unknown]' (6236f7ef1105)
		b'[unknown]' (6236f7ee7eb9)
		b'[unknown]' (6236f7ee7f5b)
		b'[unknown]' (6236f7ef3e5e)
		b'[unknown]' (6236f7ef49e5)
		b'[unknown]' (6236f7ef5066)
		b'[unknown]' (6236f7ef5df5)
		b'[unknown]' (6236f7ed7f38)
		b'[unknown]' (6236fea64b8d)
		b'[unknown]' (6236fea65171)
		b'[unknown]' (6236fea651e4)
		b'[unknown]' (6236fea65273)
		b'[unknown]' (6236fea652d7)
		b'[unknown]' (6236fea6581e)
		b'[unknown]' (6236fea65a0e)
		b'[unknown]' (6236fea65aad)
		b'[unknown]' (6236fea65b3b)
		b'[unknown]' (6236fea666ca)
		b'[unknown]' (6236fea6678b)
		b'[unknown]' (6236fea6797d)
		b'[unknown]' (6236f7d88dd2)
		b'[unknown]' (6236fea6b3d9)
		b'[unknown]' (6236fea6c3d5)
		b'[unknown]' (6236fea6b380)
		b'[unknown]' (6236fea6c529)
		b'[unknown]' (6236f7d88dd2)
		b'[unknown]' (6236fee6a91a)
		b'[unknown]' (6236fee67893)
		b'[unknown]' (6236fee6899a)
		b'[unknown]' (6236f8525afc)
		b'[unknown]' (6236fee6d592)
		b'[unknown]' (6236fee6e112)
		b'[unknown]' (6236f8525afc)
		b'[unknown]' (6236fee6d4db)
		b'[unknown]' (7c043a894ac3)

	Not found in mutex_ids. mutex (b'[unknown]') 504dffc3b340 ::: wait time 5340.03us ::: hold time 14487.54us ::: enter count 2239
		b'[unknown]' (6236f9ad3c3a)
		b'[unknown]' (6236f9ad6190)
		b'[unknown]' (6236fee87b95)
		b'[unknown]' (6236fee9b71f)
		b'[unknown]' (6236fee97f34)
		b'[unknown]' (6236fee978bb)
		b'[unknown]' (6236fee83f43)
		b'[unknown]' (6236fee83ed8)
		b'[unknown]' (6236f7e894d4)
		b'[unknown]' (6236f7e89385)
		b'[unknown]' (6236f7e892d8)
		b'[unknown]' (6236f7e89298)
		b'[unknown]' (6236fee84aa4)
		b'[unknown]' (6236f7dd36a6)
		b'[unknown]' (6236fcd8a808)
		b'[unknown]' (6236fcd8a37b)
		b'[unknown]' (6236f7d9cab7)
		b'[unknown]' (6236f7d862a3)
		b'[unknown]' (6236fcd735cc)
		b'[unknown]' (6236fcd735ec)
		b'[unknown]' (6236fcd73972)
		b'[unknown]' (6236fcd84c9e)
		b'[unknown]' (6236fcd83414)
		b'[unknown]' (6236fcd8163b)
		b'[unknown]' (6236fcd7f951)
		b'[unknown]' (6236fcd7cc48)
		b'[unknown]' (6236fcd78cdd)
		b'[unknown]' (6236fcd6d02c)
		b'[unknown]' (6236fcd65d21)
		b'[unknown]' (6236f8676266)
		b'[unknown]' (6236f8675bab)
		b'[unknown]' (6236f867537a)
		b'[unknown]' (6236f86750a2)
		b'[unknown]' (6236fa6284a3)
		b'[unknown]' (6236fa62c176)
		b'[unknown]' (6236fa3321c9)
		b'[unknown]' (6236fa33dd18)
		b'[unknown]' (6236fa33e46b)
		b'[unknown]' (6236fa33dd70)
		b'[unknown]' (6236fed9754e)
		b'[unknown]' (6236f7ee69ac)
		b'[unknown]' (6236f7ee9125)
		b'[unknown]' (6236f7eec3a0)
		b'[unknown]' (6236f7eed325)
		b'[unknown]' (6236f7eec7be)
		b'[unknown]' (6236f7eec86f)
		b'[unknown]' (6236f7ee8ad5)
		b'[unknown]' (6236f7ee8bc3)
		b'[unknown]' (6236f7ef1105)
		b'[unknown]' (6236f7ee7eb9)
		b'[unknown]' (6236f7ee7f5b)
		b'[unknown]' (6236f7ef3e5e)
		b'[unknown]' (6236f7ef49e5)
		b'[unknown]' (6236f7ef5066)
		b'[unknown]' (6236f7ef5df5)
		b'[unknown]' (6236f7ed7f38)
		b'[unknown]' (6236fea64b8d)
		b'[unknown]' (6236fea65171)
		b'[unknown]' (6236fea651e4)
		b'[unknown]' (6236fea65273)
		b'[unknown]' (6236fea652d7)
		b'[unknown]' (6236fea6581e)
		b'[unknown]' (6236fea65a0e)
		b'[unknown]' (6236fea65aad)
		b'[unknown]' (6236fea65b3b)
		b'[unknown]' (6236fea666ca)
		b'[unknown]' (6236fea6678b)
		b'[unknown]' (6236fea6797d)
		b'[unknown]' (6236f7d88dd2)
		b'[unknown]' (6236fea6b3d9)
		b'[unknown]' (6236fea6c3d5)
		b'[unknown]' (6236fea6b380)
		b'[unknown]' (6236fea6c529)
		b'[unknown]' (6236f7d88dd2)
		b'[unknown]' (6236fee6a91a)
		b'[unknown]' (6236fee67893)
		b'[unknown]' (6236fee6899a)
		b'[unknown]' (6236f8525afc)
		b'[unknown]' (6236fee6d592)
		b'[unknown]' (6236fee6e112)
		b'[unknown]' (6236f8525afc)
		b'[unknown]' (6236fee6d4db)
		b'[unknown]' (7c043a894ac3)

	Not found in mutex_ids. mutex (b'[unknown]') 504dffc3af08 ::: wait time 5336.88us ::: hold time 14390.76us ::: enter count 2227
		b'[unknown]' (6236f7d776a7)
		b'[unknown]' (6236f7d77cac)
		b'[unknown]' (6236f7d80eca)
		b'[unknown]' (6236feea0bc6)
		b'[unknown]' (6236fee9b7d2)
		b'[unknown]' (6236fee97f34)
		b'[unknown]' (6236fee978bb)
		b'[unknown]' (6236fee83f43)
		b'[unknown]' (6236fee83ed8)
		b'[unknown]' (6236fac87a38)
		b'[unknown]' (6236fac8b826)
		b'[unknown]' (6236fac8ad9f)
		b'[unknown]' (6236fac89edd)
		b'[unknown]' (6236f9568403)
		b'[unknown]' (6236f956697f)
		b'[unknown]' (6236f9567af9)
		b'[unknown]' (6236f95679ea)
		b'[unknown]' (6236f9567743)
		b'[unknown]' (6236f956777d)
		b'[unknown]' (6236f95677ee)
		b'[unknown]' (6236f9568168)
		b'[unknown]' (6236f956812b)
		b'[unknown]' (6236f95680d8)
		b'[unknown]' (6236f95680ac)
		b'[unknown]' (6236f9568090)
		b'[unknown]' (7c043ace62b3)

	Not found in mutex_ids. mutex (b'[unknown]') 504dffc3b190 ::: wait time 5327.74us ::: hold time 13735.37us ::: enter count 2188
		b'[unknown]' (6236f9ad3c3a)
		b'[unknown]' (6236f9ad6190)
		b'[unknown]' (6236fee87859)
		b'[unknown]' (6236fee9a513)
		b'[unknown]' (6236fee97c33)
		b'[unknown]' (6236fee84be4)
		b'[unknown]' (6236fcd7dc8e)
		b'[unknown]' (6236fcd79c33)
		b'[unknown]' (6236fcd762bd)
		b'[unknown]' (6236fcd6897e)
		b'[unknown]' (6236fcd66c41)
		b'[unknown]' (6236fcd666bd)
		b'[unknown]' (6236fa627325)
		b'[unknown]' (6236fa62808a)
		b'[unknown]' (6236fa62c176)
		b'[unknown]' (6236fa3321c9)
		b'[unknown]' (6236fa33dd18)
		b'[unknown]' (6236fa33e46b)
		b'[unknown]' (6236fa33dd70)
		b'[unknown]' (6236fed9754e)
		b'[unknown]' (6236f7ee69ac)
		b'[unknown]' (6236f7ee9125)
		b'[unknown]' (6236f7eec3a0)
		b'[unknown]' (6236f7eed325)
		b'[unknown]' (6236f7eec7be)
		b'[unknown]' (6236f7eec86f)
		b'[unknown]' (6236f7ee8ad5)
		b'[unknown]' (6236f7ee8bc3)
		b'[unknown]' (6236f7ef1105)
		b'[unknown]' (6236f7ee7eb9)
		b'[unknown]' (6236f7ee7f5b)
		b'[unknown]' (6236f7ef3e5e)
		b'[unknown]' (6236f7ef49e5)
		b'[unknown]' (6236f7ef5066)
		b'[unknown]' (6236f7ef5df5)
		b'[unknown]' (6236f7ed7f38)
		b'[unknown]' (6236fea64b8d)
		b'[unknown]' (6236fea65171)
		b'[unknown]' (6236fea651e4)
		b'[unknown]' (6236fea65273)
		b'[unknown]' (6236fea652d7)
		b'[unknown]' (6236fea6581e)
		b'[unknown]' (6236fea65a0e)
		b'[unknown]' (6236fea65aad)
		b'[unknown]' (6236fea65b3b)
		b'[unknown]' (6236fea666ca)
		b'[unknown]' (6236fea6678b)
		b'[unknown]' (6236fea6797d)
		b'[unknown]' (6236f7d88dd2)
		b'[unknown]' (6236fea6b3d9)
		b'[unknown]' (6236fea6c3d5)
		b'[unknown]' (6236fea6b380)
		b'[unknown]' (6236fea6c529)
		b'[unknown]' (6236f7d88dd2)
		b'[unknown]' (6236fee6a91a)
		b'[unknown]' (6236fee67893)
		b'[unknown]' (6236fee6899a)
		b'[unknown]' (6236f8525afc)
		b'[unknown]' (6236fee6d592)
		b'[unknown]' (6236fee6e112)
		b'[unknown]' (6236f8525afc)
		b'[unknown]' (6236fee6d4db)
		b'[unknown]' (7c043a894ac3)

	Not found in mutex_ids. mutex (b'[unknown]') 504dffc3aec0 ::: wait time 5326.40us ::: hold time 14893.30us ::: enter count 2178
		b'[unknown]' (6236f9ad3c3a)
		b'[unknown]' (6236f9ad6190)
		b'[unknown]' (6236fee87859)
		b'[unknown]' (6236fee9a513)
		b'[unknown]' (6236fee977b7)
		b'[unknown]' (6236fee83d5f)
		b'[unknown]' (6236fee83aa6)
		b'[unknown]' (6236fee860ca)
		b'[unknown]' (6236fee85c86)
		b'[unknown]' (6236fee85a16)
		b'[unknown]' (6236fee84742)
		b'[unknown]' (6236fcd85cb0)
		b'[unknown]' (6236fcd85d84)
		b'[unknown]' (6236fcd83f03)
		b'[unknown]' (6236fcd82139)
		b'[unknown]' (6236fcd806c6)
		b'[unknown]' (6236fcd7dbbf)
		b'[unknown]' (6236fcd79bb3)
		b'[unknown]' (6236fcd76206)
		b'[unknown]' (6236fcd68821)
		b'[unknown]' (6236fcd66c41)
		b'[unknown]' (6236fcd666bd)
		b'[unknown]' (6236fa627325)
		b'[unknown]' (6236fa62808a)
		b'[unknown]' (6236fa62c176)
		b'[unknown]' (6236fa3321c9)
		b'[unknown]' (6236fa33dd18)
		b'[unknown]' (6236fa33e46b)
		b'[unknown]' (6236fa33dd70)
		b'[unknown]' (6236fed9754e)
		b'[unknown]' (6236f7ee69ac)
		b'[unknown]' (6236f7ee9125)
		b'[unknown]' (6236f7eec3a0)
		b'[unknown]' (6236f7eed325)
		b'[unknown]' (6236f7eec7be)
		b'[unknown]' (6236f7eec86f)
		b'[unknown]' (6236f7ee8ad5)
		b'[unknown]' (6236f7ee8bc3)
		b'[unknown]' (6236f7ef1105)
		b'[unknown]' (6236f7ee7eb9)
		b'[unknown]' (6236f7ee7f5b)
		b'[unknown]' (6236f7ef3e5e)
		b'[unknown]' (6236f7ef49e5)
		b'[unknown]' (6236f7ef5066)
		b'[unknown]' (6236f7ef5df5)
		b'[unknown]' (6236f7ed7f38)
		b'[unknown]' (6236fea64b8d)
		b'[unknown]' (6236fea65171)
		b'[unknown]' (6236fea651e4)
		b'[unknown]' (6236fea65273)
		b'[unknown]' (6236fea652d7)
		b'[unknown]' (6236fea6581e)
		b'[unknown]' (6236fea65a0e)
		b'[unknown]' (6236fea65aad)
		b'[unknown]' (6236fea65b3b)
		b'[unknown]' (6236fea666ca)
		b'[unknown]' (6236fea6678b)
		b'[unknown]' (6236fea6797d)
		b'[unknown]' (6236f7d88dd2)
		b'[unknown]' (6236fea6b3d9)
		b'[unknown]' (6236fea6c3d5)
		b'[unknown]' (6236fea6b380)
		b'[unknown]' (6236fea6c529)
		b'[unknown]' (6236f7d88dd2)
		b'[unknown]' (6236fee6a91a)
		b'[unknown]' (6236fee67893)
		b'[unknown]' (6236fee6899a)
		b'[unknown]' (6236f8525afc)
		b'[unknown]' (6236fee6d592)
		b'[unknown]' (6236fee6e112)
		b'[unknown]' (6236f8525afc)
		b'[unknown]' (6236fee6d4db)
		b'[unknown]' (7c043a894ac3)

	Not found in mutex_ids. mutex (b'[unknown]') 504dffc3b2f8 ::: wait time 5325.26us ::: hold time 14121.75us ::: enter count 2214
		b'[unknown]' (6236f9ad3c3a)
		b'[unknown]' (6236f9ad6190)
		b'[unknown]' (6236fee87b95)
		b'[unknown]' (6236fee9b71f)
		b'[unknown]' (6236fee97f34)
		b'[unknown]' (6236fee978bb)
		b'[unknown]' (6236fee83f43)
		b'[unknown]' (6236fee83ed8)
		b'[unknown]' (6236f7e894d4)
		b'[unknown]' (6236f7e89385)
		b'[unknown]' (6236f7e892d8)
		b'[unknown]' (6236f7e89298)
		b'[unknown]' (6236fee84aa4)
		b'[unknown]' (6236f7dd36a6)
		b'[unknown]' (6236fcd8a808)
		b'[unknown]' (6236fcd8a37b)
		b'[unknown]' (6236f7d9cab7)
		b'[unknown]' (6236f7d862a3)
		b'[unknown]' (6236fcd735cc)
		b'[unknown]' (6236fcd735ec)
		b'[unknown]' (6236fcd73972)
		b'[unknown]' (6236fcd84c9e)
		b'[unknown]' (6236fcd83414)
		b'[unknown]' (6236fcd8163b)
		b'[unknown]' (6236fcd7f951)
		b'[unknown]' (6236fcd7cc48)
		b'[unknown]' (6236fcd78cdd)
		b'[unknown]' (6236fcd6d02c)
		b'[unknown]' (6236fcd65d21)
		b'[unknown]' (6236f8676266)
		b'[unknown]' (6236f8675bab)
		b'[unknown]' (6236f867537a)
		b'[unknown]' (6236f86750a2)
		b'[unknown]' (6236fa6284a3)
		b'[unknown]' (6236fa62c176)
		b'[unknown]' (6236fa3321c9)
		b'[unknown]' (6236fa33dd18)
		b'[unknown]' (6236fa33e46b)
		b'[unknown]' (6236fa33dd70)
		b'[unknown]' (6236fed9754e)
		b'[unknown]' (6236f7ee69ac)
		b'[unknown]' (6236f7ee9125)
		b'[unknown]' (6236f7eec3a0)
		b'[unknown]' (6236f7eed325)
		b'[unknown]' (6236f7eec7be)
		b'[unknown]' (6236f7eec86f)
		b'[unknown]' (6236f7ee8ad5)
		b'[unknown]' (6236f7ee8bc3)
		b'[unknown]' (6236f7ef1105)
		b'[unknown]' (6236f7ee7eb9)
		b'[unknown]' (6236f7ee7f5b)
		b'[unknown]' (6236f7ef3e5e)
		b'[unknown]' (6236f7ef49e5)
		b'[unknown]' (6236f7ef5066)
		b'[unknown]' (6236f7ef5df5)
		b'[unknown]' (6236f7ed7f38)
		b'[unknown]' (6236fea64b8d)
		b'[unknown]' (6236fea65171)
		b'[unknown]' (6236fea651e4)
		b'[unknown]' (6236fea65273)
		b'[unknown]' (6236fea652d7)
		b'[unknown]' (6236fea6581e)
		b'[unknown]' (6236fea65a0e)
		b'[unknown]' (6236fea65aad)
		b'[unknown]' (6236fea65b3b)
		b'[unknown]' (6236fea666ca)
		b'[unknown]' (6236fea6678b)
		b'[unknown]' (6236fea6797d)
		b'[unknown]' (6236f7d88dd2)
		b'[unknown]' (6236fea6b3d9)
		b'[unknown]' (6236fea6c3d5)
		b'[unknown]' (6236fea6b380)
		b'[unknown]' (6236fea6c529)
		b'[unknown]' (6236f7d88dd2)
		b'[unknown]' (6236fee6a91a)
		b'[unknown]' (6236fee67893)
		b'[unknown]' (6236fee6899a)
		b'[unknown]' (6236f8525afc)
		b'[unknown]' (6236fee6d592)
		b'[unknown]' (6236fee6e112)
		b'[unknown]' (6236f8525afc)
		b'[unknown]' (6236fee6d4db)
		b'[unknown]' (7c043a894ac3)

	Not found in mutex_ids. mutex (b'[unknown]') 504dffc3b2f8 ::: wait time 5323.94us ::: hold time 14291.29us ::: enter count 2214
		b'[unknown]' (6236f7d776a7)
		b'[unknown]' (6236f7d77cac)
		b'[unknown]' (6236f7d80eca)
		b'[unknown]' (6236feea0bc6)
		b'[unknown]' (6236fee9b7d2)
		b'[unknown]' (6236fee97f34)
		b'[unknown]' (6236fee978bb)
		b'[unknown]' (6236fee83f43)
		b'[unknown]' (6236fee83ed8)
		b'[unknown]' (6236fac87a38)
		b'[unknown]' (6236fac8b826)
		b'[unknown]' (6236fac8ad9f)
		b'[unknown]' (6236fac89edd)
		b'[unknown]' (6236f9568403)
		b'[unknown]' (6236f956697f)
		b'[unknown]' (6236f9567af9)
		b'[unknown]' (6236f95679ea)
		b'[unknown]' (6236f9567743)
		b'[unknown]' (6236f956777d)
		b'[unknown]' (6236f95677ee)
		b'[unknown]' (6236f9568168)
		b'[unknown]' (6236f956812b)
		b'[unknown]' (6236f95680d8)
		b'[unknown]' (6236f95680ac)
		b'[unknown]' (6236f9568090)
		b'[unknown]' (7c043ace62b3)

	Not found in mutex_ids. mutex (b'[unknown]') 504dffc3af08 ::: wait time 5323.13us ::: hold time 13904.30us ::: enter count 2227
		b'[unknown]' (6236f9ad3c3a)
		b'[unknown]' (6236f9ad6190)
		b'[unknown]' (6236fee87b95)
		b'[unknown]' (6236fee9b71f)
		b'[unknown]' (6236fee97f34)
		b'[unknown]' (6236fee83f09)
		b'[unknown]' (6236f7e894d4)
		b'[unknown]' (6236f7e89385)
		b'[unknown]' (6236f7e892d8)
		b'[unknown]' (6236f7e89298)
		b'[unknown]' (6236fee84aa4)
		b'[unknown]' (6236f7dd36a6)
		b'[unknown]' (6236fcd8a808)
		b'[unknown]' (6236fcd8a37b)
		b'[unknown]' (6236f7d9cab7)
		b'[unknown]' (6236f7d862a3)
		b'[unknown]' (6236fcd735cc)
		b'[unknown]' (6236fcd735ec)
		b'[unknown]' (6236fcd73972)
		b'[unknown]' (6236fcd84c9e)
		b'[unknown]' (6236fcd83414)
		b'[unknown]' (6236fcd8163b)
		b'[unknown]' (6236fcd7f951)
		b'[unknown]' (6236fcd7cc48)
		b'[unknown]' (6236fcd78cdd)
		b'[unknown]' (6236fcd6d02c)
		b'[unknown]' (6236fcd65d21)
		b'[unknown]' (6236f8676266)
		b'[unknown]' (6236f8675bab)
		b'[unknown]' (6236f867537a)
		b'[unknown]' (6236f86750a2)
		b'[unknown]' (6236fa6284a3)
		b'[unknown]' (6236fa62c176)
		b'[unknown]' (6236fa3321c9)
		b'[unknown]' (6236fa33dd18)
		b'[unknown]' (6236fa33e46b)
		b'[unknown]' (6236fa33dd70)
		b'[unknown]' (6236fed9754e)
		b'[unknown]' (6236f7ee69ac)
		b'[unknown]' (6236f7ee9125)
		b'[unknown]' (6236f7eec3a0)
		b'[unknown]' (6236f7eed325)
		b'[unknown]' (6236f7eec7be)
		b'[unknown]' (6236f7eec86f)
		b'[unknown]' (6236f7ee8ad5)
		b'[unknown]' (6236f7ee8bc3)
		b'[unknown]' (6236f7ef1105)
		b'[unknown]' (6236f7ee7eb9)
		b'[unknown]' (6236f7ee7f5b)
		b'[unknown]' (6236f7ef3e5e)
		b'[unknown]' (6236f7ef49e5)
		b'[unknown]' (6236f7ef5066)
		b'[unknown]' (6236f7ef5df5)
		b'[unknown]' (6236f7ed7f38)
		b'[unknown]' (6236fea64b8d)
		b'[unknown]' (6236fea65171)
		b'[unknown]' (6236fea651e4)
		b'[unknown]' (6236fea65273)
		b'[unknown]' (6236fea652d7)
		b'[unknown]' (6236fea6581e)
		b'[unknown]' (6236fea65a0e)
		b'[unknown]' (6236fea65aad)
		b'[unknown]' (6236fea65b3b)
		b'[unknown]' (6236fea666ca)
		b'[unknown]' (6236fea6678b)
		b'[unknown]' (6236fea6797d)
		b'[unknown]' (6236f7d88dd2)
		b'[unknown]' (6236fea6b3d9)
		b'[unknown]' (6236fea6c3d5)
		b'[unknown]' (6236fea6b380)
		b'[unknown]' (6236fea6c529)
		b'[unknown]' (6236f7d88dd2)
		b'[unknown]' (6236fee6a91a)
		b'[unknown]' (6236fee67893)
		b'[unknown]' (6236fee6899a)
		b'[unknown]' (6236f8525afc)
		b'[unknown]' (6236fee6d592)
		b'[unknown]' (6236fee6e112)
		b'[unknown]' (6236f8525afc)
		b'[unknown]' (6236fee6d4db)
		b'[unknown]' (7c043a894ac3)

	Not found in mutex_ids. mutex (b'[unknown]') 504dffc3aa88 ::: wait time 5323.04us ::: hold time 14913.01us ::: enter count 2246
		b'[unknown]' (6236f7d776a7)
		b'[unknown]' (6236f7d77cac)
		b'[unknown]' (6236f7d80eca)
		b'[unknown]' (6236feea0bc6)
		b'[unknown]' (6236fee9b7d2)
		b'[unknown]' (6236fee97f34)
		b'[unknown]' (6236fee978bb)
		b'[unknown]' (6236fee83f43)
		b'[unknown]' (6236fee83ed8)
		b'[unknown]' (6236fac87a38)
		b'[unknown]' (6236fac8b826)
		b'[unknown]' (6236fac8ad9f)
		b'[unknown]' (6236fac89edd)
		b'[unknown]' (6236f9568403)
		b'[unknown]' (6236f956697f)
		b'[unknown]' (6236f9567af9)
		b'[unknown]' (6236f95679ea)
		b'[unknown]' (6236f9567743)
		b'[unknown]' (6236f956777d)
		b'[unknown]' (6236f95677ee)
		b'[unknown]' (6236f9568168)
		b'[unknown]' (6236f956812b)
		b'[unknown]' (6236f95680d8)
		b'[unknown]' (6236f95680ac)
		b'[unknown]' (6236f9568090)
		b'[unknown]' (7c043ace62b3)

	Not found in mutex_ids. mutex (b'[unknown]') 504dffc3aec0 ::: wait time 5322.39us ::: hold time 13209.65us ::: enter count 2178
		b'[unknown]' (6236f9ad3c3a)
		b'[unknown]' (6236f9ad6190)
		b'[unknown]' (6236fee87b95)
		b'[unknown]' (6236fee9b71f)
		b'[unknown]' (6236fee97f34)
		b'[unknown]' (6236fee84a84)
		b'[unknown]' (6236f7dd36a6)
		b'[unknown]' (6236fcd8a808)
		b'[unknown]' (6236fcd8a37b)
		b'[unknown]' (6236f7d9cab7)
		b'[unknown]' (6236f7d862a3)
		b'[unknown]' (6236fcd735cc)
		b'[unknown]' (6236fcd735ec)
		b'[unknown]' (6236fcd73972)
		b'[unknown]' (6236fcd84c9e)
		b'[unknown]' (6236fcd83414)
		b'[unknown]' (6236fcd8163b)
		b'[unknown]' (6236fcd7f951)
		b'[unknown]' (6236fcd7cc48)
		b'[unknown]' (6236fcd78cdd)
		b'[unknown]' (6236fcd6d02c)
		b'[unknown]' (6236fcd65d21)
		b'[unknown]' (6236f8676266)
		b'[unknown]' (6236f8675bab)
		b'[unknown]' (6236f867537a)
		b'[unknown]' (6236f86750a2)
		b'[unknown]' (6236fa6284a3)
		b'[unknown]' (6236fa62c176)
		b'[unknown]' (6236fa3321c9)
		b'[unknown]' (6236fa33dd18)
		b'[unknown]' (6236fa33e46b)
		b'[unknown]' (6236fa33dd70)
		b'[unknown]' (6236fed9754e)
		b'[unknown]' (6236f7ee69ac)
		b'[unknown]' (6236f7ee9125)
		b'[unknown]' (6236f7eec3a0)
		b'[unknown]' (6236f7eed325)
		b'[unknown]' (6236f7eec7be)
		b'[unknown]' (6236f7eec86f)
		b'[unknown]' (6236f7ee8ad5)
		b'[unknown]' (6236f7ee8bc3)
		b'[unknown]' (6236f7ef1105)
		b'[unknown]' (6236f7ee7eb9)
		b'[unknown]' (6236f7ee7f5b)
		b'[unknown]' (6236f7ef3e5e)
		b'[unknown]' (6236f7ef49e5)
		b'[unknown]' (6236f7ef5066)
		b'[unknown]' (6236f7ef5df5)
		b'[unknown]' (6236f7ed7f38)
		b'[unknown]' (6236fea64b8d)
		b'[unknown]' (6236fea65171)
		b'[unknown]' (6236fea651e4)
		b'[unknown]' (6236fea65273)
		b'[unknown]' (6236fea652d7)
		b'[unknown]' (6236fea6581e)
		b'[unknown]' (6236fea65a0e)
		b'[unknown]' (6236fea65aad)
		b'[unknown]' (6236fea65b3b)
		b'[unknown]' (6236fea666ca)
		b'[unknown]' (6236fea6678b)
		b'[unknown]' (6236fea6797d)
		b'[unknown]' (6236f7d88dd2)
		b'[unknown]' (6236fea6b3d9)
		b'[unknown]' (6236fea6c3d5)
		b'[unknown]' (6236fea6b380)
		b'[unknown]' (6236fea6c529)
		b'[unknown]' (6236f7d88dd2)
		b'[unknown]' (6236fee6a91a)
		b'[unknown]' (6236fee67893)
		b'[unknown]' (6236fee6899a)
		b'[unknown]' (6236f8525afc)
		b'[unknown]' (6236fee6d592)
		b'[unknown]' (6236fee6e112)
		b'[unknown]' (6236f8525afc)
		b'[unknown]' (6236fee6d4db)
		b'[unknown]' (7c043a894ac3)

	Not found in mutex_ids. mutex (b'[unknown]') 504dffc3b340 ::: wait time 5316.31us ::: hold time 14720.70us ::: enter count 2239
		b'[unknown]' (6236f7d776a7)
		b'[unknown]' (6236f7d77cac)
		b'[unknown]' (6236f7d80eca)
		b'[unknown]' (6236feea0bc6)
		b'[unknown]' (6236fee9b7d2)
		b'[unknown]' (6236fee97f34)
		b'[unknown]' (6236fee978bb)
		b'[unknown]' (6236fee83f43)
		b'[unknown]' (6236fee83ed8)
		b'[unknown]' (6236fac87a38)
		b'[unknown]' (6236fac8b826)
		b'[unknown]' (6236fac8ad9f)
		b'[unknown]' (6236fac89edd)
		b'[unknown]' (6236f9568403)
		b'[unknown]' (6236f956697f)
		b'[unknown]' (6236f9567af9)
		b'[unknown]' (6236f95679ea)
		b'[unknown]' (6236f9567743)
		b'[unknown]' (6236f956777d)
		b'[unknown]' (6236f95677ee)
		b'[unknown]' (6236f9568168)
		b'[unknown]' (6236f956812b)
		b'[unknown]' (6236f95680d8)
		b'[unknown]' (6236f95680ac)
		b'[unknown]' (6236f9568090)
		b'[unknown]' (7c043ace62b3)

	Not found in mutex_ids. mutex (b'[unknown]') 504dffc3af08 ::: wait time 5313.97us ::: hold time 14260.40us ::: enter count 2227
		b'[unknown]' (6236f9ad3c3a)
		b'[unknown]' (6236f9ad6190)
		b'[unknown]' (6236fee87b95)
		b'[unknown]' (6236fee9b71f)
		b'[unknown]' (6236fee97f34)
		b'[unknown]' (6236fee978bb)
		b'[unknown]' (6236fee83f43)
		b'[unknown]' (6236fee83ed8)
		b'[unknown]' (6236f7e894d4)
		b'[unknown]' (6236f7e89385)
		b'[unknown]' (6236f7e892d8)
		b'[unknown]' (6236f7e89298)
		b'[unknown]' (6236fee84aa4)
		b'[unknown]' (6236f7dd36a6)
		b'[unknown]' (6236fcd8a808)
		b'[unknown]' (6236fcd8a37b)
		b'[unknown]' (6236f7d9cab7)
		b'[unknown]' (6236f7d862a3)
		b'[unknown]' (6236fcd735cc)
		b'[unknown]' (6236fcd735ec)
		b'[unknown]' (6236fcd73972)
		b'[unknown]' (6236fcd84c9e)
		b'[unknown]' (6236fcd83414)
		b'[unknown]' (6236fcd8163b)
		b'[unknown]' (6236fcd7f951)
		b'[unknown]' (6236fcd7cc48)
		b'[unknown]' (6236fcd78cdd)
		b'[unknown]' (6236fcd6d02c)
		b'[unknown]' (6236fcd65d21)
		b'[unknown]' (6236f8676266)
		b'[unknown]' (6236f8675bab)
		b'[unknown]' (6236f867537a)
		b'[unknown]' (6236f86750a2)
		b'[unknown]' (6236fa6284a3)
		b'[unknown]' (6236fa62c176)
		b'[unknown]' (6236fa3321c9)
		b'[unknown]' (6236fa33dd18)
		b'[unknown]' (6236fa33e46b)
		b'[unknown]' (6236fa33dd70)
		b'[unknown]' (6236fed9754e)
		b'[unknown]' (6236f7ee69ac)
		b'[unknown]' (6236f7ee9125)
		b'[unknown]' (6236f7eec3a0)
		b'[unknown]' (6236f7eed325)
		b'[unknown]' (6236f7eec7be)
		b'[unknown]' (6236f7eec86f)
		b'[unknown]' (6236f7ee8ad5)
		b'[unknown]' (6236f7ee8bc3)
		b'[unknown]' (6236f7ef1105)
		b'[unknown]' (6236f7ee7eb9)
		b'[unknown]' (6236f7ee7f5b)
		b'[unknown]' (6236f7ef3e5e)
		b'[unknown]' (6236f7ef49e5)
		b'[unknown]' (6236f7ef5066)
		b'[unknown]' (6236f7ef5df5)
		b'[unknown]' (6236f7ed7f38)
		b'[unknown]' (6236fea64b8d)
		b'[unknown]' (6236fea65171)
		b'[unknown]' (6236fea651e4)
		b'[unknown]' (6236fea65273)
		b'[unknown]' (6236fea652d7)
		b'[unknown]' (6236fea6581e)
		b'[unknown]' (6236fea65a0e)
		b'[unknown]' (6236fea65aad)
		b'[unknown]' (6236fea65b3b)
		b'[unknown]' (6236fea666ca)
		b'[unknown]' (6236fea6678b)
		b'[unknown]' (6236fea6797d)
		b'[unknown]' (6236f7d88dd2)
		b'[unknown]' (6236fea6b3d9)
		b'[unknown]' (6236fea6c3d5)
		b'[unknown]' (6236fea6b380)
		b'[unknown]' (6236fea6c529)
		b'[unknown]' (6236f7d88dd2)
		b'[unknown]' (6236fee6a91a)
		b'[unknown]' (6236fee67893)
		b'[unknown]' (6236fee6899a)
		b'[unknown]' (6236f8525afc)
		b'[unknown]' (6236fee6d592)
		b'[unknown]' (6236fee6e112)
		b'[unknown]' (6236f8525afc)
		b'[unknown]' (6236fee6d4db)
		b'[unknown]' (7c043a894ac3)

	Not found in mutex_ids. mutex (b'[unknown]') 504dffc3acc8 ::: wait time 5312.39us ::: hold time 14883.07us ::: enter count 2179
		b'[unknown]' (6236f9ad3c3a)
		b'[unknown]' (6236f9ad6190)
		b'[unknown]' (6236fee87859)
		b'[unknown]' (6236fee9a513)
		b'[unknown]' (6236fee977b7)
		b'[unknown]' (6236fee83d5f)
		b'[unknown]' (6236fee83aa6)
		b'[unknown]' (6236fee860ca)
		b'[unknown]' (6236fee85c86)
		b'[unknown]' (6236fee85a16)
		b'[unknown]' (6236fee84742)
		b'[unknown]' (6236fcd85cb0)
		b'[unknown]' (6236fcd85d84)
		b'[unknown]' (6236fcd83f03)
		b'[unknown]' (6236fcd82139)
		b'[unknown]' (6236fcd806c6)
		b'[unknown]' (6236fcd7dbbf)
		b'[unknown]' (6236fcd79bb3)
		b'[unknown]' (6236fcd76206)
		b'[unknown]' (6236fcd68821)
		b'[unknown]' (6236fcd66c41)
		b'[unknown]' (6236fcd666bd)
		b'[unknown]' (6236fa627325)
		b'[unknown]' (6236fa62808a)
		b'[unknown]' (6236fa62c176)
		b'[unknown]' (6236fa3321c9)
		b'[unknown]' (6236fa33dd18)
		b'[unknown]' (6236fa33e46b)
		b'[unknown]' (6236fa33dd70)
		b'[unknown]' (6236fed9754e)
		b'[unknown]' (6236f7ee69ac)
		b'[unknown]' (6236f7ee9125)
		b'[unknown]' (6236f7eec3a0)
		b'[unknown]' (6236f7eed325)
		b'[unknown]' (6236f7eec7be)
		b'[unknown]' (6236f7eec86f)
		b'[unknown]' (6236f7ee8ad5)
		b'[unknown]' (6236f7ee8bc3)
		b'[unknown]' (6236f7ef1105)
		b'[unknown]' (6236f7ee7eb9)
		b'[unknown]' (6236f7ee7f5b)
		b'[unknown]' (6236f7ef3e5e)
		b'[unknown]' (6236f7ef49e5)
		b'[unknown]' (6236f7ef5066)
		b'[unknown]' (6236f7ef5df5)
		b'[unknown]' (6236f7ed7f38)
		b'[unknown]' (6236fea64b8d)
		b'[unknown]' (6236fea65171)
		b'[unknown]' (6236fea651e4)
		b'[unknown]' (6236fea65273)
		b'[unknown]' (6236fea652d7)
		b'[unknown]' (6236fea6581e)
		b'[unknown]' (6236fea65a0e)
		b'[unknown]' (6236fea65aad)
		b'[unknown]' (6236fea65b3b)
		b'[unknown]' (6236fea666ca)
		b'[unknown]' (6236fea6678b)
		b'[unknown]' (6236fea6797d)
		b'[unknown]' (6236f7d88dd2)
		b'[unknown]' (6236fea6b3d9)
		b'[unknown]' (6236fea6c3d5)
		b'[unknown]' (6236fea6b380)
		b'[unknown]' (6236fea6c529)
		b'[unknown]' (6236f7d88dd2)
		b'[unknown]' (6236fee6a91a)
		b'[unknown]' (6236fee67893)
		b'[unknown]' (6236fee6899a)
		b'[unknown]' (6236f8525afc)
		b'[unknown]' (6236fee6d592)
		b'[unknown]' (6236fee6e112)
		b'[unknown]' (6236f8525afc)
		b'[unknown]' (6236fee6d4db)
		b'[unknown]' (7c043a894ac3)

	Not found in mutex_ids. mutex (b'[unknown]') 504dffc3b0b8 ::: wait time 5301.19us ::: hold time 13866.79us ::: enter count 2179
		b'[unknown]' (6236f9ad3c3a)
		b'[unknown]' (6236f9ad6190)
		b'[unknown]' (6236fee87b95)
		b'[unknown]' (6236fee9b71f)
		b'[unknown]' (6236fee97f34)
		b'[unknown]' (6236fee83f09)
		b'[unknown]' (6236f7e894d4)
		b'[unknown]' (6236f7e89385)
		b'[unknown]' (6236f7e892d8)
		b'[unknown]' (6236f7e89298)
		b'[unknown]' (6236fee84aa4)
		b'[unknown]' (6236f7dd36a6)
		b'[unknown]' (6236fcd8a808)
		b'[unknown]' (6236fcd8a37b)
		b'[unknown]' (6236f7d9cab7)
		b'[unknown]' (6236f7d862a3)
		b'[unknown]' (6236fcd735cc)
		b'[unknown]' (6236fcd735ec)
		b'[unknown]' (6236fcd73972)
		b'[unknown]' (6236fcd84c9e)
		b'[unknown]' (6236fcd83414)
		b'[unknown]' (6236fcd8163b)
		b'[unknown]' (6236fcd7f951)
		b'[unknown]' (6236fcd7cc48)
		b'[unknown]' (6236fcd78cdd)
		b'[unknown]' (6236fcd6d02c)
		b'[unknown]' (6236fcd65d21)
		b'[unknown]' (6236f8676266)
		b'[unknown]' (6236f8675bab)
		b'[unknown]' (6236f867537a)
		b'[unknown]' (6236f86750a2)
		b'[unknown]' (6236fa6284a3)
		b'[unknown]' (6236fa62c176)
		b'[unknown]' (6236fa3321c9)
		b'[unknown]' (6236fa33dd18)
		b'[unknown]' (6236fa33e46b)
		b'[unknown]' (6236fa33dd70)
		b'[unknown]' (6236fed9754e)
		b'[unknown]' (6236f7ee69ac)
		b'[unknown]' (6236f7ee9125)
		b'[unknown]' (6236f7eec3a0)
		b'[unknown]' (6236f7eed325)
		b'[unknown]' (6236f7eec7be)
		b'[unknown]' (6236f7eec86f)
		b'[unknown]' (6236f7ee8ad5)
		b'[unknown]' (6236f7ee8bc3)
		b'[unknown]' (6236f7ef1105)
		b'[unknown]' (6236f7ee7eb9)
		b'[unknown]' (6236f7ee7f5b)
		b'[unknown]' (6236f7ef3e5e)
		b'[unknown]' (6236f7ef49e5)
		b'[unknown]' (6236f7ef5066)
		b'[unknown]' (6236f7ef5df5)
		b'[unknown]' (6236f7ed7f38)
		b'[unknown]' (6236fea64b8d)
		b'[unknown]' (6236fea65171)
		b'[unknown]' (6236fea651e4)
		b'[unknown]' (6236fea65273)
		b'[unknown]' (6236fea652d7)
		b'[unknown]' (6236fea6581e)
		b'[unknown]' (6236fea65a0e)
		b'[unknown]' (6236fea65aad)
		b'[unknown]' (6236fea65b3b)
		b'[unknown]' (6236fea666ca)
		b'[unknown]' (6236fea6678b)
		b'[unknown]' (6236fea6797d)
		b'[unknown]' (6236f7d88dd2)
		b'[unknown]' (6236fea6b3d9)
		b'[unknown]' (6236fea6c3d5)
		b'[unknown]' (6236fea6b380)
		b'[unknown]' (6236fea6c529)
		b'[unknown]' (6236f7d88dd2)
		b'[unknown]' (6236fee6a91a)
		b'[unknown]' (6236fee67893)
		b'[unknown]' (6236fee6899a)
		b'[unknown]' (6236f8525afc)
		b'[unknown]' (6236fee6d592)
		b'[unknown]' (6236fee6e112)
		b'[unknown]' (6236f8525afc)
		b'[unknown]' (6236fee6d4db)
		b'[unknown]' (7c043a894ac3)

	Not found in mutex_ids. mutex (b'[unknown]') 504dffc3aad0 ::: wait time 5301.09us ::: hold time 13603.16us ::: enter count 2160
		b'[unknown]' (6236f9ad3c3a)
		b'[unknown]' (6236f9ad6190)
		b'[unknown]' (6236fee87859)
		b'[unknown]' (6236fee9a513)
		b'[unknown]' (6236fee97c33)
		b'[unknown]' (6236fee84be4)
		b'[unknown]' (6236fcd7dc8e)
		b'[unknown]' (6236fcd79c33)
		b'[unknown]' (6236fcd762bd)
		b'[unknown]' (6236fcd6897e)
		b'[unknown]' (6236fcd66c41)
		b'[unknown]' (6236fcd666bd)
		b'[unknown]' (6236fa627325)
		b'[unknown]' (6236fa62808a)
		b'[unknown]' (6236fa62c176)
		b'[unknown]' (6236fa3321c9)
		b'[unknown]' (6236fa33dd18)
		b'[unknown]' (6236fa33e46b)
		b'[unknown]' (6236fa33dd70)
		b'[unknown]' (6236fed9754e)
		b'[unknown]' (6236f7ee69ac)
		b'[unknown]' (6236f7ee9125)
		b'[unknown]' (6236f7eec3a0)
		b'[unknown]' (6236f7eed325)
		b'[unknown]' (6236f7eec7be)
		b'[unknown]' (6236f7eec86f)
		b'[unknown]' (6236f7ee8ad5)
		b'[unknown]' (6236f7ee8bc3)
		b'[unknown]' (6236f7ef1105)
		b'[unknown]' (6236f7ee7eb9)
		b'[unknown]' (6236f7ee7f5b)
		b'[unknown]' (6236f7ef3e5e)
		b'[unknown]' (6236f7ef49e5)
		b'[unknown]' (6236f7ef5066)
		b'[unknown]' (6236f7ef5df5)
		b'[unknown]' (6236f7ed7f38)
		b'[unknown]' (6236fea64b8d)
		b'[unknown]' (6236fea65171)
		b'[unknown]' (6236fea651e4)
		b'[unknown]' (6236fea65273)
		b'[unknown]' (6236fea652d7)
		b'[unknown]' (6236fea6581e)
		b'[unknown]' (6236fea65a0e)
		b'[unknown]' (6236fea65aad)
		b'[unknown]' (6236fea65b3b)
		b'[unknown]' (6236fea666ca)
		b'[unknown]' (6236fea6678b)
		b'[unknown]' (6236fea6797d)
		b'[unknown]' (6236f7d88dd2)
		b'[unknown]' (6236fea6b3d9)
		b'[unknown]' (6236fea6c3d5)
		b'[unknown]' (6236fea6b380)
		b'[unknown]' (6236fea6c529)
		b'[unknown]' (6236f7d88dd2)
		b'[unknown]' (6236fee6a91a)
		b'[unknown]' (6236fee67893)
		b'[unknown]' (6236fee6899a)
		b'[unknown]' (6236f8525afc)
		b'[unknown]' (6236fee6d592)
		b'[unknown]' (6236fee6e112)
		b'[unknown]' (6236f8525afc)
		b'[unknown]' (6236fee6d4db)
		b'[unknown]' (7c043a894ac3)

	Not found in mutex_ids. mutex (b'[unknown]') 504dffc3aad0 ::: wait time 5297.70us ::: hold time 13998.73us ::: enter count 2160
		b'[unknown]' (6236f7d776a7)
		b'[unknown]' (6236f7d77cac)
		b'[unknown]' (6236f7d80eca)
		b'[unknown]' (6236feea0bc6)
		b'[unknown]' (6236fee9b7d2)
		b'[unknown]' (6236fee97f34)
		b'[unknown]' (6236fee978bb)
		b'[unknown]' (6236fee83f43)
		b'[unknown]' (6236fee83ed8)
		b'[unknown]' (6236fac87a38)
		b'[unknown]' (6236fac8b826)
		b'[unknown]' (6236fac8ad9f)
		b'[unknown]' (6236fac89edd)
		b'[unknown]' (6236f9568403)
		b'[unknown]' (6236f956697f)
		b'[unknown]' (6236f9567af9)
		b'[unknown]' (6236f95679ea)
		b'[unknown]' (6236f9567743)
		b'[unknown]' (6236f956777d)
		b'[unknown]' (6236f95677ee)
		b'[unknown]' (6236f9568168)
		b'[unknown]' (6236f956812b)
		b'[unknown]' (6236f95680d8)
		b'[unknown]' (6236f95680ac)
		b'[unknown]' (6236f9568090)
		b'[unknown]' (7c043ace62b3)

	Not found in mutex_ids. mutex (b'[unknown]') 504dffc3af98 ::: wait time 5290.56us ::: hold time 13733.82us ::: enter count 2196
		b'[unknown]' (6236f9ad3c3a)
		b'[unknown]' (6236f9ad6190)
		b'[unknown]' (6236fee87b95)
		b'[unknown]' (6236fee9b71f)
		b'[unknown]' (6236fee97f34)
		b'[unknown]' (6236fee83f09)
		b'[unknown]' (6236f7e894d4)
		b'[unknown]' (6236f7e89385)
		b'[unknown]' (6236f7e892d8)
		b'[unknown]' (6236f7e89298)
		b'[unknown]' (6236fee84aa4)
		b'[unknown]' (6236f7dd36a6)
		b'[unknown]' (6236fcd8a808)
		b'[unknown]' (6236fcd8a37b)
		b'[unknown]' (6236f7d9cab7)
		b'[unknown]' (6236f7d862a3)
		b'[unknown]' (6236fcd735cc)
		b'[unknown]' (6236fcd735ec)
		b'[unknown]' (6236fcd73972)
		b'[unknown]' (6236fcd84c9e)
		b'[unknown]' (6236fcd83414)
		b'[unknown]' (6236fcd8163b)
		b'[unknown]' (6236fcd7f951)
		b'[unknown]' (6236fcd7cc48)
		b'[unknown]' (6236fcd78cdd)
		b'[unknown]' (6236fcd6d02c)
		b'[unknown]' (6236fcd65d21)
		b'[unknown]' (6236f8676266)
		b'[unknown]' (6236f8675bab)
		b'[unknown]' (6236f867537a)
		b'[unknown]' (6236f86750a2)
		b'[unknown]' (6236fa6284a3)
		b'[unknown]' (6236fa62c176)
		b'[unknown]' (6236fa3321c9)
		b'[unknown]' (6236fa33dd18)
		b'[unknown]' (6236fa33e46b)
		b'[unknown]' (6236fa33dd70)
		b'[unknown]' (6236fed9754e)
		b'[unknown]' (6236f7ee69ac)
		b'[unknown]' (6236f7ee9125)
		b'[unknown]' (6236f7eec3a0)
		b'[unknown]' (6236f7eed325)
		b'[unknown]' (6236f7eec7be)
		b'[unknown]' (6236f7eec86f)
		b'[unknown]' (6236f7ee8ad5)
		b'[unknown]' (6236f7ee8bc3)
		b'[unknown]' (6236f7ef1105)
		b'[unknown]' (6236f7ee7eb9)
		b'[unknown]' (6236f7ee7f5b)
		b'[unknown]' (6236f7ef3e5e)
		b'[unknown]' (6236f7ef49e5)
		b'[unknown]' (6236f7ef5066)
		b'[unknown]' (6236f7ef5df5)
		b'[unknown]' (6236f7ed7f38)
		b'[unknown]' (6236fea64b8d)
		b'[unknown]' (6236fea65171)
		b'[unknown]' (6236fea651e4)
		b'[unknown]' (6236fea65273)
		b'[unknown]' (6236fea652d7)
		b'[unknown]' (6236fea6581e)
		b'[unknown]' (6236fea65a0e)
		b'[unknown]' (6236fea65aad)
		b'[unknown]' (6236fea65b3b)
		b'[unknown]' (6236fea666ca)
		b'[unknown]' (6236fea6678b)
		b'[unknown]' (6236fea6797d)
		b'[unknown]' (6236f7d88dd2)
		b'[unknown]' (6236fea6b3d9)
		b'[unknown]' (6236fea6c3d5)
		b'[unknown]' (6236fea6b380)
		b'[unknown]' (6236fea6c529)
		b'[unknown]' (6236f7d88dd2)
		b'[unknown]' (6236fee6a91a)
		b'[unknown]' (6236fee67893)
		b'[unknown]' (6236fee6899a)
		b'[unknown]' (6236f8525afc)
		b'[unknown]' (6236fee6d592)
		b'[unknown]' (6236fee6e112)
		b'[unknown]' (6236f8525afc)
		b'[unknown]' (6236fee6d4db)
		b'[unknown]' (7c043a894ac3)

	Not found in mutex_ids. mutex (b'[unknown]') 504dffc3b0b8 ::: wait time 5286.93us ::: hold time 14355.74us ::: enter count 2179
		b'[unknown]' (6236f7d776a7)
		b'[unknown]' (6236f7d77cac)
		b'[unknown]' (6236f7d80eca)
		b'[unknown]' (6236feea0bc6)
		b'[unknown]' (6236fee9b7d2)
		b'[unknown]' (6236fee97f34)
		b'[unknown]' (6236fee978bb)
		b'[unknown]' (6236fee83f43)
		b'[unknown]' (6236fee83ed8)
		b'[unknown]' (6236fac87a38)
		b'[unknown]' (6236fac8b826)
		b'[unknown]' (6236fac8ad9f)
		b'[unknown]' (6236fac89edd)
		b'[unknown]' (6236f9568403)
		b'[unknown]' (6236f956697f)
		b'[unknown]' (6236f9567af9)
		b'[unknown]' (6236f95679ea)
		b'[unknown]' (6236f9567743)
		b'[unknown]' (6236f956777d)
		b'[unknown]' (6236f95677ee)
		b'[unknown]' (6236f9568168)
		b'[unknown]' (6236f956812b)
		b'[unknown]' (6236f95680d8)
		b'[unknown]' (6236f95680ac)
		b'[unknown]' (6236f9568090)
		b'[unknown]' (7c043ace62b3)

	Not found in mutex_ids. mutex (b'[unknown]') 504dffc3acc8 ::: wait time 5285.33us ::: hold time 13191.81us ::: enter count 2179
		b'[unknown]' (6236f9ad3c3a)
		b'[unknown]' (6236f9ad6190)
		b'[unknown]' (6236fee87b95)
		b'[unknown]' (6236fee9b71f)
		b'[unknown]' (6236fee97f34)
		b'[unknown]' (6236fee84a84)
		b'[unknown]' (6236f7dd36a6)
		b'[unknown]' (6236fcd8a808)
		b'[unknown]' (6236fcd8a37b)
		b'[unknown]' (6236f7d9cab7)
		b'[unknown]' (6236f7d862a3)
		b'[unknown]' (6236fcd735cc)
		b'[unknown]' (6236fcd735ec)
		b'[unknown]' (6236fcd73972)
		b'[unknown]' (6236fcd84c9e)
		b'[unknown]' (6236fcd83414)
		b'[unknown]' (6236fcd8163b)
		b'[unknown]' (6236fcd7f951)
		b'[unknown]' (6236fcd7cc48)
		b'[unknown]' (6236fcd78cdd)
		b'[unknown]' (6236fcd6d02c)
		b'[unknown]' (6236fcd65d21)
		b'[unknown]' (6236f8676266)
		b'[unknown]' (6236f8675bab)
		b'[unknown]' (6236f867537a)
		b'[unknown]' (6236f86750a2)
		b'[unknown]' (6236fa6284a3)
		b'[unknown]' (6236fa62c176)
		b'[unknown]' (6236fa3321c9)
		b'[unknown]' (6236fa33dd18)
		b'[unknown]' (6236fa33e46b)
		b'[unknown]' (6236fa33dd70)
		b'[unknown]' (6236fed9754e)
		b'[unknown]' (6236f7ee69ac)
		b'[unknown]' (6236f7ee9125)
		b'[unknown]' (6236f7eec3a0)
		b'[unknown]' (6236f7eed325)
		b'[unknown]' (6236f7eec7be)
		b'[unknown]' (6236f7eec86f)
		b'[unknown]' (6236f7ee8ad5)
		b'[unknown]' (6236f7ee8bc3)
		b'[unknown]' (6236f7ef1105)
		b'[unknown]' (6236f7ee7eb9)
		b'[unknown]' (6236f7ee7f5b)
		b'[unknown]' (6236f7ef3e5e)
		b'[unknown]' (6236f7ef49e5)
		b'[unknown]' (6236f7ef5066)
		b'[unknown]' (6236f7ef5df5)
		b'[unknown]' (6236f7ed7f38)
		b'[unknown]' (6236fea64b8d)
		b'[unknown]' (6236fea65171)
		b'[unknown]' (6236fea651e4)
		b'[unknown]' (6236fea65273)
		b'[unknown]' (6236fea652d7)
		b'[unknown]' (6236fea6581e)
		b'[unknown]' (6236fea65a0e)
		b'[unknown]' (6236fea65aad)
		b'[unknown]' (6236fea65b3b)
		b'[unknown]' (6236fea666ca)
		b'[unknown]' (6236fea6678b)
		b'[unknown]' (6236fea6797d)
		b'[unknown]' (6236f7d88dd2)
		b'[unknown]' (6236fea6b3d9)
		b'[unknown]' (6236fea6c3d5)
		b'[unknown]' (6236fea6b380)
		b'[unknown]' (6236fea6c529)
		b'[unknown]' (6236f7d88dd2)
		b'[unknown]' (6236fee6a91a)
		b'[unknown]' (6236fee67893)
		b'[unknown]' (6236fee6899a)
		b'[unknown]' (6236f8525afc)
		b'[unknown]' (6236fee6d592)
		b'[unknown]' (6236fee6e112)
		b'[unknown]' (6236f8525afc)
		b'[unknown]' (6236fee6d4db)
		b'[unknown]' (7c043a894ac3)

	Not found in mutex_ids. mutex (b'[unknown]') 504dffc3b2f8 ::: wait time 5282.46us ::: hold time 13714.97us ::: enter count 2214
		b'[unknown]' (6236f9ad3c3a)
		b'[unknown]' (6236f9ad6190)
		b'[unknown]' (6236fee87b95)
		b'[unknown]' (6236fee9b71f)
		b'[unknown]' (6236fee97f34)
		b'[unknown]' (6236fee83f09)
		b'[unknown]' (6236f7e894d4)
		b'[unknown]' (6236f7e89385)
		b'[unknown]' (6236f7e892d8)
		b'[unknown]' (6236f7e89298)
		b'[unknown]' (6236fee84aa4)
		b'[unknown]' (6236f7dd36a6)
		b'[unknown]' (6236fcd8a808)
		b'[unknown]' (6236fcd8a37b)
		b'[unknown]' (6236f7d9cab7)
		b'[unknown]' (6236f7d862a3)
		b'[unknown]' (6236fcd735cc)
		b'[unknown]' (6236fcd735ec)
		b'[unknown]' (6236fcd73972)
		b'[unknown]' (6236fcd84c9e)
		b'[unknown]' (6236fcd83414)
		b'[unknown]' (6236fcd8163b)
		b'[unknown]' (6236fcd7f951)
		b'[unknown]' (6236fcd7cc48)
		b'[unknown]' (6236fcd78cdd)
		b'[unknown]' (6236fcd6d02c)
		b'[unknown]' (6236fcd65d21)
		b'[unknown]' (6236f8676266)
		b'[unknown]' (6236f8675bab)
		b'[unknown]' (6236f867537a)
		b'[unknown]' (6236f86750a2)
		b'[unknown]' (6236fa6284a3)
		b'[unknown]' (6236fa62c176)
		b'[unknown]' (6236fa3321c9)
		b'[unknown]' (6236fa33dd18)
		b'[unknown]' (6236fa33e46b)
		b'[unknown]' (6236fa33dd70)
		b'[unknown]' (6236fed9754e)
		b'[unknown]' (6236f7ee69ac)
		b'[unknown]' (6236f7ee9125)
		b'[unknown]' (6236f7eec3a0)
		b'[unknown]' (6236f7eed325)
		b'[unknown]' (6236f7eec7be)
		b'[unknown]' (6236f7eec86f)
		b'[unknown]' (6236f7ee8ad5)
		b'[unknown]' (6236f7ee8bc3)
		b'[unknown]' (6236f7ef1105)
		b'[unknown]' (6236f7ee7eb9)
		b'[unknown]' (6236f7ee7f5b)
		b'[unknown]' (6236f7ef3e5e)
		b'[unknown]' (6236f7ef49e5)
		b'[unknown]' (6236f7ef5066)
		b'[unknown]' (6236f7ef5df5)
		b'[unknown]' (6236f7ed7f38)
		b'[unknown]' (6236fea64b8d)
		b'[unknown]' (6236fea65171)
		b'[unknown]' (6236fea651e4)
		b'[unknown]' (6236fea65273)
		b'[unknown]' (6236fea652d7)
		b'[unknown]' (6236fea6581e)
		b'[unknown]' (6236fea65a0e)
		b'[unknown]' (6236fea65aad)
		b'[unknown]' (6236fea65b3b)
		b'[unknown]' (6236fea666ca)
		b'[unknown]' (6236fea6678b)
		b'[unknown]' (6236fea6797d)
		b'[unknown]' (6236f7d88dd2)
		b'[unknown]' (6236fea6b3d9)
		b'[unknown]' (6236fea6c3d5)
		b'[unknown]' (6236fea6b380)
		b'[unknown]' (6236fea6c529)
		b'[unknown]' (6236f7d88dd2)
		b'[unknown]' (6236fee6a91a)
		b'[unknown]' (6236fee67893)
		b'[unknown]' (6236fee6899a)
		b'[unknown]' (6236f8525afc)
		b'[unknown]' (6236fee6d592)
		b'[unknown]' (6236fee6e112)
		b'[unknown]' (6236f8525afc)
		b'[unknown]' (6236fee6d4db)
		b'[unknown]' (7c043a894ac3)

	Not found in mutex_ids. mutex (b'[unknown]') 504dffc3aad0 ::: wait time 5268.25us ::: hold time 12937.75us ::: enter count 2160
		b'[unknown]' (6236f9ad3c3a)
		b'[unknown]' (6236f9ad6190)
		b'[unknown]' (6236fee87b95)
		b'[unknown]' (6236fee9b71f)
		b'[unknown]' (6236fee97f34)
		b'[unknown]' (6236fee84a84)
		b'[unknown]' (6236f7dd36a6)
		b'[unknown]' (6236fcd8a808)
		b'[unknown]' (6236fcd8a37b)
		b'[unknown]' (6236f7d9cab7)
		b'[unknown]' (6236f7d862a3)
		b'[unknown]' (6236fcd735cc)
		b'[unknown]' (6236fcd735ec)
		b'[unknown]' (6236fcd73972)
		b'[unknown]' (6236fcd84c9e)
		b'[unknown]' (6236fcd83414)
		b'[unknown]' (6236fcd8163b)
		b'[unknown]' (6236fcd7f951)
		b'[unknown]' (6236fcd7cc48)
		b'[unknown]' (6236fcd78cdd)
		b'[unknown]' (6236fcd6d02c)
		b'[unknown]' (6236fcd65d21)
		b'[unknown]' (6236f8676266)
		b'[unknown]' (6236f8675bab)
		b'[unknown]' (6236f867537a)
		b'[unknown]' (6236f86750a2)
		b'[unknown]' (6236fa6284a3)
		b'[unknown]' (6236fa62c176)
		b'[unknown]' (6236fa3321c9)
		b'[unknown]' (6236fa33dd18)
		b'[unknown]' (6236fa33e46b)
		b'[unknown]' (6236fa33dd70)
		b'[unknown]' (6236fed9754e)
		b'[unknown]' (6236f7ee69ac)
		b'[unknown]' (6236f7ee9125)
		b'[unknown]' (6236f7eec3a0)
		b'[unknown]' (6236f7eed325)
		b'[unknown]' (6236f7eec7be)
		b'[unknown]' (6236f7eec86f)
		b'[unknown]' (6236f7ee8ad5)
		b'[unknown]' (6236f7ee8bc3)
		b'[unknown]' (6236f7ef1105)
		b'[unknown]' (6236f7ee7eb9)
		b'[unknown]' (6236f7ee7f5b)
		b'[unknown]' (6236f7ef3e5e)
		b'[unknown]' (6236f7ef49e5)
		b'[unknown]' (6236f7ef5066)
		b'[unknown]' (6236f7ef5df5)
		b'[unknown]' (6236f7ed7f38)
		b'[unknown]' (6236fea64b8d)
		b'[unknown]' (6236fea65171)
		b'[unknown]' (6236fea651e4)
		b'[unknown]' (6236fea65273)
		b'[unknown]' (6236fea652d7)
		b'[unknown]' (6236fea6581e)
		b'[unknown]' (6236fea65a0e)
		b'[unknown]' (6236fea65aad)
		b'[unknown]' (6236fea65b3b)
		b'[unknown]' (6236fea666ca)
		b'[unknown]' (6236fea6678b)
		b'[unknown]' (6236fea6797d)
		b'[unknown]' (6236f7d88dd2)
		b'[unknown]' (6236fea6b3d9)
		b'[unknown]' (6236fea6c3d5)
		b'[unknown]' (6236fea6b380)
		b'[unknown]' (6236fea6c529)
		b'[unknown]' (6236f7d88dd2)
		b'[unknown]' (6236fee6a91a)
		b'[unknown]' (6236fee67893)
		b'[unknown]' (6236fee6899a)
		b'[unknown]' (6236f8525afc)
		b'[unknown]' (6236fee6d592)
		b'[unknown]' (6236fee6e112)
		b'[unknown]' (6236f8525afc)
		b'[unknown]' (6236fee6d4db)
		b'[unknown]' (7c043a894ac3)

	Not found in mutex_ids. mutex (b'[unknown]') 504dffc3b0b8 ::: wait time 5268.25us ::: hold time 14131.61us ::: enter count 2179
		b'[unknown]' (6236f9ad3c3a)
		b'[unknown]' (6236f9ad6190)
		b'[unknown]' (6236fee87b95)
		b'[unknown]' (6236fee9b71f)
		b'[unknown]' (6236fee97f34)
		b'[unknown]' (6236fee978bb)
		b'[unknown]' (6236fee83f43)
		b'[unknown]' (6236fee83ed8)
		b'[unknown]' (6236f7e894d4)
		b'[unknown]' (6236f7e89385)
		b'[unknown]' (6236f7e892d8)
		b'[unknown]' (6236f7e89298)
		b'[unknown]' (6236fee84aa4)
		b'[unknown]' (6236f7dd36a6)
		b'[unknown]' (6236fcd8a808)
		b'[unknown]' (6236fcd8a37b)
		b'[unknown]' (6236f7d9cab7)
		b'[unknown]' (6236f7d862a3)
		b'[unknown]' (6236fcd735cc)
		b'[unknown]' (6236fcd735ec)
		b'[unknown]' (6236fcd73972)
		b'[unknown]' (6236fcd84c9e)
		b'[unknown]' (6236fcd83414)
		b'[unknown]' (6236fcd8163b)
		b'[unknown]' (6236fcd7f951)
		b'[unknown]' (6236fcd7cc48)
		b'[unknown]' (6236fcd78cdd)
		b'[unknown]' (6236fcd6d02c)
		b'[unknown]' (6236fcd65d21)
		b'[unknown]' (6236f8676266)
		b'[unknown]' (6236f8675bab)
		b'[unknown]' (6236f867537a)
		b'[unknown]' (6236f86750a2)
		b'[unknown]' (6236fa6284a3)
		b'[unknown]' (6236fa62c176)
		b'[unknown]' (6236fa3321c9)
		b'[unknown]' (6236fa33dd18)
		b'[unknown]' (6236fa33e46b)
		b'[unknown]' (6236fa33dd70)
		b'[unknown]' (6236fed9754e)
		b'[unknown]' (6236f7ee69ac)
		b'[unknown]' (6236f7ee9125)
		b'[unknown]' (6236f7eec3a0)
		b'[unknown]' (6236f7eed325)
		b'[unknown]' (6236f7eec7be)
		b'[unknown]' (6236f7eec86f)
		b'[unknown]' (6236f7ee8ad5)
		b'[unknown]' (6236f7ee8bc3)
		b'[unknown]' (6236f7ef1105)
		b'[unknown]' (6236f7ee7eb9)
		b'[unknown]' (6236f7ee7f5b)
		b'[unknown]' (6236f7ef3e5e)
		b'[unknown]' (6236f7ef49e5)
		b'[unknown]' (6236f7ef5066)
		b'[unknown]' (6236f7ef5df5)
		b'[unknown]' (6236f7ed7f38)
		b'[unknown]' (6236fea64b8d)
		b'[unknown]' (6236fea65171)
		b'[unknown]' (6236fea651e4)
		b'[unknown]' (6236fea65273)
		b'[unknown]' (6236fea652d7)
		b'[unknown]' (6236fea6581e)
		b'[unknown]' (6236fea65a0e)
		b'[unknown]' (6236fea65aad)
		b'[unknown]' (6236fea65b3b)
		b'[unknown]' (6236fea666ca)
		b'[unknown]' (6236fea6678b)
		b'[unknown]' (6236fea6797d)
		b'[unknown]' (6236f7d88dd2)
		b'[unknown]' (6236fea6b3d9)
		b'[unknown]' (6236fea6c3d5)
		b'[unknown]' (6236fea6b380)
		b'[unknown]' (6236fea6c529)
		b'[unknown]' (6236f7d88dd2)
		b'[unknown]' (6236fee6a91a)
		b'[unknown]' (6236fee67893)
		b'[unknown]' (6236fee6899a)
		b'[unknown]' (6236f8525afc)
		b'[unknown]' (6236fee6d592)
		b'[unknown]' (6236fee6e112)
		b'[unknown]' (6236f8525afc)
		b'[unknown]' (6236fee6d4db)
		b'[unknown]' (7c043a894ac3)

	Not found in mutex_ids. mutex (b'[unknown]') 504dffc3aa88 ::: wait time 5264.91us ::: hold time 14363.17us ::: enter count 2246
		b'[unknown]' (6236f9ad3c3a)
		b'[unknown]' (6236f9ad6190)
		b'[unknown]' (6236fee87859)
		b'[unknown]' (6236fee9a513)
		b'[unknown]' (6236fee97c33)
		b'[unknown]' (6236fee84be4)
		b'[unknown]' (6236fcd7dc8e)
		b'[unknown]' (6236fcd79c33)
		b'[unknown]' (6236fcd762bd)
		b'[unknown]' (6236fcd6897e)
		b'[unknown]' (6236fcd66c41)
		b'[unknown]' (6236fcd666bd)
		b'[unknown]' (6236fa627325)
		b'[unknown]' (6236fa62808a)
		b'[unknown]' (6236fa62c176)
		b'[unknown]' (6236fa3321c9)
		b'[unknown]' (6236fa33dd18)
		b'[unknown]' (6236fa33e46b)
		b'[unknown]' (6236fa33dd70)
		b'[unknown]' (6236fed9754e)
		b'[unknown]' (6236f7ee69ac)
		b'[unknown]' (6236f7ee9125)
		b'[unknown]' (6236f7eec3a0)
		b'[unknown]' (6236f7eed325)
		b'[unknown]' (6236f7eec7be)
		b'[unknown]' (6236f7eec86f)
		b'[unknown]' (6236f7ee8ad5)
		b'[unknown]' (6236f7ee8bc3)
		b'[unknown]' (6236f7ef1105)
		b'[unknown]' (6236f7ee7eb9)
		b'[unknown]' (6236f7ee7f5b)
		b'[unknown]' (6236f7ef3e5e)
		b'[unknown]' (6236f7ef49e5)
		b'[unknown]' (6236f7ef5066)
		b'[unknown]' (6236f7ef5df5)
		b'[unknown]' (6236f7ed7f38)
		b'[unknown]' (6236fea64b8d)
		b'[unknown]' (6236fea65171)
		b'[unknown]' (6236fea651e4)
		b'[unknown]' (6236fea65273)
		b'[unknown]' (6236fea652d7)
		b'[unknown]' (6236fea6581e)
		b'[unknown]' (6236fea65a0e)
		b'[unknown]' (6236fea65aad)
		b'[unknown]' (6236fea65b3b)
		b'[unknown]' (6236fea666ca)
		b'[unknown]' (6236fea6678b)
		b'[unknown]' (6236fea6797d)
		b'[unknown]' (6236f7d88dd2)
		b'[unknown]' (6236fea6b3d9)
		b'[unknown]' (6236fea6c3d5)
		b'[unknown]' (6236fea6b380)
		b'[unknown]' (6236fea6c529)
		b'[unknown]' (6236f7d88dd2)
		b'[unknown]' (6236fee6a91a)
		b'[unknown]' (6236fee67893)
		b'[unknown]' (6236fee6899a)
		b'[unknown]' (6236f8525afc)
		b'[unknown]' (6236fee6d592)
		b'[unknown]' (6236fee6e112)
		b'[unknown]' (6236f8525afc)
		b'[unknown]' (6236fee6d4db)
		b'[unknown]' (7c043a894ac3)

	Not found in mutex_ids. mutex (b'[unknown]') 504dffc3af98 ::: wait time 5254.48us ::: hold time 14068.38us ::: enter count 2196
		b'[unknown]' (6236f9ad3c3a)
		b'[unknown]' (6236f9ad6190)
		b'[unknown]' (6236fee87b95)
		b'[unknown]' (6236fee9b71f)
		b'[unknown]' (6236fee97f34)
		b'[unknown]' (6236fee978bb)
		b'[unknown]' (6236fee83f43)
		b'[unknown]' (6236fee83ed8)
		b'[unknown]' (6236f7e894d4)
		b'[unknown]' (6236f7e89385)
		b'[unknown]' (6236f7e892d8)
		b'[unknown]' (6236f7e89298)
		b'[unknown]' (6236fee84aa4)
		b'[unknown]' (6236f7dd36a6)
		b'[unknown]' (6236fcd8a808)
		b'[unknown]' (6236fcd8a37b)
		b'[unknown]' (6236f7d9cab7)
		b'[unknown]' (6236f7d862a3)
		b'[unknown]' (6236fcd735cc)
		b'[unknown]' (6236fcd735ec)
		b'[unknown]' (6236fcd73972)
		b'[unknown]' (6236fcd84c9e)
		b'[unknown]' (6236fcd83414)
		b'[unknown]' (6236fcd8163b)
		b'[unknown]' (6236fcd7f951)
		b'[unknown]' (6236fcd7cc48)
		b'[unknown]' (6236fcd78cdd)
		b'[unknown]' (6236fcd6d02c)
		b'[unknown]' (6236fcd65d21)
		b'[unknown]' (6236f8676266)
		b'[unknown]' (6236f8675bab)
		b'[unknown]' (6236f867537a)
		b'[unknown]' (6236f86750a2)
		b'[unknown]' (6236fa6284a3)
		b'[unknown]' (6236fa62c176)
		b'[unknown]' (6236fa3321c9)
		b'[unknown]' (6236fa33dd18)
		b'[unknown]' (6236fa33e46b)
		b'[unknown]' (6236fa33dd70)
		b'[unknown]' (6236fed9754e)
		b'[unknown]' (6236f7ee69ac)
		b'[unknown]' (6236f7ee9125)
		b'[unknown]' (6236f7eec3a0)
		b'[unknown]' (6236f7eed325)
		b'[unknown]' (6236f7eec7be)
		b'[unknown]' (6236f7eec86f)
		b'[unknown]' (6236f7ee8ad5)
		b'[unknown]' (6236f7ee8bc3)
		b'[unknown]' (6236f7ef1105)
		b'[unknown]' (6236f7ee7eb9)
		b'[unknown]' (6236f7ee7f5b)
		b'[unknown]' (6236f7ef3e5e)
		b'[unknown]' (6236f7ef49e5)
		b'[unknown]' (6236f7ef5066)
		b'[unknown]' (6236f7ef5df5)
		b'[unknown]' (6236f7ed7f38)
		b'[unknown]' (6236fea64b8d)
		b'[unknown]' (6236fea65171)
		b'[unknown]' (6236fea651e4)
		b'[unknown]' (6236fea65273)
		b'[unknown]' (6236fea652d7)
		b'[unknown]' (6236fea6581e)
		b'[unknown]' (6236fea65a0e)
		b'[unknown]' (6236fea65aad)
		b'[unknown]' (6236fea65b3b)
		b'[unknown]' (6236fea666ca)
		b'[unknown]' (6236fea6678b)
		b'[unknown]' (6236fea6797d)
		b'[unknown]' (6236f7d88dd2)
		b'[unknown]' (6236fea6b3d9)
		b'[unknown]' (6236fea6c3d5)
		b'[unknown]' (6236fea6b380)
		b'[unknown]' (6236fea6c529)
		b'[unknown]' (6236f7d88dd2)
		b'[unknown]' (6236fee6a91a)
		b'[unknown]' (6236fee67893)
		b'[unknown]' (6236fee6899a)
		b'[unknown]' (6236f8525afc)
		b'[unknown]' (6236fee6d592)
		b'[unknown]' (6236fee6e112)
		b'[unknown]' (6236f8525afc)
		b'[unknown]' (6236fee6d4db)
		b'[unknown]' (7c043a894ac3)

	Not found in mutex_ids. mutex (b'[unknown]') 504dffc3b190 ::: wait time 5252.44us ::: hold time 13782.60us ::: enter count 2188
		b'[unknown]' (6236f9ad3c3a)
		b'[unknown]' (6236f9ad6190)
		b'[unknown]' (6236fee87b95)
		b'[unknown]' (6236fee9b71f)
		b'[unknown]' (6236fee97f34)
		b'[unknown]' (6236fee83f09)
		b'[unknown]' (6236f7e894d4)
		b'[unknown]' (6236f7e89385)
		b'[unknown]' (6236f7e892d8)
		b'[unknown]' (6236f7e89298)
		b'[unknown]' (6236fee84aa4)
		b'[unknown]' (6236f7dd36a6)
		b'[unknown]' (6236fcd8a808)
		b'[unknown]' (6236fcd8a37b)
		b'[unknown]' (6236f7d9cab7)
		b'[unknown]' (6236f7d862a3)
		b'[unknown]' (6236fcd735cc)
		b'[unknown]' (6236fcd735ec)
		b'[unknown]' (6236fcd73972)
		b'[unknown]' (6236fcd84c9e)
		b'[unknown]' (6236fcd83414)
		b'[unknown]' (6236fcd8163b)
		b'[unknown]' (6236fcd7f951)
		b'[unknown]' (6236fcd7cc48)
		b'[unknown]' (6236fcd78cdd)
		b'[unknown]' (6236fcd6d02c)
		b'[unknown]' (6236fcd65d21)
		b'[unknown]' (6236f8676266)
		b'[unknown]' (6236f8675bab)
		b'[unknown]' (6236f867537a)
		b'[unknown]' (6236f86750a2)
		b'[unknown]' (6236fa6284a3)
		b'[unknown]' (6236fa62c176)
		b'[unknown]' (6236fa3321c9)
		b'[unknown]' (6236fa33dd18)
		b'[unknown]' (6236fa33e46b)
		b'[unknown]' (6236fa33dd70)
		b'[unknown]' (6236fed9754e)
		b'[unknown]' (6236f7ee69ac)
		b'[unknown]' (6236f7ee9125)
		b'[unknown]' (6236f7eec3a0)
		b'[unknown]' (6236f7eed325)
		b'[unknown]' (6236f7eec7be)
		b'[unknown]' (6236f7eec86f)
		b'[unknown]' (6236f7ee8ad5)
		b'[unknown]' (6236f7ee8bc3)
		b'[unknown]' (6236f7ef1105)
		b'[unknown]' (6236f7ee7eb9)
		b'[unknown]' (6236f7ee7f5b)
		b'[unknown]' (6236f7ef3e5e)
		b'[unknown]' (6236f7ef49e5)
		b'[unknown]' (6236f7ef5066)
		b'[unknown]' (6236f7ef5df5)
		b'[unknown]' (6236f7ed7f38)
		b'[unknown]' (6236fea64b8d)
		b'[unknown]' (6236fea65171)
		b'[unknown]' (6236fea651e4)
		b'[unknown]' (6236fea65273)
		b'[unknown]' (6236fea652d7)
		b'[unknown]' (6236fea6581e)
		b'[unknown]' (6236fea65a0e)
		b'[unknown]' (6236fea65aad)
		b'[unknown]' (6236fea65b3b)
		b'[unknown]' (6236fea666ca)
		b'[unknown]' (6236fea6678b)
		b'[unknown]' (6236fea6797d)
		b'[unknown]' (6236f7d88dd2)
		b'[unknown]' (6236fea6b3d9)
		b'[unknown]' (6236fea6c3d5)
		b'[unknown]' (6236fea6b380)
		b'[unknown]' (6236fea6c529)
		b'[unknown]' (6236f7d88dd2)
		b'[unknown]' (6236fee6a91a)
		b'[unknown]' (6236fee67893)
		b'[unknown]' (6236fee6899a)
		b'[unknown]' (6236f8525afc)
		b'[unknown]' (6236fee6d592)
		b'[unknown]' (6236fee6e112)
		b'[unknown]' (6236f8525afc)
		b'[unknown]' (6236fee6d4db)
		b'[unknown]' (7c043a894ac3)

	Not found in mutex_ids. mutex (b'[unknown]') 504dffc3b0b8 ::: wait time 5241.66us ::: hold time 13636.25us ::: enter count 2179
		b'[unknown]' (6236f9ad3c3a)
		b'[unknown]' (6236f9ad6190)
		b'[unknown]' (6236fee87859)
		b'[unknown]' (6236fee9a513)
		b'[unknown]' (6236fee97c33)
		b'[unknown]' (6236fee84be4)
		b'[unknown]' (6236fcd7dc8e)
		b'[unknown]' (6236fcd79c33)
		b'[unknown]' (6236fcd762bd)
		b'[unknown]' (6236fcd6897e)
		b'[unknown]' (6236fcd66c41)
		b'[unknown]' (6236fcd666bd)
		b'[unknown]' (6236fa627325)
		b'[unknown]' (6236fa62808a)
		b'[unknown]' (6236fa62c176)
		b'[unknown]' (6236fa3321c9)
		b'[unknown]' (6236fa33dd18)
		b'[unknown]' (6236fa33e46b)
		b'[unknown]' (6236fa33dd70)
		b'[unknown]' (6236fed9754e)
		b'[unknown]' (6236f7ee69ac)
		b'[unknown]' (6236f7ee9125)
		b'[unknown]' (6236f7eec3a0)
		b'[unknown]' (6236f7eed325)
		b'[unknown]' (6236f7eec7be)
		b'[unknown]' (6236f7eec86f)
		b'[unknown]' (6236f7ee8ad5)
		b'[unknown]' (6236f7ee8bc3)
		b'[unknown]' (6236f7ef1105)
		b'[unknown]' (6236f7ee7eb9)
		b'[unknown]' (6236f7ee7f5b)
		b'[unknown]' (6236f7ef3e5e)
		b'[unknown]' (6236f7ef49e5)
		b'[unknown]' (6236f7ef5066)
		b'[unknown]' (6236f7ef5df5)
		b'[unknown]' (6236f7ed7f38)
		b'[unknown]' (6236fea64b8d)
		b'[unknown]' (6236fea65171)
		b'[unknown]' (6236fea651e4)
		b'[unknown]' (6236fea65273)
		b'[unknown]' (6236fea652d7)
		b'[unknown]' (6236fea6581e)
		b'[unknown]' (6236fea65a0e)
		b'[unknown]' (6236fea65aad)
		b'[unknown]' (6236fea65b3b)
		b'[unknown]' (6236fea666ca)
		b'[unknown]' (6236fea6678b)
		b'[unknown]' (6236fea6797d)
		b'[unknown]' (6236f7d88dd2)
		b'[unknown]' (6236fea6b3d9)
		b'[unknown]' (6236fea6c3d5)
		b'[unknown]' (6236fea6b380)
		b'[unknown]' (6236fea6c529)
		b'[unknown]' (6236f7d88dd2)
		b'[unknown]' (6236fee6a91a)
		b'[unknown]' (6236fee67893)
		b'[unknown]' (6236fee6899a)
		b'[unknown]' (6236f8525afc)
		b'[unknown]' (6236fee6d592)
		b'[unknown]' (6236fee6e112)
		b'[unknown]' (6236f8525afc)
		b'[unknown]' (6236fee6d4db)
		b'[unknown]' (7c043a894ac3)

	Not found in mutex_ids. mutex (b'[unknown]') 504dffc3acc8 ::: wait time 5238.58us ::: hold time 14259.26us ::: enter count 2179
		b'[unknown]' (6236f7d776a7)
		b'[unknown]' (6236f7d77cac)
		b'[unknown]' (6236f7d80eca)
		b'[unknown]' (6236feea0bc6)
		b'[unknown]' (6236fee9b7d2)
		b'[unknown]' (6236fee97f34)
		b'[unknown]' (6236fee978bb)
		b'[unknown]' (6236fee83f43)
		b'[unknown]' (6236fee83ed8)
		b'[unknown]' (6236fac87a38)
		b'[unknown]' (6236fac8b826)
		b'[unknown]' (6236fac8ad9f)
		b'[unknown]' (6236fac89edd)
		b'[unknown]' (6236f9568403)
		b'[unknown]' (6236f956697f)
		b'[unknown]' (6236f9567af9)
		b'[unknown]' (6236f95679ea)
		b'[unknown]' (6236f9567743)
		b'[unknown]' (6236f956777d)
		b'[unknown]' (6236f95677ee)
		b'[unknown]' (6236f9568168)
		b'[unknown]' (6236f956812b)
		b'[unknown]' (6236f95680d8)
		b'[unknown]' (6236f95680ac)
		b'[unknown]' (6236f9568090)
		b'[unknown]' (7c043ace62b3)

	Not found in mutex_ids. mutex (b'[unknown]') 504dffc3aec0 ::: wait time 5235.10us ::: hold time 13609.74us ::: enter count 2178
		b'[unknown]' (6236f9ad3c3a)
		b'[unknown]' (6236f9ad6190)
		b'[unknown]' (6236fee87859)
		b'[unknown]' (6236fee9a513)
		b'[unknown]' (6236fee97c33)
		b'[unknown]' (6236fee84be4)
		b'[unknown]' (6236fcd7dc8e)
		b'[unknown]' (6236fcd79c33)
		b'[unknown]' (6236fcd762bd)
		b'[unknown]' (6236fcd6897e)
		b'[unknown]' (6236fcd66c41)
		b'[unknown]' (6236fcd666bd)
		b'[unknown]' (6236fa627325)
		b'[unknown]' (6236fa62808a)
		b'[unknown]' (6236fa62c176)
		b'[unknown]' (6236fa3321c9)
		b'[unknown]' (6236fa33dd18)
		b'[unknown]' (6236fa33e46b)
		b'[unknown]' (6236fa33dd70)
		b'[unknown]' (6236fed9754e)
		b'[unknown]' (6236f7ee69ac)
		b'[unknown]' (6236f7ee9125)
		b'[unknown]' (6236f7eec3a0)
		b'[unknown]' (6236f7eed325)
		b'[unknown]' (6236f7eec7be)
		b'[unknown]' (6236f7eec86f)
		b'[unknown]' (6236f7ee8ad5)
		b'[unknown]' (6236f7ee8bc3)
		b'[unknown]' (6236f7ef1105)
		b'[unknown]' (6236f7ee7eb9)
		b'[unknown]' (6236f7ee7f5b)
		b'[unknown]' (6236f7ef3e5e)
		b'[unknown]' (6236f7ef49e5)
		b'[unknown]' (6236f7ef5066)
		b'[unknown]' (6236f7ef5df5)
		b'[unknown]' (6236f7ed7f38)
		b'[unknown]' (6236fea64b8d)
		b'[unknown]' (6236fea65171)
		b'[unknown]' (6236fea651e4)
		b'[unknown]' (6236fea65273)
		b'[unknown]' (6236fea652d7)
		b'[unknown]' (6236fea6581e)
		b'[unknown]' (6236fea65a0e)
		b'[unknown]' (6236fea65aad)
		b'[unknown]' (6236fea65b3b)
		b'[unknown]' (6236fea666ca)
		b'[unknown]' (6236fea6678b)
		b'[unknown]' (6236fea6797d)
		b'[unknown]' (6236f7d88dd2)
		b'[unknown]' (6236fea6b3d9)
		b'[unknown]' (6236fea6c3d5)
		b'[unknown]' (6236fea6b380)
		b'[unknown]' (6236fea6c529)
		b'[unknown]' (6236f7d88dd2)
		b'[unknown]' (6236fee6a91a)
		b'[unknown]' (6236fee67893)
		b'[unknown]' (6236fee6899a)
		b'[unknown]' (6236f8525afc)
		b'[unknown]' (6236fee6d592)
		b'[unknown]' (6236fee6e112)
		b'[unknown]' (6236f8525afc)
		b'[unknown]' (6236fee6d4db)
		b'[unknown]' (7c043a894ac3)

	Not found in mutex_ids. mutex (b'[unknown]') 504dffc3aec0 ::: wait time 5234.57us ::: hold time 13947.63us ::: enter count 2178
		b'[unknown]' (6236f9ad3c3a)
		b'[unknown]' (6236f9ad6190)
		b'[unknown]' (6236fee87b95)
		b'[unknown]' (6236fee9b71f)
		b'[unknown]' (6236fee97f34)
		b'[unknown]' (6236fee978bb)
		b'[unknown]' (6236fee83f43)
		b'[unknown]' (6236fee83ed8)
		b'[unknown]' (6236f7e894d4)
		b'[unknown]' (6236f7e89385)
		b'[unknown]' (6236f7e892d8)
		b'[unknown]' (6236f7e89298)
		b'[unknown]' (6236fee84aa4)
		b'[unknown]' (6236f7dd36a6)
		b'[unknown]' (6236fcd8a808)
		b'[unknown]' (6236fcd8a37b)
		b'[unknown]' (6236f7d9cab7)
		b'[unknown]' (6236f7d862a3)
		b'[unknown]' (6236fcd735cc)
		b'[unknown]' (6236fcd735ec)
		b'[unknown]' (6236fcd73972)
		b'[unknown]' (6236fcd84c9e)
		b'[unknown]' (6236fcd83414)
		b'[unknown]' (6236fcd8163b)
		b'[unknown]' (6236fcd7f951)
		b'[unknown]' (6236fcd7cc48)
		b'[unknown]' (6236fcd78cdd)
		b'[unknown]' (6236fcd6d02c)
		b'[unknown]' (6236fcd65d21)
		b'[unknown]' (6236f8676266)
		b'[unknown]' (6236f8675bab)
		b'[unknown]' (6236f867537a)
		b'[unknown]' (6236f86750a2)
		b'[unknown]' (6236fa6284a3)
		b'[unknown]' (6236fa62c176)
		b'[unknown]' (6236fa3321c9)
		b'[unknown]' (6236fa33dd18)
		b'[unknown]' (6236fa33e46b)
		b'[unknown]' (6236fa33dd70)
		b'[unknown]' (6236fed9754e)
		b'[unknown]' (6236f7ee69ac)
		b'[unknown]' (6236f7ee9125)
		b'[unknown]' (6236f7eec3a0)
		b'[unknown]' (6236f7eed325)
		b'[unknown]' (6236f7eec7be)
		b'[unknown]' (6236f7eec86f)
		b'[unknown]' (6236f7ee8ad5)
		b'[unknown]' (6236f7ee8bc3)
		b'[unknown]' (6236f7ef1105)
		b'[unknown]' (6236f7ee7eb9)
		b'[unknown]' (6236f7ee7f5b)
		b'[unknown]' (6236f7ef3e5e)
		b'[unknown]' (6236f7ef49e5)
		b'[unknown]' (6236f7ef5066)
		b'[unknown]' (6236f7ef5df5)
		b'[unknown]' (6236f7ed7f38)
		b'[unknown]' (6236fea64b8d)
		b'[unknown]' (6236fea65171)
		b'[unknown]' (6236fea651e4)
		b'[unknown]' (6236fea65273)
		b'[unknown]' (6236fea652d7)
		b'[unknown]' (6236fea6581e)
		b'[unknown]' (6236fea65a0e)
		b'[unknown]' (6236fea65aad)
		b'[unknown]' (6236fea65b3b)
		b'[unknown]' (6236fea666ca)
		b'[unknown]' (6236fea6678b)
		b'[unknown]' (6236fea6797d)
		b'[unknown]' (6236f7d88dd2)
		b'[unknown]' (6236fea6b3d9)
		b'[unknown]' (6236fea6c3d5)
		b'[unknown]' (6236fea6b380)
		b'[unknown]' (6236fea6c529)
		b'[unknown]' (6236f7d88dd2)
		b'[unknown]' (6236fee6a91a)
		b'[unknown]' (6236fee67893)
		b'[unknown]' (6236fee6899a)
		b'[unknown]' (6236f8525afc)
		b'[unknown]' (6236fee6d592)
		b'[unknown]' (6236fee6e112)
		b'[unknown]' (6236f8525afc)
		b'[unknown]' (6236fee6d4db)
		b'[unknown]' (7c043a894ac3)

	Not found in mutex_ids. mutex (b'[unknown]') 504dffc3aec0 ::: wait time 5234.47us ::: hold time 13615.22us ::: enter count 2178
		b'[unknown]' (6236f9ad3c3a)
		b'[unknown]' (6236f9ad6190)
		b'[unknown]' (6236fee87b95)
		b'[unknown]' (6236fee9b71f)
		b'[unknown]' (6236fee97f34)
		b'[unknown]' (6236fee83f09)
		b'[unknown]' (6236f7e894d4)
		b'[unknown]' (6236f7e89385)
		b'[unknown]' (6236f7e892d8)
		b'[unknown]' (6236f7e89298)
		b'[unknown]' (6236fee84aa4)
		b'[unknown]' (6236f7dd36a6)
		b'[unknown]' (6236fcd8a808)
		b'[unknown]' (6236fcd8a37b)
		b'[unknown]' (6236f7d9cab7)
		b'[unknown]' (6236f7d862a3)
		b'[unknown]' (6236fcd735cc)
		b'[unknown]' (6236fcd735ec)
		b'[unknown]' (6236fcd73972)
		b'[unknown]' (6236fcd84c9e)
		b'[unknown]' (6236fcd83414)
		b'[unknown]' (6236fcd8163b)
		b'[unknown]' (6236fcd7f951)
		b'[unknown]' (6236fcd7cc48)
		b'[unknown]' (6236fcd78cdd)
		b'[unknown]' (6236fcd6d02c)
		b'[unknown]' (6236fcd65d21)
		b'[unknown]' (6236f8676266)
		b'[unknown]' (6236f8675bab)
		b'[unknown]' (6236f867537a)
		b'[unknown]' (6236f86750a2)
		b'[unknown]' (6236fa6284a3)
		b'[unknown]' (6236fa62c176)
		b'[unknown]' (6236fa3321c9)
		b'[unknown]' (6236fa33dd18)
		b'[unknown]' (6236fa33e46b)
		b'[unknown]' (6236fa33dd70)
		b'[unknown]' (6236fed9754e)
		b'[unknown]' (6236f7ee69ac)
		b'[unknown]' (6236f7ee9125)
		b'[unknown]' (6236f7eec3a0)
		b'[unknown]' (6236f7eed325)
		b'[unknown]' (6236f7eec7be)
		b'[unknown]' (6236f7eec86f)
		b'[unknown]' (6236f7ee8ad5)
		b'[unknown]' (6236f7ee8bc3)
		b'[unknown]' (6236f7ef1105)
		b'[unknown]' (6236f7ee7eb9)
		b'[unknown]' (6236f7ee7f5b)
		b'[unknown]' (6236f7ef3e5e)
		b'[unknown]' (6236f7ef49e5)
		b'[unknown]' (6236f7ef5066)
		b'[unknown]' (6236f7ef5df5)
		b'[unknown]' (6236f7ed7f38)
		b'[unknown]' (6236fea64b8d)
		b'[unknown]' (6236fea65171)
		b'[unknown]' (6236fea651e4)
		b'[unknown]' (6236fea65273)
		b'[unknown]' (6236fea652d7)
		b'[unknown]' (6236fea6581e)
		b'[unknown]' (6236fea65a0e)
		b'[unknown]' (6236fea65aad)
		b'[unknown]' (6236fea65b3b)
		b'[unknown]' (6236fea666ca)
		b'[unknown]' (6236fea6678b)
		b'[unknown]' (6236fea6797d)
		b'[unknown]' (6236f7d88dd2)
		b'[unknown]' (6236fea6b3d9)
		b'[unknown]' (6236fea6c3d5)
		b'[unknown]' (6236fea6b380)
		b'[unknown]' (6236fea6c529)
		b'[unknown]' (6236f7d88dd2)
		b'[unknown]' (6236fee6a91a)
		b'[unknown]' (6236fee67893)
		b'[unknown]' (6236fee6899a)
		b'[unknown]' (6236f8525afc)
		b'[unknown]' (6236fee6d592)
		b'[unknown]' (6236fee6e112)
		b'[unknown]' (6236f8525afc)
		b'[unknown]' (6236fee6d4db)
		b'[unknown]' (7c043a894ac3)

	Not found in mutex_ids. mutex (b'[unknown]') 504dffc3b190 ::: wait time 5231.58us ::: hold time 14578.72us ::: enter count 2188
		b'[unknown]' (6236f9ad3c3a)
		b'[unknown]' (6236f9ad6190)
		b'[unknown]' (6236fee87b95)
		b'[unknown]' (6236fee9b71f)
		b'[unknown]' (6236fee97f34)
		b'[unknown]' (6236fee978bb)
		b'[unknown]' (6236fee83f43)
		b'[unknown]' (6236fee83ed8)
		b'[unknown]' (6236f7e894d4)
		b'[unknown]' (6236f7e89385)
		b'[unknown]' (6236f7e892d8)
		b'[unknown]' (6236f7e89298)
		b'[unknown]' (6236fee84aa4)
		b'[unknown]' (6236f7dd36a6)
		b'[unknown]' (6236fcd8a808)
		b'[unknown]' (6236fcd8a37b)
		b'[unknown]' (6236f7d9cab7)
		b'[unknown]' (6236f7d862a3)
		b'[unknown]' (6236fcd735cc)
		b'[unknown]' (6236fcd735ec)
		b'[unknown]' (6236fcd73972)
		b'[unknown]' (6236fcd84c9e)
		b'[unknown]' (6236fcd83414)
		b'[unknown]' (6236fcd8163b)
		b'[unknown]' (6236fcd7f951)
		b'[unknown]' (6236fcd7cc48)
		b'[unknown]' (6236fcd78cdd)
		b'[unknown]' (6236fcd6d02c)
		b'[unknown]' (6236fcd65d21)
		b'[unknown]' (6236f8676266)
		b'[unknown]' (6236f8675bab)
		b'[unknown]' (6236f867537a)
		b'[unknown]' (6236f86750a2)
		b'[unknown]' (6236fa6284a3)
		b'[unknown]' (6236fa62c176)
		b'[unknown]' (6236fa3321c9)
		b'[unknown]' (6236fa33dd18)
		b'[unknown]' (6236fa33e46b)
		b'[unknown]' (6236fa33dd70)
		b'[unknown]' (6236fed9754e)
		b'[unknown]' (6236f7ee69ac)
		b'[unknown]' (6236f7ee9125)
		b'[unknown]' (6236f7eec3a0)
		b'[unknown]' (6236f7eed325)
		b'[unknown]' (6236f7eec7be)
		b'[unknown]' (6236f7eec86f)
		b'[unknown]' (6236f7ee8ad5)
		b'[unknown]' (6236f7ee8bc3)
		b'[unknown]' (6236f7ef1105)
		b'[unknown]' (6236f7ee7eb9)
		b'[unknown]' (6236f7ee7f5b)
		b'[unknown]' (6236f7ef3e5e)
		b'[unknown]' (6236f7ef49e5)
		b'[unknown]' (6236f7ef5066)
		b'[unknown]' (6236f7ef5df5)
		b'[unknown]' (6236f7ed7f38)
		b'[unknown]' (6236fea64b8d)
		b'[unknown]' (6236fea65171)
		b'[unknown]' (6236fea651e4)
		b'[unknown]' (6236fea65273)
		b'[unknown]' (6236fea652d7)
		b'[unknown]' (6236fea6581e)
		b'[unknown]' (6236fea65a0e)
		b'[unknown]' (6236fea65aad)
		b'[unknown]' (6236fea65b3b)
		b'[unknown]' (6236fea666ca)
		b'[unknown]' (6236fea6678b)
		b'[unknown]' (6236fea6797d)
		b'[unknown]' (6236f7d88dd2)
		b'[unknown]' (6236fea6b3d9)
		b'[unknown]' (6236fea6c3d5)
		b'[unknown]' (6236fea6b380)
		b'[unknown]' (6236fea6c529)
		b'[unknown]' (6236f7d88dd2)
		b'[unknown]' (6236fee6a91a)
		b'[unknown]' (6236fee67893)
		b'[unknown]' (6236fee6899a)
		b'[unknown]' (6236f8525afc)
		b'[unknown]' (6236fee6d592)
		b'[unknown]' (6236fee6e112)
		b'[unknown]' (6236f8525afc)
		b'[unknown]' (6236fee6d4db)
		b'[unknown]' (7c043a894ac3)

	Not found in mutex_ids. mutex (b'[unknown]') 504dffc3acc8 ::: wait time 5222.59us ::: hold time 13535.94us ::: enter count 2179
		b'[unknown]' (6236f9ad3c3a)
		b'[unknown]' (6236f9ad6190)
		b'[unknown]' (6236fee87b95)
		b'[unknown]' (6236fee9b71f)
		b'[unknown]' (6236fee97f34)
		b'[unknown]' (6236fee83f09)
		b'[unknown]' (6236f7e894d4)
		b'[unknown]' (6236f7e89385)
		b'[unknown]' (6236f7e892d8)
		b'[unknown]' (6236f7e89298)
		b'[unknown]' (6236fee84aa4)
		b'[unknown]' (6236f7dd36a6)
		b'[unknown]' (6236fcd8a808)
		b'[unknown]' (6236fcd8a37b)
		b'[unknown]' (6236f7d9cab7)
		b'[unknown]' (6236f7d862a3)
		b'[unknown]' (6236fcd735cc)
		b'[unknown]' (6236fcd735ec)
		b'[unknown]' (6236fcd73972)
		b'[unknown]' (6236fcd84c9e)
		b'[unknown]' (6236fcd83414)
		b'[unknown]' (6236fcd8163b)
		b'[unknown]' (6236fcd7f951)
		b'[unknown]' (6236fcd7cc48)
		b'[unknown]' (6236fcd78cdd)
		b'[unknown]' (6236fcd6d02c)
		b'[unknown]' (6236fcd65d21)
		b'[unknown]' (6236f8676266)
		b'[unknown]' (6236f8675bab)
		b'[unknown]' (6236f867537a)
		b'[unknown]' (6236f86750a2)
		b'[unknown]' (6236fa6284a3)
		b'[unknown]' (6236fa62c176)
		b'[unknown]' (6236fa3321c9)
		b'[unknown]' (6236fa33dd18)
		b'[unknown]' (6236fa33e46b)
		b'[unknown]' (6236fa33dd70)
		b'[unknown]' (6236fed9754e)
		b'[unknown]' (6236f7ee69ac)
		b'[unknown]' (6236f7ee9125)
		b'[unknown]' (6236f7eec3a0)
		b'[unknown]' (6236f7eed325)
		b'[unknown]' (6236f7eec7be)
		b'[unknown]' (6236f7eec86f)
		b'[unknown]' (6236f7ee8ad5)
		b'[unknown]' (6236f7ee8bc3)
		b'[unknown]' (6236f7ef1105)
		b'[unknown]' (6236f7ee7eb9)
		b'[unknown]' (6236f7ee7f5b)
		b'[unknown]' (6236f7ef3e5e)
		b'[unknown]' (6236f7ef49e5)
		b'[unknown]' (6236f7ef5066)
		b'[unknown]' (6236f7ef5df5)
		b'[unknown]' (6236f7ed7f38)
		b'[unknown]' (6236fea64b8d)
		b'[unknown]' (6236fea65171)
		b'[unknown]' (6236fea651e4)
		b'[unknown]' (6236fea65273)
		b'[unknown]' (6236fea652d7)
		b'[unknown]' (6236fea6581e)
		b'[unknown]' (6236fea65a0e)
		b'[unknown]' (6236fea65aad)
		b'[unknown]' (6236fea65b3b)
		b'[unknown]' (6236fea666ca)
		b'[unknown]' (6236fea6678b)
		b'[unknown]' (6236fea6797d)
		b'[unknown]' (6236f7d88dd2)
		b'[unknown]' (6236fea6b3d9)
		b'[unknown]' (6236fea6c3d5)
		b'[unknown]' (6236fea6b380)
		b'[unknown]' (6236fea6c529)
		b'[unknown]' (6236f7d88dd2)
		b'[unknown]' (6236fee6a91a)
		b'[unknown]' (6236fee67893)
		b'[unknown]' (6236fee6899a)
		b'[unknown]' (6236f8525afc)
		b'[unknown]' (6236fee6d592)
		b'[unknown]' (6236fee6e112)
		b'[unknown]' (6236f8525afc)
		b'[unknown]' (6236fee6d4db)
		b'[unknown]' (7c043a894ac3)

	Not found in mutex_ids. mutex (b'[unknown]') 504dffc3aec0 ::: wait time 5203.74us ::: hold time 14132.70us ::: enter count 2178
		b'[unknown]' (6236f7d776a7)
		b'[unknown]' (6236f7d77cac)
		b'[unknown]' (6236f7d80eca)
		b'[unknown]' (6236feea0bc6)
		b'[unknown]' (6236fee9b7d2)
		b'[unknown]' (6236fee97f34)
		b'[unknown]' (6236fee978bb)
		b'[unknown]' (6236fee83f43)
		b'[unknown]' (6236fee83ed8)
		b'[unknown]' (6236fac87a38)
		b'[unknown]' (6236fac8b826)
		b'[unknown]' (6236fac8ad9f)
		b'[unknown]' (6236fac89edd)
		b'[unknown]' (6236f9568403)
		b'[unknown]' (6236f956697f)
		b'[unknown]' (6236f9567af9)
		b'[unknown]' (6236f95679ea)
		b'[unknown]' (6236f9567743)
		b'[unknown]' (6236f956777d)
		b'[unknown]' (6236f95677ee)
		b'[unknown]' (6236f9568168)
		b'[unknown]' (6236f956812b)
		b'[unknown]' (6236f95680d8)
		b'[unknown]' (6236f95680ac)
		b'[unknown]' (6236f9568090)
		b'[unknown]' (7c043ace62b3)

	Not found in mutex_ids. mutex (b'[unknown]') 504dffc3acc8 ::: wait time 5200.50us ::: hold time 13714.46us ::: enter count 2179
		b'[unknown]' (6236f9ad3c3a)
		b'[unknown]' (6236f9ad6190)
		b'[unknown]' (6236fee87b95)
		b'[unknown]' (6236fee9b71f)
		b'[unknown]' (6236fee97f34)
		b'[unknown]' (6236fee978bb)
		b'[unknown]' (6236fee83f43)
		b'[unknown]' (6236fee83ed8)
		b'[unknown]' (6236f7e894d4)
		b'[unknown]' (6236f7e89385)
		b'[unknown]' (6236f7e892d8)
		b'[unknown]' (6236f7e89298)
		b'[unknown]' (6236fee84aa4)
		b'[unknown]' (6236f7dd36a6)
		b'[unknown]' (6236fcd8a808)
		b'[unknown]' (6236fcd8a37b)
		b'[unknown]' (6236f7d9cab7)
		b'[unknown]' (6236f7d862a3)
		b'[unknown]' (6236fcd735cc)
		b'[unknown]' (6236fcd735ec)
		b'[unknown]' (6236fcd73972)
		b'[unknown]' (6236fcd84c9e)
		b'[unknown]' (6236fcd83414)
		b'[unknown]' (6236fcd8163b)
		b'[unknown]' (6236fcd7f951)
		b'[unknown]' (6236fcd7cc48)
		b'[unknown]' (6236fcd78cdd)
		b'[unknown]' (6236fcd6d02c)
		b'[unknown]' (6236fcd65d21)
		b'[unknown]' (6236f8676266)
		b'[unknown]' (6236f8675bab)
		b'[unknown]' (6236f867537a)
		b'[unknown]' (6236f86750a2)
		b'[unknown]' (6236fa6284a3)
		b'[unknown]' (6236fa62c176)
		b'[unknown]' (6236fa3321c9)
		b'[unknown]' (6236fa33dd18)
		b'[unknown]' (6236fa33e46b)
		b'[unknown]' (6236fa33dd70)
		b'[unknown]' (6236fed9754e)
		b'[unknown]' (6236f7ee69ac)
		b'[unknown]' (6236f7ee9125)
		b'[unknown]' (6236f7eec3a0)
		b'[unknown]' (6236f7eed325)
		b'[unknown]' (6236f7eec7be)
		b'[unknown]' (6236f7eec86f)
		b'[unknown]' (6236f7ee8ad5)
		b'[unknown]' (6236f7ee8bc3)
		b'[unknown]' (6236f7ef1105)
		b'[unknown]' (6236f7ee7eb9)
		b'[unknown]' (6236f7ee7f5b)
		b'[unknown]' (6236f7ef3e5e)
		b'[unknown]' (6236f7ef49e5)
		b'[unknown]' (6236f7ef5066)
		b'[unknown]' (6236f7ef5df5)
		b'[unknown]' (6236f7ed7f38)
		b'[unknown]' (6236fea64b8d)
		b'[unknown]' (6236fea65171)
		b'[unknown]' (6236fea651e4)
		b'[unknown]' (6236fea65273)
		b'[unknown]' (6236fea652d7)
		b'[unknown]' (6236fea6581e)
		b'[unknown]' (6236fea65a0e)
		b'[unknown]' (6236fea65aad)
		b'[unknown]' (6236fea65b3b)
		b'[unknown]' (6236fea666ca)
		b'[unknown]' (6236fea6678b)
		b'[unknown]' (6236fea6797d)
		b'[unknown]' (6236f7d88dd2)
		b'[unknown]' (6236fea6b3d9)
		b'[unknown]' (6236fea6c3d5)
		b'[unknown]' (6236fea6b380)
		b'[unknown]' (6236fea6c529)
		b'[unknown]' (6236f7d88dd2)
		b'[unknown]' (6236fee6a91a)
		b'[unknown]' (6236fee67893)
		b'[unknown]' (6236fee6899a)
		b'[unknown]' (6236f8525afc)
		b'[unknown]' (6236fee6d592)
		b'[unknown]' (6236fee6e112)
		b'[unknown]' (6236f8525afc)
		b'[unknown]' (6236fee6d4db)
		b'[unknown]' (7c043a894ac3)

	Not found in mutex_ids. mutex (b'[unknown]') 504dffc3acc8 ::: wait time 5186.26us ::: hold time 13830.67us ::: enter count 2179
		b'[unknown]' (6236f9ad3c3a)
		b'[unknown]' (6236f9ad6190)
		b'[unknown]' (6236fee87859)
		b'[unknown]' (6236fee9a513)
		b'[unknown]' (6236fee97c33)
		b'[unknown]' (6236fee84be4)
		b'[unknown]' (6236fcd7dc8e)
		b'[unknown]' (6236fcd79c33)
		b'[unknown]' (6236fcd762bd)
		b'[unknown]' (6236fcd6897e)
		b'[unknown]' (6236fcd66c41)
		b'[unknown]' (6236fcd666bd)
		b'[unknown]' (6236fa627325)
		b'[unknown]' (6236fa62808a)
		b'[unknown]' (6236fa62c176)
		b'[unknown]' (6236fa3321c9)
		b'[unknown]' (6236fa33dd18)
		b'[unknown]' (6236fa33e46b)
		b'[unknown]' (6236fa33dd70)
		b'[unknown]' (6236fed9754e)
		b'[unknown]' (6236f7ee69ac)
		b'[unknown]' (6236f7ee9125)
		b'[unknown]' (6236f7eec3a0)
		b'[unknown]' (6236f7eed325)
		b'[unknown]' (6236f7eec7be)
		b'[unknown]' (6236f7eec86f)
		b'[unknown]' (6236f7ee8ad5)
		b'[unknown]' (6236f7ee8bc3)
		b'[unknown]' (6236f7ef1105)
		b'[unknown]' (6236f7ee7eb9)
		b'[unknown]' (6236f7ee7f5b)
		b'[unknown]' (6236f7ef3e5e)
		b'[unknown]' (6236f7ef49e5)
		b'[unknown]' (6236f7ef5066)
		b'[unknown]' (6236f7ef5df5)
		b'[unknown]' (6236f7ed7f38)
		b'[unknown]' (6236fea64b8d)
		b'[unknown]' (6236fea65171)
		b'[unknown]' (6236fea651e4)
		b'[unknown]' (6236fea65273)
		b'[unknown]' (6236fea652d7)
		b'[unknown]' (6236fea6581e)
		b'[unknown]' (6236fea65a0e)
		b'[unknown]' (6236fea65aad)
		b'[unknown]' (6236fea65b3b)
		b'[unknown]' (6236fea666ca)
		b'[unknown]' (6236fea6678b)
		b'[unknown]' (6236fea6797d)
		b'[unknown]' (6236f7d88dd2)
		b'[unknown]' (6236fea6b3d9)
		b'[unknown]' (6236fea6c3d5)
		b'[unknown]' (6236fea6b380)
		b'[unknown]' (6236fea6c529)
		b'[unknown]' (6236f7d88dd2)
		b'[unknown]' (6236fee6a91a)
		b'[unknown]' (6236fee67893)
		b'[unknown]' (6236fee6899a)
		b'[unknown]' (6236f8525afc)
		b'[unknown]' (6236fee6d592)
		b'[unknown]' (6236fee6e112)
		b'[unknown]' (6236f8525afc)
		b'[unknown]' (6236fee6d4db)
		b'[unknown]' (7c043a894ac3)

	Not found in mutex_ids. mutex (b'[unknown]') 504dffc3aad0 ::: wait time 5178.19us ::: hold time 13700.52us ::: enter count 2160
		b'[unknown]' (6236f9ad3c3a)
		b'[unknown]' (6236f9ad6190)
		b'[unknown]' (6236fee87b95)
		b'[unknown]' (6236fee9b71f)
		b'[unknown]' (6236fee97f34)
		b'[unknown]' (6236fee978bb)
		b'[unknown]' (6236fee83f43)
		b'[unknown]' (6236fee83ed8)
		b'[unknown]' (6236f7e894d4)
		b'[unknown]' (6236f7e89385)
		b'[unknown]' (6236f7e892d8)
		b'[unknown]' (6236f7e89298)
		b'[unknown]' (6236fee84aa4)
		b'[unknown]' (6236f7dd36a6)
		b'[unknown]' (6236fcd8a808)
		b'[unknown]' (6236fcd8a37b)
		b'[unknown]' (6236f7d9cab7)
		b'[unknown]' (6236f7d862a3)
		b'[unknown]' (6236fcd735cc)
		b'[unknown]' (6236fcd735ec)
		b'[unknown]' (6236fcd73972)
		b'[unknown]' (6236fcd84c9e)
		b'[unknown]' (6236fcd83414)
		b'[unknown]' (6236fcd8163b)
		b'[unknown]' (6236fcd7f951)
		b'[unknown]' (6236fcd7cc48)
		b'[unknown]' (6236fcd78cdd)
		b'[unknown]' (6236fcd6d02c)
		b'[unknown]' (6236fcd65d21)
		b'[unknown]' (6236f8676266)
		b'[unknown]' (6236f8675bab)
		b'[unknown]' (6236f867537a)
		b'[unknown]' (6236f86750a2)
		b'[unknown]' (6236fa6284a3)
		b'[unknown]' (6236fa62c176)
		b'[unknown]' (6236fa3321c9)
		b'[unknown]' (6236fa33dd18)
		b'[unknown]' (6236fa33e46b)
		b'[unknown]' (6236fa33dd70)
		b'[unknown]' (6236fed9754e)
		b'[unknown]' (6236f7ee69ac)
		b'[unknown]' (6236f7ee9125)
		b'[unknown]' (6236f7eec3a0)
		b'[unknown]' (6236f7eed325)
		b'[unknown]' (6236f7eec7be)
		b'[unknown]' (6236f7eec86f)
		b'[unknown]' (6236f7ee8ad5)
		b'[unknown]' (6236f7ee8bc3)
		b'[unknown]' (6236f7ef1105)
		b'[unknown]' (6236f7ee7eb9)
		b'[unknown]' (6236f7ee7f5b)
		b'[unknown]' (6236f7ef3e5e)
		b'[unknown]' (6236f7ef49e5)
		b'[unknown]' (6236f7ef5066)
		b'[unknown]' (6236f7ef5df5)
		b'[unknown]' (6236f7ed7f38)
		b'[unknown]' (6236fea64b8d)
		b'[unknown]' (6236fea65171)
		b'[unknown]' (6236fea651e4)
		b'[unknown]' (6236fea65273)
		b'[unknown]' (6236fea652d7)
		b'[unknown]' (6236fea6581e)
		b'[unknown]' (6236fea65a0e)
		b'[unknown]' (6236fea65aad)
		b'[unknown]' (6236fea65b3b)
		b'[unknown]' (6236fea666ca)
		b'[unknown]' (6236fea6678b)
		b'[unknown]' (6236fea6797d)
		b'[unknown]' (6236f7d88dd2)
		b'[unknown]' (6236fea6b3d9)
		b'[unknown]' (6236fea6c3d5)
		b'[unknown]' (6236fea6b380)
		b'[unknown]' (6236fea6c529)
		b'[unknown]' (6236f7d88dd2)
		b'[unknown]' (6236fee6a91a)
		b'[unknown]' (6236fee67893)
		b'[unknown]' (6236fee6899a)
		b'[unknown]' (6236f8525afc)
		b'[unknown]' (6236fee6d592)
		b'[unknown]' (6236fee6e112)
		b'[unknown]' (6236f8525afc)
		b'[unknown]' (6236fee6d4db)
		b'[unknown]' (7c043a894ac3)

	Not found in mutex_ids. mutex (b'[unknown]') 504dffc3aad0 ::: wait time 5162.63us ::: hold time 13388.05us ::: enter count 2160
		b'[unknown]' (6236f9ad3c3a)
		b'[unknown]' (6236f9ad6190)
		b'[unknown]' (6236fee87b95)
		b'[unknown]' (6236fee9b71f)
		b'[unknown]' (6236fee97f34)
		b'[unknown]' (6236fee83f09)
		b'[unknown]' (6236f7e894d4)
		b'[unknown]' (6236f7e89385)
		b'[unknown]' (6236f7e892d8)
		b'[unknown]' (6236f7e89298)
		b'[unknown]' (6236fee84aa4)
		b'[unknown]' (6236f7dd36a6)
		b'[unknown]' (6236fcd8a808)
		b'[unknown]' (6236fcd8a37b)
		b'[unknown]' (6236f7d9cab7)
		b'[unknown]' (6236f7d862a3)
		b'[unknown]' (6236fcd735cc)
		b'[unknown]' (6236fcd735ec)
		b'[unknown]' (6236fcd73972)
		b'[unknown]' (6236fcd84c9e)
		b'[unknown]' (6236fcd83414)
		b'[unknown]' (6236fcd8163b)
		b'[unknown]' (6236fcd7f951)
		b'[unknown]' (6236fcd7cc48)
		b'[unknown]' (6236fcd78cdd)
		b'[unknown]' (6236fcd6d02c)
		b'[unknown]' (6236fcd65d21)
		b'[unknown]' (6236f8676266)
		b'[unknown]' (6236f8675bab)
		b'[unknown]' (6236f867537a)
		b'[unknown]' (6236f86750a2)
		b'[unknown]' (6236fa6284a3)
		b'[unknown]' (6236fa62c176)
		b'[unknown]' (6236fa3321c9)
		b'[unknown]' (6236fa33dd18)
		b'[unknown]' (6236fa33e46b)
		b'[unknown]' (6236fa33dd70)
		b'[unknown]' (6236fed9754e)
		b'[unknown]' (6236f7ee69ac)
		b'[unknown]' (6236f7ee9125)
		b'[unknown]' (6236f7eec3a0)
		b'[unknown]' (6236f7eed325)
		b'[unknown]' (6236f7eec7be)
		b'[unknown]' (6236f7eec86f)
		b'[unknown]' (6236f7ee8ad5)
		b'[unknown]' (6236f7ee8bc3)
		b'[unknown]' (6236f7ef1105)
		b'[unknown]' (6236f7ee7eb9)
		b'[unknown]' (6236f7ee7f5b)
		b'[unknown]' (6236f7ef3e5e)
		b'[unknown]' (6236f7ef49e5)
		b'[unknown]' (6236f7ef5066)
		b'[unknown]' (6236f7ef5df5)
		b'[unknown]' (6236f7ed7f38)
		b'[unknown]' (6236fea64b8d)
		b'[unknown]' (6236fea65171)
		b'[unknown]' (6236fea651e4)
		b'[unknown]' (6236fea65273)
		b'[unknown]' (6236fea652d7)
		b'[unknown]' (6236fea6581e)
		b'[unknown]' (6236fea65a0e)
		b'[unknown]' (6236fea65aad)
		b'[unknown]' (6236fea65b3b)
		b'[unknown]' (6236fea666ca)
		b'[unknown]' (6236fea6678b)
		b'[unknown]' (6236fea6797d)
		b'[unknown]' (6236f7d88dd2)
		b'[unknown]' (6236fea6b3d9)
		b'[unknown]' (6236fea6c3d5)
		b'[unknown]' (6236fea6b380)
		b'[unknown]' (6236fea6c529)
		b'[unknown]' (6236f7d88dd2)
		b'[unknown]' (6236fee6a91a)
		b'[unknown]' (6236fee67893)
		b'[unknown]' (6236fee6899a)
		b'[unknown]' (6236f8525afc)
		b'[unknown]' (6236fee6d592)
		b'[unknown]' (6236fee6e112)
		b'[unknown]' (6236f8525afc)
		b'[unknown]' (6236fee6d4db)
		b'[unknown]' (7c043a894ac3)

	Not found in mutex_ids. mutex (b'[unknown]') 504dffac4170 ::: wait time 2694.43us ::: hold time 14353.54us ::: enter count 576
		b'[unknown]' (6236f9ad3c3a)
		b'[unknown]' (6236f9ad6190)
		b'[unknown]' (6236fee8790c)
		b'[unknown]' (6236fee9a513)
		b'[unknown]' (6236fee97c33)
		b'[unknown]' (6236fee848e8)
		b'[unknown]' (6236fcd85cb0)
		b'[unknown]' (6236fcd85d84)
		b'[unknown]' (6236fcd83f03)
		b'[unknown]' (6236fcd82139)
		b'[unknown]' (6236fcd806c6)
		b'[unknown]' (6236fcd7dbbf)
		b'[unknown]' (6236fcd79bb3)
		b'[unknown]' (6236fcd76206)
		b'[unknown]' (6236fcd68821)
		b'[unknown]' (6236fcd66c41)
		b'[unknown]' (6236fcd666bd)
		b'[unknown]' (6236fa627325)
		b'[unknown]' (6236fa62808a)
		b'[unknown]' (6236fa62c176)
		b'[unknown]' (6236fa3321c9)
		b'[unknown]' (6236fa33dd18)
		b'[unknown]' (6236fa33e46b)
		b'[unknown]' (6236fa33dd70)
		b'[unknown]' (6236fed9754e)
		b'[unknown]' (6236f7ee69ac)
		b'[unknown]' (6236f7ee9125)
		b'[unknown]' (6236f7eec3a0)
		b'[unknown]' (6236f7eed325)
		b'[unknown]' (6236f7eec7be)
		b'[unknown]' (6236f7eec86f)
		b'[unknown]' (6236f7ee8ad5)
		b'[unknown]' (6236f7ee8bc3)
		b'[unknown]' (6236f7ef1105)
		b'[unknown]' (6236f7ee7eb9)
		b'[unknown]' (6236f7ee7f5b)
		b'[unknown]' (6236f7ef3e5e)
		b'[unknown]' (6236f7ef49e5)
		b'[unknown]' (6236f7ef5066)
		b'[unknown]' (6236f7ef5df5)
		b'[unknown]' (6236f7ed7f38)
		b'[unknown]' (6236fea64b8d)
		b'[unknown]' (6236fea65171)
		b'[unknown]' (6236fea651e4)
		b'[unknown]' (6236fea65273)
		b'[unknown]' (6236fea652d7)
		b'[unknown]' (6236fea6581e)
		b'[unknown]' (6236fea65a0e)
		b'[unknown]' (6236fea65aad)
		b'[unknown]' (6236fea65b3b)
		b'[unknown]' (6236fea666ca)
		b'[unknown]' (6236fea6678b)
		b'[unknown]' (6236fea6797d)
		b'[unknown]' (6236f7d88dd2)
		b'[unknown]' (6236fea6b3d9)
		b'[unknown]' (6236fea6c3d5)
		b'[unknown]' (6236fea6b380)
		b'[unknown]' (6236fea6c529)
		b'[unknown]' (6236f7d88dd2)
		b'[unknown]' (6236fee6a91a)
		b'[unknown]' (6236fee67893)
		b'[unknown]' (6236fee6899a)
		b'[unknown]' (6236f8525afc)
		b'[unknown]' (6236fee6d592)
		b'[unknown]' (6236fee6e112)
		b'[unknown]' (6236f8525afc)
		b'[unknown]' (6236fee6d4db)
		b'[unknown]' (7c043a894ac3)

	Not found in mutex_ids. mutex (b'[unknown]') 504dffac47a0 ::: wait time 2352.68us ::: hold time 11943.62us ::: enter count 576
		b'[unknown]' (6236f7d776a7)
		b'[unknown]' (6236f7d77cac)
		b'[unknown]' (6236f7d80eca)
		b'[unknown]' (6236feea0bc6)
		b'[unknown]' (6236fee9948d)
		b'[unknown]' (6236f7efb57c)
		b'[unknown]' (6236fee995d1)
		b'[unknown]' (6236fd146e14)
		b'[unknown]' (6236fabc9e97)
		b'[unknown]' (6236fabcc2a7)
		b'[unknown]' (6236fae91d38)
		b'[unknown]' (6236fae96f53)
		b'[unknown]' (6236fae96916)
		b'[unknown]' (6236fae9641b)
		b'[unknown]' (6236fae987af)
		b'[unknown]' (6236fae91194)
		b'[unknown]' (6236fae92ec4)
		b'[unknown]' (6236fae93707)
		b'[unknown]' (6236fae93c68)
		b'[unknown]' (6236fae93fa9)
		b'[unknown]' (6236fa22d08c)
		b'[unknown]' (6236fa23dc82)
		b'[unknown]' (6236fa23dfe5)
		b'[unknown]' (6236fa23dcda)
		b'[unknown]' (6236fed9754e)
		b'[unknown]' (6236f7ee69ac)
		b'[unknown]' (6236f7ee9125)
		b'[unknown]' (6236f7eec3a0)
		b'[unknown]' (6236f7eed325)
		b'[unknown]' (6236f7eec7be)
		b'[unknown]' (6236f7eec86f)
		b'[unknown]' (6236f7ee8ad5)
		b'[unknown]' (6236f7ee8bc3)
		b'[unknown]' (6236f7ef1105)
		b'[unknown]' (6236f7ee7eb9)
		b'[unknown]' (6236f7ee7f5b)
		b'[unknown]' (6236f7ef3e5e)
		b'[unknown]' (6236f7ef49e5)
		b'[unknown]' (6236f7ef5066)
		b'[unknown]' (6236f7ef5df5)
		b'[unknown]' (6236f7ed7f38)
		b'[unknown]' (6236fea64b8d)
		b'[unknown]' (6236fea65171)
		b'[unknown]' (6236fea651e4)
		b'[unknown]' (6236fea65273)
		b'[unknown]' (6236fea652d7)
		b'[unknown]' (6236fea6581e)
		b'[unknown]' (6236fea65a0e)
		b'[unknown]' (6236fea65aad)
		b'[unknown]' (6236fea65b3b)
		b'[unknown]' (6236fea666ca)
		b'[unknown]' (6236fea6678b)
		b'[unknown]' (6236fea6797d)
		b'[unknown]' (6236f7d88dd2)
		b'[unknown]' (6236fea6b3d9)
		b'[unknown]' (6236fea6c3d5)
		b'[unknown]' (6236fea6b380)
		b'[unknown]' (6236fea6c529)
		b'[unknown]' (6236f7d88dd2)
		b'[unknown]' (6236fee6a91a)
		b'[unknown]' (6236fee67893)
		b'[unknown]' (6236fee6899a)
		b'[unknown]' (6236f8525afc)
		b'[unknown]' (6236fee6d592)
		b'[unknown]' (6236fee6e112)
		b'[unknown]' (6236f8525afc)
		b'[unknown]' (6236fee6d4db)
		b'[unknown]' (7c043a894ac3)

	Not found in mutex_ids. mutex (b'[unknown]') 504dffc3b100 ::: wait time 48.13us ::: hold time 169.68us ::: enter count 18
		b'[unknown]' (6236f9ad3c3a)
		b'[unknown]' (6236f9ad6190)
		b'[unknown]' (6236fee879ba)
		b'[unknown]' (6236fee9a513)
		b'[unknown]' (6236fee97c33)
		b'[unknown]' (6236fee84be4)
		b'[unknown]' (6236fcd7dc8e)
		b'[unknown]' (6236fcd79c33)
		b'[unknown]' (6236fcd762bd)
		b'[unknown]' (6236fcd6897e)
		b'[unknown]' (6236fcd66c41)
		b'[unknown]' (6236fcd666bd)
		b'[unknown]' (6236fa627325)
		b'[unknown]' (6236fa62808a)
		b'[unknown]' (6236fa62c176)
		b'[unknown]' (6236fa3321c9)
		b'[unknown]' (6236fa33dd18)
		b'[unknown]' (6236fa33e46b)
		b'[unknown]' (6236fa33dd70)
		b'[unknown]' (6236fed9754e)
		b'[unknown]' (6236f7ee69ac)
		b'[unknown]' (6236f7ee9125)
		b'[unknown]' (6236f7eec3a0)
		b'[unknown]' (6236f7eed325)
		b'[unknown]' (6236f7eec7be)
		b'[unknown]' (6236f7eec86f)
		b'[unknown]' (6236f7ee8ad5)
		b'[unknown]' (6236f7ee8bc3)
		b'[unknown]' (6236f7ef1105)
		b'[unknown]' (6236f7ee7eb9)
		b'[unknown]' (6236f7ee7f5b)
		b'[unknown]' (6236f7ef3e5e)
		b'[unknown]' (6236f7ef49e5)
		b'[unknown]' (6236f7ef5066)
		b'[unknown]' (6236f7ef5df5)
		b'[unknown]' (6236f7ed7f38)
		b'[unknown]' (6236fea64b8d)
		b'[unknown]' (6236fea65171)
		b'[unknown]' (6236fea651e4)
		b'[unknown]' (6236fea65273)
		b'[unknown]' (6236fea652d7)
		b'[unknown]' (6236fea6581e)
		b'[unknown]' (6236fea65a0e)
		b'[unknown]' (6236fea65aad)
		b'[unknown]' (6236fea65b3b)
		b'[unknown]' (6236fea666ca)
		b'[unknown]' (6236fea6678b)
		b'[unknown]' (6236fea6797d)
		b'[unknown]' (6236f7d88dd2)
		b'[unknown]' (6236fea6b3d9)
		b'[unknown]' (6236fea6c3d5)
		b'[unknown]' (6236fea6b380)
		b'[unknown]' (6236fea6c529)
		b'[unknown]' (6236f7d88dd2)
		b'[unknown]' (6236fee6a91a)
		b'[unknown]' (6236fee67893)
		b'[unknown]' (6236fee6899a)
		b'[unknown]' (6236f8525afc)
		b'[unknown]' (6236fee6d592)
		b'[unknown]' (6236fee6e112)
		b'[unknown]' (6236f8525afc)
		b'[unknown]' (6236fee6d4db)
		b'[unknown]' (7c043a894ac3)

	Not found in mutex_ids. mutex (b'[unknown]') 504dffc3aa88 ::: wait time 47.20us ::: hold time 206.51us ::: enter count 18
		b'[unknown]' (6236f7d776a7)
		b'[unknown]' (6236f7d77cac)
		b'[unknown]' (6236f7d87796)
		b'[unknown]' (6236fcea4ccf)
		b'[unknown]' (6236fcea3d31)
		b'[unknown]' (6236fcea8277)
		b'[unknown]' (6236fcea255d)
		b'[unknown]' (6236fcea603e)
		b'[unknown]' (6236fcea5cc5)
		b'[unknown]' (6236fcea588b)
		b'[unknown]' (6236f9568403)
		b'[unknown]' (6236f956697f)
		b'[unknown]' (6236f9567af9)
		b'[unknown]' (6236f95679ea)
		b'[unknown]' (6236f9567743)
		b'[unknown]' (6236f956777d)
		b'[unknown]' (6236f95677ee)
		b'[unknown]' (6236f9568168)
		b'[unknown]' (6236f956812b)
		b'[unknown]' (6236f95680d8)
		b'[unknown]' (6236f95680ac)
		b'[unknown]' (6236f9568090)
		b'[unknown]' (7c043ace62b3)

	Not found in mutex_ids. mutex (b'[unknown]') 504dffc3ac80 ::: wait time 46.22us ::: hold time 203.80us ::: enter count 18
		b'[unknown]' (6236f7d776a7)
		b'[unknown]' (6236f7d77cac)
		b'[unknown]' (6236f7d87796)
		b'[unknown]' (6236fcea4ccf)
		b'[unknown]' (6236fcea3d31)
		b'[unknown]' (6236fcea8277)
		b'[unknown]' (6236fcea255d)
		b'[unknown]' (6236fcea603e)
		b'[unknown]' (6236fcea5cc5)
		b'[unknown]' (6236fcea588b)
		b'[unknown]' (6236f9568403)
		b'[unknown]' (6236f956697f)
		b'[unknown]' (6236f9567af9)
		b'[unknown]' (6236f95679ea)
		b'[unknown]' (6236f9567743)
		b'[unknown]' (6236f956777d)
		b'[unknown]' (6236f95677ee)
		b'[unknown]' (6236f9568168)
		b'[unknown]' (6236f956812b)
		b'[unknown]' (6236f95680d8)
		b'[unknown]' (6236f95680ac)
		b'[unknown]' (6236f9568090)
		b'[unknown]' (7c043ace62b3)

	Not found in mutex_ids. mutex (b'[unknown]') 504dffc3b0b8 ::: wait time 46.03us ::: hold time 206.06us ::: enter count 18
		b'[unknown]' (6236f7d776a7)
		b'[unknown]' (6236f7d77cac)
		b'[unknown]' (6236f7d87796)
		b'[unknown]' (6236fcea4ccf)
		b'[unknown]' (6236fcea3d31)
		b'[unknown]' (6236fcea8277)
		b'[unknown]' (6236fcea255d)
		b'[unknown]' (6236fcea603e)
		b'[unknown]' (6236fcea5cc5)
		b'[unknown]' (6236fcea588b)
		b'[unknown]' (6236f9568403)
		b'[unknown]' (6236f956697f)
		b'[unknown]' (6236f9567af9)
		b'[unknown]' (6236f95679ea)
		b'[unknown]' (6236f9567743)
		b'[unknown]' (6236f956777d)
		b'[unknown]' (6236f95677ee)
		b'[unknown]' (6236f9568168)
		b'[unknown]' (6236f956812b)
		b'[unknown]' (6236f95680d8)
		b'[unknown]' (6236f95680ac)
		b'[unknown]' (6236f9568090)
		b'[unknown]' (7c043ace62b3)

	Not found in mutex_ids. mutex (b'[unknown]') 504dffc3af98 ::: wait time 45.97us ::: hold time 209.21us ::: enter count 18
		b'[unknown]' (6236f7d776a7)
		b'[unknown]' (6236f7d77cac)
		b'[unknown]' (6236f7d87796)
		b'[unknown]' (6236fcea4ccf)
		b'[unknown]' (6236fcea3d31)
		b'[unknown]' (6236fcea8277)
		b'[unknown]' (6236fcea255d)
		b'[unknown]' (6236fcea603e)
		b'[unknown]' (6236fcea5cc5)
		b'[unknown]' (6236fcea588b)
		b'[unknown]' (6236f9568403)
		b'[unknown]' (6236f956697f)
		b'[unknown]' (6236f9567af9)
		b'[unknown]' (6236f95679ea)
		b'[unknown]' (6236f9567743)
		b'[unknown]' (6236f956777d)
		b'[unknown]' (6236f95677ee)
		b'[unknown]' (6236f9568168)
		b'[unknown]' (6236f956812b)
		b'[unknown]' (6236f95680d8)
		b'[unknown]' (6236f95680ac)
		b'[unknown]' (6236f9568090)
		b'[unknown]' (7c043ace62b3)

	Not found in mutex_ids. mutex (b'[unknown]') 504dffc3b340 ::: wait time 45.50us ::: hold time 154.00us ::: enter count 18
		b'[unknown]' (6236f9ad3c3a)
		b'[unknown]' (6236f9ad6190)
		b'[unknown]' (6236fee879ba)
		b'[unknown]' (6236fee9a513)
		b'[unknown]' (6236fee97c33)
		b'[unknown]' (6236fee84be4)
		b'[unknown]' (6236fcd7dc8e)
		b'[unknown]' (6236fcd79c33)
		b'[unknown]' (6236fcd762bd)
		b'[unknown]' (6236fcd6897e)
		b'[unknown]' (6236fcd66c41)
		b'[unknown]' (6236fcd666bd)
		b'[unknown]' (6236fa627325)
		b'[unknown]' (6236fa62808a)
		b'[unknown]' (6236fa62c176)
		b'[unknown]' (6236fa3321c9)
		b'[unknown]' (6236fa33dd18)
		b'[unknown]' (6236fa33e46b)
		b'[unknown]' (6236fa33dd70)
		b'[unknown]' (6236fed9754e)
		b'[unknown]' (6236f7ee69ac)
		b'[unknown]' (6236f7ee9125)
		b'[unknown]' (6236f7eec3a0)
		b'[unknown]' (6236f7eed325)
		b'[unknown]' (6236f7eec7be)
		b'[unknown]' (6236f7eec86f)
		b'[unknown]' (6236f7ee8ad5)
		b'[unknown]' (6236f7ee8bc3)
		b'[unknown]' (6236f7ef1105)
		b'[unknown]' (6236f7ee7eb9)
		b'[unknown]' (6236f7ee7f5b)
		b'[unknown]' (6236f7ef3e5e)
		b'[unknown]' (6236f7ef49e5)
		b'[unknown]' (6236f7ef5066)
		b'[unknown]' (6236f7ef5df5)
		b'[unknown]' (6236f7ed7f38)
		b'[unknown]' (6236fea64b8d)
		b'[unknown]' (6236fea65171)
		b'[unknown]' (6236fea651e4)
		b'[unknown]' (6236fea65273)
		b'[unknown]' (6236fea652d7)
		b'[unknown]' (6236fea6581e)
		b'[unknown]' (6236fea65a0e)
		b'[unknown]' (6236fea65aad)
		b'[unknown]' (6236fea65b3b)
		b'[unknown]' (6236fea666ca)
		b'[unknown]' (6236fea6678b)
		b'[unknown]' (6236fea6797d)
		b'[unknown]' (6236f7d88dd2)
		b'[unknown]' (6236fea6b3d9)
		b'[unknown]' (6236fea6c3d5)
		b'[unknown]' (6236fea6b380)
		b'[unknown]' (6236fea6c529)
		b'[unknown]' (6236f7d88dd2)
		b'[unknown]' (6236fee6a91a)
		b'[unknown]' (6236fee67893)
		b'[unknown]' (6236fee6899a)
		b'[unknown]' (6236f8525afc)
		b'[unknown]' (6236fee6d592)
		b'[unknown]' (6236fee6e112)
		b'[unknown]' (6236f8525afc)
		b'[unknown]' (6236fee6d4db)
		b'[unknown]' (7c043a894ac3)

	Not found in mutex_ids. mutex (b'[unknown]') 504dffc3acc8 ::: wait time 45.46us ::: hold time 151.75us ::: enter count 18
		b'[unknown]' (6236f9ad3c3a)
		b'[unknown]' (6236f9ad6190)
		b'[unknown]' (6236fee879ba)
		b'[unknown]' (6236fee9a513)
		b'[unknown]' (6236fee97c33)
		b'[unknown]' (6236fee84be4)
		b'[unknown]' (6236fcd7dc8e)
		b'[unknown]' (6236fcd79c33)
		b'[unknown]' (6236fcd762bd)
		b'[unknown]' (6236fcd6897e)
		b'[unknown]' (6236fcd66c41)
		b'[unknown]' (6236fcd666bd)
		b'[unknown]' (6236fa627325)
		b'[unknown]' (6236fa62808a)
		b'[unknown]' (6236fa62c176)
		b'[unknown]' (6236fa3321c9)
		b'[unknown]' (6236fa33dd18)
		b'[unknown]' (6236fa33e46b)
		b'[unknown]' (6236fa33dd70)
		b'[unknown]' (6236fed9754e)
		b'[unknown]' (6236f7ee69ac)
		b'[unknown]' (6236f7ee9125)
		b'[unknown]' (6236f7eec3a0)
		b'[unknown]' (6236f7eed325)
		b'[unknown]' (6236f7eec7be)
		b'[unknown]' (6236f7eec86f)
		b'[unknown]' (6236f7ee8ad5)
		b'[unknown]' (6236f7ee8bc3)
		b'[unknown]' (6236f7ef1105)
		b'[unknown]' (6236f7ee7eb9)
		b'[unknown]' (6236f7ee7f5b)
		b'[unknown]' (6236f7ef3e5e)
		b'[unknown]' (6236f7ef49e5)
		b'[unknown]' (6236f7ef5066)
		b'[unknown]' (6236f7ef5df5)
		b'[unknown]' (6236f7ed7f38)
		b'[unknown]' (6236fea64b8d)
		b'[unknown]' (6236fea65171)
		b'[unknown]' (6236fea651e4)
		b'[unknown]' (6236fea65273)
		b'[unknown]' (6236fea652d7)
		b'[unknown]' (6236fea6581e)
		b'[unknown]' (6236fea65a0e)
		b'[unknown]' (6236fea65aad)
		b'[unknown]' (6236fea65b3b)
		b'[unknown]' (6236fea666ca)
		b'[unknown]' (6236fea6678b)
		b'[unknown]' (6236fea6797d)
		b'[unknown]' (6236f7d88dd2)
		b'[unknown]' (6236fea6b3d9)
		b'[unknown]' (6236fea6c3d5)
		b'[unknown]' (6236fea6b380)
		b'[unknown]' (6236fea6c529)
		b'[unknown]' (6236f7d88dd2)
		b'[unknown]' (6236fee6a91a)
		b'[unknown]' (6236fee67893)
		b'[unknown]' (6236fee6899a)
		b'[unknown]' (6236f8525afc)
		b'[unknown]' (6236fee6d592)
		b'[unknown]' (6236fee6e112)
		b'[unknown]' (6236f8525afc)
		b'[unknown]' (6236fee6d4db)
		b'[unknown]' (7c043a894ac3)

	Not found in mutex_ids. mutex (b'[unknown]') 504dffc3b340 ::: wait time 45.26us ::: hold time 209.12us ::: enter count 18
		b'[unknown]' (6236f7d776a7)
		b'[unknown]' (6236f7d77cac)
		b'[unknown]' (6236f7d87796)
		b'[unknown]' (6236fcea4ccf)
		b'[unknown]' (6236fcea3d31)
		b'[unknown]' (6236fcea8277)
		b'[unknown]' (6236fcea255d)
		b'[unknown]' (6236fcea603e)
		b'[unknown]' (6236fcea5cc5)
		b'[unknown]' (6236fcea588b)
		b'[unknown]' (6236f9568403)
		b'[unknown]' (6236f956697f)
		b'[unknown]' (6236f9567af9)
		b'[unknown]' (6236f95679ea)
		b'[unknown]' (6236f9567743)
		b'[unknown]' (6236f956777d)
		b'[unknown]' (6236f95677ee)
		b'[unknown]' (6236f9568168)
		b'[unknown]' (6236f956812b)
		b'[unknown]' (6236f95680d8)
		b'[unknown]' (6236f95680ac)
		b'[unknown]' (6236f9568090)
		b'[unknown]' (7c043ace62b3)

	Not found in mutex_ids. mutex (b'[unknown]') 504dffc3b190 ::: wait time 45.18us ::: hold time 207.04us ::: enter count 18
		b'[unknown]' (6236f7d776a7)
		b'[unknown]' (6236f7d77cac)
		b'[unknown]' (6236f7d87796)
		b'[unknown]' (6236fcea4ccf)
		b'[unknown]' (6236fcea3d31)
		b'[unknown]' (6236fcea8277)
		b'[unknown]' (6236fcea255d)
		b'[unknown]' (6236fcea603e)
		b'[unknown]' (6236fcea5cc5)
		b'[unknown]' (6236fcea588b)
		b'[unknown]' (6236f9568403)
		b'[unknown]' (6236f956697f)
		b'[unknown]' (6236f9567af9)
		b'[unknown]' (6236f95679ea)
		b'[unknown]' (6236f9567743)
		b'[unknown]' (6236f956777d)
		b'[unknown]' (6236f95677ee)
		b'[unknown]' (6236f9568168)
		b'[unknown]' (6236f956812b)
		b'[unknown]' (6236f95680d8)
		b'[unknown]' (6236f95680ac)
		b'[unknown]' (6236f9568090)
		b'[unknown]' (7c043ace62b3)

	Not found in mutex_ids. mutex (b'[unknown]') 504dffc3b070 ::: wait time 45.07us ::: hold time 154.01us ::: enter count 18
		b'[unknown]' (6236f9ad3c3a)
		b'[unknown]' (6236f9ad6190)
		b'[unknown]' (6236fee879ba)
		b'[unknown]' (6236fee9a513)
		b'[unknown]' (6236fee97c33)
		b'[unknown]' (6236fee84be4)
		b'[unknown]' (6236fcd7dc8e)
		b'[unknown]' (6236fcd79c33)
		b'[unknown]' (6236fcd762bd)
		b'[unknown]' (6236fcd6897e)
		b'[unknown]' (6236fcd66c41)
		b'[unknown]' (6236fcd666bd)
		b'[unknown]' (6236fa627325)
		b'[unknown]' (6236fa62808a)
		b'[unknown]' (6236fa62c176)
		b'[unknown]' (6236fa3321c9)
		b'[unknown]' (6236fa33dd18)
		b'[unknown]' (6236fa33e46b)
		b'[unknown]' (6236fa33dd70)
		b'[unknown]' (6236fed9754e)
		b'[unknown]' (6236f7ee69ac)
		b'[unknown]' (6236f7ee9125)
		b'[unknown]' (6236f7eec3a0)
		b'[unknown]' (6236f7eed325)
		b'[unknown]' (6236f7eec7be)
		b'[unknown]' (6236f7eec86f)
		b'[unknown]' (6236f7ee8ad5)
		b'[unknown]' (6236f7ee8bc3)
		b'[unknown]' (6236f7ef1105)
		b'[unknown]' (6236f7ee7eb9)
		b'[unknown]' (6236f7ee7f5b)
		b'[unknown]' (6236f7ef3e5e)
		b'[unknown]' (6236f7ef49e5)
		b'[unknown]' (6236f7ef5066)
		b'[unknown]' (6236f7ef5df5)
		b'[unknown]' (6236f7ed7f38)
		b'[unknown]' (6236fea64b8d)
		b'[unknown]' (6236fea65171)
		b'[unknown]' (6236fea651e4)
		b'[unknown]' (6236fea65273)
		b'[unknown]' (6236fea652d7)
		b'[unknown]' (6236fea6581e)
		b'[unknown]' (6236fea65a0e)
		b'[unknown]' (6236fea65aad)
		b'[unknown]' (6236fea65b3b)
		b'[unknown]' (6236fea666ca)
		b'[unknown]' (6236fea6678b)
		b'[unknown]' (6236fea6797d)
		b'[unknown]' (6236f7d88dd2)
		b'[unknown]' (6236fea6b3d9)
		b'[unknown]' (6236fea6c3d5)
		b'[unknown]' (6236fea6b380)
		b'[unknown]' (6236fea6c529)
		b'[unknown]' (6236f7d88dd2)
		b'[unknown]' (6236fee6a91a)
		b'[unknown]' (6236fee67893)
		b'[unknown]' (6236fee6899a)
		b'[unknown]' (6236f8525afc)
		b'[unknown]' (6236fee6d592)
		b'[unknown]' (6236fee6e112)
		b'[unknown]' (6236f8525afc)
		b'[unknown]' (6236fee6d4db)
		b'[unknown]' (7c043a894ac3)

	Not found in mutex_ids. mutex (b'[unknown]') 504dffc3aec0 ::: wait time 45.04us ::: hold time 158.39us ::: enter count 18
		b'[unknown]' (6236f9ad3c3a)
		b'[unknown]' (6236f9ad6190)
		b'[unknown]' (6236fee879ba)
		b'[unknown]' (6236fee9a513)
		b'[unknown]' (6236fee97c33)
		b'[unknown]' (6236fee84be4)
		b'[unknown]' (6236fcd7dc8e)
		b'[unknown]' (6236fcd79c33)
		b'[unknown]' (6236fcd762bd)
		b'[unknown]' (6236fcd6897e)
		b'[unknown]' (6236fcd66c41)
		b'[unknown]' (6236fcd666bd)
		b'[unknown]' (6236fa627325)
		b'[unknown]' (6236fa62808a)
		b'[unknown]' (6236fa62c176)
		b'[unknown]' (6236fa3321c9)
		b'[unknown]' (6236fa33dd18)
		b'[unknown]' (6236fa33e46b)
		b'[unknown]' (6236fa33dd70)
		b'[unknown]' (6236fed9754e)
		b'[unknown]' (6236f7ee69ac)
		b'[unknown]' (6236f7ee9125)
		b'[unknown]' (6236f7eec3a0)
		b'[unknown]' (6236f7eed325)
		b'[unknown]' (6236f7eec7be)
		b'[unknown]' (6236f7eec86f)
		b'[unknown]' (6236f7ee8ad5)
		b'[unknown]' (6236f7ee8bc3)
		b'[unknown]' (6236f7ef1105)
		b'[unknown]' (6236f7ee7eb9)
		b'[unknown]' (6236f7ee7f5b)
		b'[unknown]' (6236f7ef3e5e)
		b'[unknown]' (6236f7ef49e5)
		b'[unknown]' (6236f7ef5066)
		b'[unknown]' (6236f7ef5df5)
		b'[unknown]' (6236f7ed7f38)
		b'[unknown]' (6236fea64b8d)
		b'[unknown]' (6236fea65171)
		b'[unknown]' (6236fea651e4)
		b'[unknown]' (6236fea65273)
		b'[unknown]' (6236fea652d7)
		b'[unknown]' (6236fea6581e)
		b'[unknown]' (6236fea65a0e)
		b'[unknown]' (6236fea65aad)
		b'[unknown]' (6236fea65b3b)
		b'[unknown]' (6236fea666ca)
		b'[unknown]' (6236fea6678b)
		b'[unknown]' (6236fea6797d)
		b'[unknown]' (6236f7d88dd2)
		b'[unknown]' (6236fea6b3d9)
		b'[unknown]' (6236fea6c3d5)
		b'[unknown]' (6236fea6b380)
		b'[unknown]' (6236fea6c529)
		b'[unknown]' (6236f7d88dd2)
		b'[unknown]' (6236fee6a91a)
		b'[unknown]' (6236fee67893)
		b'[unknown]' (6236fee6899a)
		b'[unknown]' (6236f8525afc)
		b'[unknown]' (6236fee6d592)
		b'[unknown]' (6236fee6e112)
		b'[unknown]' (6236f8525afc)
		b'[unknown]' (6236fee6d4db)
		b'[unknown]' (7c043a894ac3)

	Not found in mutex_ids. mutex (b'[unknown]') 504dffc3ab18 ::: wait time 44.89us ::: hold time 168.16us ::: enter count 18
		b'[unknown]' (6236f9ad3c3a)
		b'[unknown]' (6236f9ad6190)
		b'[unknown]' (6236fee879ba)
		b'[unknown]' (6236fee9a513)
		b'[unknown]' (6236fee97c33)
		b'[unknown]' (6236fee84be4)
		b'[unknown]' (6236fcd7dc8e)
		b'[unknown]' (6236fcd79c33)
		b'[unknown]' (6236fcd762bd)
		b'[unknown]' (6236fcd6897e)
		b'[unknown]' (6236fcd66c41)
		b'[unknown]' (6236fcd666bd)
		b'[unknown]' (6236fa627325)
		b'[unknown]' (6236fa62808a)
		b'[unknown]' (6236fa62c176)
		b'[unknown]' (6236fa3321c9)
		b'[unknown]' (6236fa33dd18)
		b'[unknown]' (6236fa33e46b)
		b'[unknown]' (6236fa33dd70)
		b'[unknown]' (6236fed9754e)
		b'[unknown]' (6236f7ee69ac)
		b'[unknown]' (6236f7ee9125)
		b'[unknown]' (6236f7eec3a0)
		b'[unknown]' (6236f7eed325)
		b'[unknown]' (6236f7eec7be)
		b'[unknown]' (6236f7eec86f)
		b'[unknown]' (6236f7ee8ad5)
		b'[unknown]' (6236f7ee8bc3)
		b'[unknown]' (6236f7ef1105)
		b'[unknown]' (6236f7ee7eb9)
		b'[unknown]' (6236f7ee7f5b)
		b'[unknown]' (6236f7ef3e5e)
		b'[unknown]' (6236f7ef49e5)
		b'[unknown]' (6236f7ef5066)
		b'[unknown]' (6236f7ef5df5)
		b'[unknown]' (6236f7ed7f38)
		b'[unknown]' (6236fea64b8d)
		b'[unknown]' (6236fea65171)
		b'[unknown]' (6236fea651e4)
		b'[unknown]' (6236fea65273)
		b'[unknown]' (6236fea652d7)
		b'[unknown]' (6236fea6581e)
		b'[unknown]' (6236fea65a0e)
		b'[unknown]' (6236fea65aad)
		b'[unknown]' (6236fea65b3b)
		b'[unknown]' (6236fea666ca)
		b'[unknown]' (6236fea6678b)
		b'[unknown]' (6236fea6797d)
		b'[unknown]' (6236f7d88dd2)
		b'[unknown]' (6236fea6b3d9)
		b'[unknown]' (6236fea6c3d5)
		b'[unknown]' (6236fea6b380)
		b'[unknown]' (6236fea6c529)
		b'[unknown]' (6236f7d88dd2)
		b'[unknown]' (6236fee6a91a)
		b'[unknown]' (6236fee67893)
		b'[unknown]' (6236fee6899a)
		b'[unknown]' (6236f8525afc)
		b'[unknown]' (6236fee6d592)
		b'[unknown]' (6236fee6e112)
		b'[unknown]' (6236f8525afc)
		b'[unknown]' (6236fee6d4db)
		b'[unknown]' (7c043a894ac3)

	Not found in mutex_ids. mutex (b'[unknown]') 504dffc3b2f8 ::: wait time 44.87us ::: hold time 203.26us ::: enter count 18
		b'[unknown]' (6236f7d776a7)
		b'[unknown]' (6236f7d77cac)
		b'[unknown]' (6236f7d87796)
		b'[unknown]' (6236fcea4ccf)
		b'[unknown]' (6236fcea3d31)
		b'[unknown]' (6236fcea8277)
		b'[unknown]' (6236fcea255d)
		b'[unknown]' (6236fcea603e)
		b'[unknown]' (6236fcea5cc5)
		b'[unknown]' (6236fcea588b)
		b'[unknown]' (6236f9568403)
		b'[unknown]' (6236f956697f)
		b'[unknown]' (6236f9567af9)
		b'[unknown]' (6236f95679ea)
		b'[unknown]' (6236f9567743)
		b'[unknown]' (6236f956777d)
		b'[unknown]' (6236f95677ee)
		b'[unknown]' (6236f9568168)
		b'[unknown]' (6236f956812b)
		b'[unknown]' (6236f95680d8)
		b'[unknown]' (6236f95680ac)
		b'[unknown]' (6236f9568090)
		b'[unknown]' (7c043ace62b3)

	Not found in mutex_ids. mutex (b'[unknown]') 504dffc3aad0 ::: wait time 44.76us ::: hold time 204.36us ::: enter count 18
		b'[unknown]' (6236f7d776a7)
		b'[unknown]' (6236f7d77cac)
		b'[unknown]' (6236f7d87796)
		b'[unknown]' (6236fcea4ccf)
		b'[unknown]' (6236fcea3d31)
		b'[unknown]' (6236fcea8277)
		b'[unknown]' (6236fcea255d)
		b'[unknown]' (6236fcea603e)
		b'[unknown]' (6236fcea5cc5)
		b'[unknown]' (6236fcea588b)
		b'[unknown]' (6236f9568403)
		b'[unknown]' (6236f956697f)
		b'[unknown]' (6236f9567af9)
		b'[unknown]' (6236f95679ea)
		b'[unknown]' (6236f9567743)
		b'[unknown]' (6236f956777d)
		b'[unknown]' (6236f95677ee)
		b'[unknown]' (6236f9568168)
		b'[unknown]' (6236f956812b)
		b'[unknown]' (6236f95680d8)
		b'[unknown]' (6236f95680ac)
		b'[unknown]' (6236f9568090)
		b'[unknown]' (7c043ace62b3)

	Not found in mutex_ids. mutex (b'[unknown]') 504dffc3af08 ::: wait time 44.75us ::: hold time 160.17us ::: enter count 18
		b'[unknown]' (6236f9ad3c3a)
		b'[unknown]' (6236f9ad6190)
		b'[unknown]' (6236fee879ba)
		b'[unknown]' (6236fee9a513)
		b'[unknown]' (6236fee97c33)
		b'[unknown]' (6236fee84be4)
		b'[unknown]' (6236fcd7dc8e)
		b'[unknown]' (6236fcd79c33)
		b'[unknown]' (6236fcd762bd)
		b'[unknown]' (6236fcd6897e)
		b'[unknown]' (6236fcd66c41)
		b'[unknown]' (6236fcd666bd)
		b'[unknown]' (6236fa627325)
		b'[unknown]' (6236fa62808a)
		b'[unknown]' (6236fa62c176)
		b'[unknown]' (6236fa3321c9)
		b'[unknown]' (6236fa33dd18)
		b'[unknown]' (6236fa33e46b)
		b'[unknown]' (6236fa33dd70)
		b'[unknown]' (6236fed9754e)
		b'[unknown]' (6236f7ee69ac)
		b'[unknown]' (6236f7ee9125)
		b'[unknown]' (6236f7eec3a0)
		b'[unknown]' (6236f7eed325)
		b'[unknown]' (6236f7eec7be)
		b'[unknown]' (6236f7eec86f)
		b'[unknown]' (6236f7ee8ad5)
		b'[unknown]' (6236f7ee8bc3)
		b'[unknown]' (6236f7ef1105)
		b'[unknown]' (6236f7ee7eb9)
		b'[unknown]' (6236f7ee7f5b)
		b'[unknown]' (6236f7ef3e5e)
		b'[unknown]' (6236f7ef49e5)
		b'[unknown]' (6236f7ef5066)
		b'[unknown]' (6236f7ef5df5)
		b'[unknown]' (6236f7ed7f38)
		b'[unknown]' (6236fea64b8d)
		b'[unknown]' (6236fea65171)
		b'[unknown]' (6236fea651e4)
		b'[unknown]' (6236fea65273)
		b'[unknown]' (6236fea652d7)
		b'[unknown]' (6236fea6581e)
		b'[unknown]' (6236fea65a0e)
		b'[unknown]' (6236fea65aad)
		b'[unknown]' (6236fea65b3b)
		b'[unknown]' (6236fea666ca)
		b'[unknown]' (6236fea6678b)
		b'[unknown]' (6236fea6797d)
		b'[unknown]' (6236f7d88dd2)
		b'[unknown]' (6236fea6b3d9)
		b'[unknown]' (6236fea6c3d5)
		b'[unknown]' (6236fea6b380)
		b'[unknown]' (6236fea6c529)
		b'[unknown]' (6236f7d88dd2)
		b'[unknown]' (6236fee6a91a)
		b'[unknown]' (6236fee67893)
		b'[unknown]' (6236fee6899a)
		b'[unknown]' (6236f8525afc)
		b'[unknown]' (6236fee6d592)
		b'[unknown]' (6236fee6e112)
		b'[unknown]' (6236f8525afc)
		b'[unknown]' (6236fee6d4db)
		b'[unknown]' (7c043a894ac3)

	Not found in mutex_ids. mutex (b'[unknown]') 504dffc3b0b8 ::: wait time 44.47us ::: hold time 157.42us ::: enter count 18
		b'[unknown]' (6236f9ad3c3a)
		b'[unknown]' (6236f9ad6190)
		b'[unknown]' (6236fee879ba)
		b'[unknown]' (6236fee9a513)
		b'[unknown]' (6236fee97c33)
		b'[unknown]' (6236fee84be4)
		b'[unknown]' (6236fcd7dc8e)
		b'[unknown]' (6236fcd79c33)
		b'[unknown]' (6236fcd762bd)
		b'[unknown]' (6236fcd6897e)
		b'[unknown]' (6236fcd66c41)
		b'[unknown]' (6236fcd666bd)
		b'[unknown]' (6236fa627325)
		b'[unknown]' (6236fa62808a)
		b'[unknown]' (6236fa62c176)
		b'[unknown]' (6236fa3321c9)
		b'[unknown]' (6236fa33dd18)
		b'[unknown]' (6236fa33e46b)
		b'[unknown]' (6236fa33dd70)
		b'[unknown]' (6236fed9754e)
		b'[unknown]' (6236f7ee69ac)
		b'[unknown]' (6236f7ee9125)
		b'[unknown]' (6236f7eec3a0)
		b'[unknown]' (6236f7eed325)
		b'[unknown]' (6236f7eec7be)
		b'[unknown]' (6236f7eec86f)
		b'[unknown]' (6236f7ee8ad5)
		b'[unknown]' (6236f7ee8bc3)
		b'[unknown]' (6236f7ef1105)
		b'[unknown]' (6236f7ee7eb9)
		b'[unknown]' (6236f7ee7f5b)
		b'[unknown]' (6236f7ef3e5e)
		b'[unknown]' (6236f7ef49e5)
		b'[unknown]' (6236f7ef5066)
		b'[unknown]' (6236f7ef5df5)
		b'[unknown]' (6236f7ed7f38)
		b'[unknown]' (6236fea64b8d)
		b'[unknown]' (6236fea65171)
		b'[unknown]' (6236fea651e4)
		b'[unknown]' (6236fea65273)
		b'[unknown]' (6236fea652d7)
		b'[unknown]' (6236fea6581e)
		b'[unknown]' (6236fea65a0e)
		b'[unknown]' (6236fea65aad)
		b'[unknown]' (6236fea65b3b)
		b'[unknown]' (6236fea666ca)
		b'[unknown]' (6236fea6678b)
		b'[unknown]' (6236fea6797d)
		b'[unknown]' (6236f7d88dd2)
		b'[unknown]' (6236fea6b3d9)
		b'[unknown]' (6236fea6c3d5)
		b'[unknown]' (6236fea6b380)
		b'[unknown]' (6236fea6c529)
		b'[unknown]' (6236f7d88dd2)
		b'[unknown]' (6236fee6a91a)
		b'[unknown]' (6236fee67893)
		b'[unknown]' (6236fee6899a)
		b'[unknown]' (6236f8525afc)
		b'[unknown]' (6236fee6d592)
		b'[unknown]' (6236fee6e112)
		b'[unknown]' (6236f8525afc)
		b'[unknown]' (6236fee6d4db)
		b'[unknown]' (7c043a894ac3)

	Not found in mutex_ids. mutex (b'[unknown]') 504dffc3b220 ::: wait time 44.43us ::: hold time 213.23us ::: enter count 18
		b'[unknown]' (6236f7d776a7)
		b'[unknown]' (6236f7d77cac)
		b'[unknown]' (6236f7d87796)
		b'[unknown]' (6236fcea4ccf)
		b'[unknown]' (6236fcea3d31)
		b'[unknown]' (6236fcea8277)
		b'[unknown]' (6236fcea255d)
		b'[unknown]' (6236fcea603e)
		b'[unknown]' (6236fcea5cc5)
		b'[unknown]' (6236fcea588b)
		b'[unknown]' (6236f9568403)
		b'[unknown]' (6236f956697f)
		b'[unknown]' (6236f9567af9)
		b'[unknown]' (6236f95679ea)
		b'[unknown]' (6236f9567743)
		b'[unknown]' (6236f956777d)
		b'[unknown]' (6236f95677ee)
		b'[unknown]' (6236f9568168)
		b'[unknown]' (6236f956812b)
		b'[unknown]' (6236f95680d8)
		b'[unknown]' (6236f95680ac)
		b'[unknown]' (6236f9568090)
		b'[unknown]' (7c043ace62b3)

	Not found in mutex_ids. mutex (b'[unknown]') 504dffc3ab18 ::: wait time 44.38us ::: hold time 222.18us ::: enter count 18
		b'[unknown]' (6236f7d776a7)
		b'[unknown]' (6236f7d77cac)
		b'[unknown]' (6236f7d87796)
		b'[unknown]' (6236fcea4ccf)
		b'[unknown]' (6236fcea3d31)
		b'[unknown]' (6236fcea8277)
		b'[unknown]' (6236fcea255d)
		b'[unknown]' (6236fcea603e)
		b'[unknown]' (6236fcea5cc5)
		b'[unknown]' (6236fcea588b)
		b'[unknown]' (6236f9568403)
		b'[unknown]' (6236f956697f)
		b'[unknown]' (6236f9567af9)
		b'[unknown]' (6236f95679ea)
		b'[unknown]' (6236f9567743)
		b'[unknown]' (6236f956777d)
		b'[unknown]' (6236f95677ee)
		b'[unknown]' (6236f9568168)
		b'[unknown]' (6236f956812b)
		b'[unknown]' (6236f95680d8)
		b'[unknown]' (6236f95680ac)
		b'[unknown]' (6236f9568090)
		b'[unknown]' (7c043ace62b3)

	Not found in mutex_ids. mutex (b'[unknown]') 504dffc3acc8 ::: wait time 44.24us ::: hold time 214.32us ::: enter count 18
		b'[unknown]' (6236f7d776a7)
		b'[unknown]' (6236f7d77cac)
		b'[unknown]' (6236f7d87796)
		b'[unknown]' (6236fcea4ccf)
		b'[unknown]' (6236fcea3d31)
		b'[unknown]' (6236fcea8277)
		b'[unknown]' (6236fcea255d)
		b'[unknown]' (6236fcea603e)
		b'[unknown]' (6236fcea5cc5)
		b'[unknown]' (6236fcea588b)
		b'[unknown]' (6236f9568403)
		b'[unknown]' (6236f956697f)
		b'[unknown]' (6236f9567af9)
		b'[unknown]' (6236f95679ea)
		b'[unknown]' (6236f9567743)
		b'[unknown]' (6236f956777d)
		b'[unknown]' (6236f95677ee)
		b'[unknown]' (6236f9568168)
		b'[unknown]' (6236f956812b)
		b'[unknown]' (6236f95680d8)
		b'[unknown]' (6236f95680ac)
		b'[unknown]' (6236f9568090)
		b'[unknown]' (7c043ace62b3)

	Not found in mutex_ids. mutex (b'[unknown]') 504dffc3ae78 ::: wait time 44.01us ::: hold time 213.78us ::: enter count 18
		b'[unknown]' (6236f7d776a7)
		b'[unknown]' (6236f7d77cac)
		b'[unknown]' (6236f7d87796)
		b'[unknown]' (6236fcea4ccf)
		b'[unknown]' (6236fcea3d31)
		b'[unknown]' (6236fcea8277)
		b'[unknown]' (6236fcea255d)
		b'[unknown]' (6236fcea603e)
		b'[unknown]' (6236fcea5cc5)
		b'[unknown]' (6236fcea588b)
		b'[unknown]' (6236f9568403)
		b'[unknown]' (6236f956697f)
		b'[unknown]' (6236f9567af9)
		b'[unknown]' (6236f95679ea)
		b'[unknown]' (6236f9567743)
		b'[unknown]' (6236f956777d)
		b'[unknown]' (6236f95677ee)
		b'[unknown]' (6236f9568168)
		b'[unknown]' (6236f956812b)
		b'[unknown]' (6236f95680d8)
		b'[unknown]' (6236f95680ac)
		b'[unknown]' (6236f9568090)
		b'[unknown]' (7c043ace62b3)

	Not found in mutex_ids. mutex (b'[unknown]') 504dffc3ac38 ::: wait time 43.75us ::: hold time 162.77us ::: enter count 18
		b'[unknown]' (6236f9ad3c3a)
		b'[unknown]' (6236f9ad6190)
		b'[unknown]' (6236fee879ba)
		b'[unknown]' (6236fee9a513)
		b'[unknown]' (6236fee97c33)
		b'[unknown]' (6236fee84be4)
		b'[unknown]' (6236fcd7dc8e)
		b'[unknown]' (6236fcd79c33)
		b'[unknown]' (6236fcd762bd)
		b'[unknown]' (6236fcd6897e)
		b'[unknown]' (6236fcd66c41)
		b'[unknown]' (6236fcd666bd)
		b'[unknown]' (6236fa627325)
		b'[unknown]' (6236fa62808a)
		b'[unknown]' (6236fa62c176)
		b'[unknown]' (6236fa3321c9)
		b'[unknown]' (6236fa33dd18)
		b'[unknown]' (6236fa33e46b)
		b'[unknown]' (6236fa33dd70)
		b'[unknown]' (6236fed9754e)
		b'[unknown]' (6236f7ee69ac)
		b'[unknown]' (6236f7ee9125)
		b'[unknown]' (6236f7eec3a0)
		b'[unknown]' (6236f7eed325)
		b'[unknown]' (6236f7eec7be)
		b'[unknown]' (6236f7eec86f)
		b'[unknown]' (6236f7ee8ad5)
		b'[unknown]' (6236f7ee8bc3)
		b'[unknown]' (6236f7ef1105)
		b'[unknown]' (6236f7ee7eb9)
		b'[unknown]' (6236f7ee7f5b)
		b'[unknown]' (6236f7ef3e5e)
		b'[unknown]' (6236f7ef49e5)
		b'[unknown]' (6236f7ef5066)
		b'[unknown]' (6236f7ef5df5)
		b'[unknown]' (6236f7ed7f38)
		b'[unknown]' (6236fea64b8d)
		b'[unknown]' (6236fea65171)
		b'[unknown]' (6236fea651e4)
		b'[unknown]' (6236fea65273)
		b'[unknown]' (6236fea652d7)
		b'[unknown]' (6236fea6581e)
		b'[unknown]' (6236fea65a0e)
		b'[unknown]' (6236fea65aad)
		b'[unknown]' (6236fea65b3b)
		b'[unknown]' (6236fea666ca)
		b'[unknown]' (6236fea6678b)
		b'[unknown]' (6236fea6797d)
		b'[unknown]' (6236f7d88dd2)
		b'[unknown]' (6236fea6b3d9)
		b'[unknown]' (6236fea6c3d5)
		b'[unknown]' (6236fea6b380)
		b'[unknown]' (6236fea6c529)
		b'[unknown]' (6236f7d88dd2)
		b'[unknown]' (6236fee6a91a)
		b'[unknown]' (6236fee67893)
		b'[unknown]' (6236fee6899a)
		b'[unknown]' (6236f8525afc)
		b'[unknown]' (6236fee6d592)
		b'[unknown]' (6236fee6e112)
		b'[unknown]' (6236f8525afc)
		b'[unknown]' (6236fee6d4db)
		b'[unknown]' (7c043a894ac3)

	Not found in mutex_ids. mutex (b'[unknown]') 504dffc3ae30 ::: wait time 43.73us ::: hold time 209.75us ::: enter count 18
		b'[unknown]' (6236f7d776a7)
		b'[unknown]' (6236f7d77cac)
		b'[unknown]' (6236f7d87796)
		b'[unknown]' (6236fcea4ccf)
		b'[unknown]' (6236fcea3d31)
		b'[unknown]' (6236fcea8277)
		b'[unknown]' (6236fcea255d)
		b'[unknown]' (6236fcea603e)
		b'[unknown]' (6236fcea5cc5)
		b'[unknown]' (6236fcea588b)
		b'[unknown]' (6236f9568403)
		b'[unknown]' (6236f956697f)
		b'[unknown]' (6236f9567af9)
		b'[unknown]' (6236f95679ea)
		b'[unknown]' (6236f9567743)
		b'[unknown]' (6236f956777d)
		b'[unknown]' (6236f95677ee)
		b'[unknown]' (6236f9568168)
		b'[unknown]' (6236f956812b)
		b'[unknown]' (6236f95680d8)
		b'[unknown]' (6236f95680ac)
		b'[unknown]' (6236f9568090)
		b'[unknown]' (7c043ace62b3)

	Not found in mutex_ids. mutex (b'[unknown]') 504dffc3ad10 ::: wait time 43.64us ::: hold time 155.80us ::: enter count 18
		b'[unknown]' (6236f9ad3c3a)
		b'[unknown]' (6236f9ad6190)
		b'[unknown]' (6236fee879ba)
		b'[unknown]' (6236fee9a513)
		b'[unknown]' (6236fee97c33)
		b'[unknown]' (6236fee84be4)
		b'[unknown]' (6236fcd7dc8e)
		b'[unknown]' (6236fcd79c33)
		b'[unknown]' (6236fcd762bd)
		b'[unknown]' (6236fcd6897e)
		b'[unknown]' (6236fcd66c41)
		b'[unknown]' (6236fcd666bd)
		b'[unknown]' (6236fa627325)
		b'[unknown]' (6236fa62808a)
		b'[unknown]' (6236fa62c176)
		b'[unknown]' (6236fa3321c9)
		b'[unknown]' (6236fa33dd18)
		b'[unknown]' (6236fa33e46b)
		b'[unknown]' (6236fa33dd70)
		b'[unknown]' (6236fed9754e)
		b'[unknown]' (6236f7ee69ac)
		b'[unknown]' (6236f7ee9125)
		b'[unknown]' (6236f7eec3a0)
		b'[unknown]' (6236f7eed325)
		b'[unknown]' (6236f7eec7be)
		b'[unknown]' (6236f7eec86f)
		b'[unknown]' (6236f7ee8ad5)
		b'[unknown]' (6236f7ee8bc3)
		b'[unknown]' (6236f7ef1105)
		b'[unknown]' (6236f7ee7eb9)
		b'[unknown]' (6236f7ee7f5b)
		b'[unknown]' (6236f7ef3e5e)
		b'[unknown]' (6236f7ef49e5)
		b'[unknown]' (6236f7ef5066)
		b'[unknown]' (6236f7ef5df5)
		b'[unknown]' (6236f7ed7f38)
		b'[unknown]' (6236fea64b8d)
		b'[unknown]' (6236fea65171)
		b'[unknown]' (6236fea651e4)
		b'[unknown]' (6236fea65273)
		b'[unknown]' (6236fea652d7)
		b'[unknown]' (6236fea6581e)
		b'[unknown]' (6236fea65a0e)
		b'[unknown]' (6236fea65aad)
		b'[unknown]' (6236fea65b3b)
		b'[unknown]' (6236fea666ca)
		b'[unknown]' (6236fea6678b)
		b'[unknown]' (6236fea6797d)
		b'[unknown]' (6236f7d88dd2)
		b'[unknown]' (6236fea6b3d9)
		b'[unknown]' (6236fea6c3d5)
		b'[unknown]' (6236fea6b380)
		b'[unknown]' (6236fea6c529)
		b'[unknown]' (6236f7d88dd2)
		b'[unknown]' (6236fee6a91a)
		b'[unknown]' (6236fee67893)
		b'[unknown]' (6236fee6899a)
		b'[unknown]' (6236f8525afc)
		b'[unknown]' (6236fee6d592)
		b'[unknown]' (6236fee6e112)
		b'[unknown]' (6236f8525afc)
		b'[unknown]' (6236fee6d4db)
		b'[unknown]' (7c043a894ac3)

	Not found in mutex_ids. mutex (b'[unknown]') 504dffc3ae78 ::: wait time 43.42us ::: hold time 165.51us ::: enter count 18
		b'[unknown]' (6236f9ad3c3a)
		b'[unknown]' (6236f9ad6190)
		b'[unknown]' (6236fee879ba)
		b'[unknown]' (6236fee9a513)
		b'[unknown]' (6236fee97c33)
		b'[unknown]' (6236fee84be4)
		b'[unknown]' (6236fcd7dc8e)
		b'[unknown]' (6236fcd79c33)
		b'[unknown]' (6236fcd762bd)
		b'[unknown]' (6236fcd6897e)
		b'[unknown]' (6236fcd66c41)
		b'[unknown]' (6236fcd666bd)
		b'[unknown]' (6236fa627325)
		b'[unknown]' (6236fa62808a)
		b'[unknown]' (6236fa62c176)
		b'[unknown]' (6236fa3321c9)
		b'[unknown]' (6236fa33dd18)
		b'[unknown]' (6236fa33e46b)
		b'[unknown]' (6236fa33dd70)
		b'[unknown]' (6236fed9754e)
		b'[unknown]' (6236f7ee69ac)
		b'[unknown]' (6236f7ee9125)
		b'[unknown]' (6236f7eec3a0)
		b'[unknown]' (6236f7eed325)
		b'[unknown]' (6236f7eec7be)
		b'[unknown]' (6236f7eec86f)
		b'[unknown]' (6236f7ee8ad5)
		b'[unknown]' (6236f7ee8bc3)
		b'[unknown]' (6236f7ef1105)
		b'[unknown]' (6236f7ee7eb9)
		b'[unknown]' (6236f7ee7f5b)
		b'[unknown]' (6236f7ef3e5e)
		b'[unknown]' (6236f7ef49e5)
		b'[unknown]' (6236f7ef5066)
		b'[unknown]' (6236f7ef5df5)
		b'[unknown]' (6236f7ed7f38)
		b'[unknown]' (6236fea64b8d)
		b'[unknown]' (6236fea65171)
		b'[unknown]' (6236fea651e4)
		b'[unknown]' (6236fea65273)
		b'[unknown]' (6236fea652d7)
		b'[unknown]' (6236fea6581e)
		b'[unknown]' (6236fea65a0e)
		b'[unknown]' (6236fea65aad)
		b'[unknown]' (6236fea65b3b)
		b'[unknown]' (6236fea666ca)
		b'[unknown]' (6236fea6678b)
		b'[unknown]' (6236fea6797d)
		b'[unknown]' (6236f7d88dd2)
		b'[unknown]' (6236fea6b3d9)
		b'[unknown]' (6236fea6c3d5)
		b'[unknown]' (6236fea6b380)
		b'[unknown]' (6236fea6c529)
		b'[unknown]' (6236f7d88dd2)
		b'[unknown]' (6236fee6a91a)
		b'[unknown]' (6236fee67893)
		b'[unknown]' (6236fee6899a)
		b'[unknown]' (6236f8525afc)
		b'[unknown]' (6236fee6d592)
		b'[unknown]' (6236fee6e112)
		b'[unknown]' (6236f8525afc)
		b'[unknown]' (6236fee6d4db)
		b'[unknown]' (7c043a894ac3)

	Not found in mutex_ids. mutex (b'[unknown]') 504dffc3af98 ::: wait time 43.41us ::: hold time 161.87us ::: enter count 18
		b'[unknown]' (6236f9ad3c3a)
		b'[unknown]' (6236f9ad6190)
		b'[unknown]' (6236fee879ba)
		b'[unknown]' (6236fee9a513)
		b'[unknown]' (6236fee97c33)
		b'[unknown]' (6236fee84be4)
		b'[unknown]' (6236fcd7dc8e)
		b'[unknown]' (6236fcd79c33)
		b'[unknown]' (6236fcd762bd)
		b'[unknown]' (6236fcd6897e)
		b'[unknown]' (6236fcd66c41)
		b'[unknown]' (6236fcd666bd)
		b'[unknown]' (6236fa627325)
		b'[unknown]' (6236fa62808a)
		b'[unknown]' (6236fa62c176)
		b'[unknown]' (6236fa3321c9)
		b'[unknown]' (6236fa33dd18)
		b'[unknown]' (6236fa33e46b)
		b'[unknown]' (6236fa33dd70)
		b'[unknown]' (6236fed9754e)
		b'[unknown]' (6236f7ee69ac)
		b'[unknown]' (6236f7ee9125)
		b'[unknown]' (6236f7eec3a0)
		b'[unknown]' (6236f7eed325)
		b'[unknown]' (6236f7eec7be)
		b'[unknown]' (6236f7eec86f)
		b'[unknown]' (6236f7ee8ad5)
		b'[unknown]' (6236f7ee8bc3)
		b'[unknown]' (6236f7ef1105)
		b'[unknown]' (6236f7ee7eb9)
		b'[unknown]' (6236f7ee7f5b)
		b'[unknown]' (6236f7ef3e5e)
		b'[unknown]' (6236f7ef49e5)
		b'[unknown]' (6236f7ef5066)
		b'[unknown]' (6236f7ef5df5)
		b'[unknown]' (6236f7ed7f38)
		b'[unknown]' (6236fea64b8d)
		b'[unknown]' (6236fea65171)
		b'[unknown]' (6236fea651e4)
		b'[unknown]' (6236fea65273)
		b'[unknown]' (6236fea652d7)
		b'[unknown]' (6236fea6581e)
		b'[unknown]' (6236fea65a0e)
		b'[unknown]' (6236fea65aad)
		b'[unknown]' (6236fea65b3b)
		b'[unknown]' (6236fea666ca)
		b'[unknown]' (6236fea6678b)
		b'[unknown]' (6236fea6797d)
		b'[unknown]' (6236f7d88dd2)
		b'[unknown]' (6236fea6b3d9)
		b'[unknown]' (6236fea6c3d5)
		b'[unknown]' (6236fea6b380)
		b'[unknown]' (6236fea6c529)
		b'[unknown]' (6236f7d88dd2)
		b'[unknown]' (6236fee6a91a)
		b'[unknown]' (6236fee67893)
		b'[unknown]' (6236fee6899a)
		b'[unknown]' (6236f8525afc)
		b'[unknown]' (6236fee6d592)
		b'[unknown]' (6236fee6e112)
		b'[unknown]' (6236f8525afc)
		b'[unknown]' (6236fee6d4db)
		b'[unknown]' (7c043a894ac3)

	Not found in mutex_ids. mutex (b'[unknown]') 504dffc3b2f8 ::: wait time 43.23us ::: hold time 158.66us ::: enter count 18
		b'[unknown]' (6236f9ad3c3a)
		b'[unknown]' (6236f9ad6190)
		b'[unknown]' (6236fee879ba)
		b'[unknown]' (6236fee9a513)
		b'[unknown]' (6236fee97c33)
		b'[unknown]' (6236fee84be4)
		b'[unknown]' (6236fcd7dc8e)
		b'[unknown]' (6236fcd79c33)
		b'[unknown]' (6236fcd762bd)
		b'[unknown]' (6236fcd6897e)
		b'[unknown]' (6236fcd66c41)
		b'[unknown]' (6236fcd666bd)
		b'[unknown]' (6236fa627325)
		b'[unknown]' (6236fa62808a)
		b'[unknown]' (6236fa62c176)
		b'[unknown]' (6236fa3321c9)
		b'[unknown]' (6236fa33dd18)
		b'[unknown]' (6236fa33e46b)
		b'[unknown]' (6236fa33dd70)
		b'[unknown]' (6236fed9754e)
		b'[unknown]' (6236f7ee69ac)
		b'[unknown]' (6236f7ee9125)
		b'[unknown]' (6236f7eec3a0)
		b'[unknown]' (6236f7eed325)
		b'[unknown]' (6236f7eec7be)
		b'[unknown]' (6236f7eec86f)
		b'[unknown]' (6236f7ee8ad5)
		b'[unknown]' (6236f7ee8bc3)
		b'[unknown]' (6236f7ef1105)
		b'[unknown]' (6236f7ee7eb9)
		b'[unknown]' (6236f7ee7f5b)
		b'[unknown]' (6236f7ef3e5e)
		b'[unknown]' (6236f7ef49e5)
		b'[unknown]' (6236f7ef5066)
		b'[unknown]' (6236f7ef5df5)
		b'[unknown]' (6236f7ed7f38)
		b'[unknown]' (6236fea64b8d)
		b'[unknown]' (6236fea65171)
		b'[unknown]' (6236fea651e4)
		b'[unknown]' (6236fea65273)
		b'[unknown]' (6236fea652d7)
		b'[unknown]' (6236fea6581e)
		b'[unknown]' (6236fea65a0e)
		b'[unknown]' (6236fea65aad)
		b'[unknown]' (6236fea65b3b)
		b'[unknown]' (6236fea666ca)
		b'[unknown]' (6236fea6678b)
		b'[unknown]' (6236fea6797d)
		b'[unknown]' (6236f7d88dd2)
		b'[unknown]' (6236fea6b3d9)
		b'[unknown]' (6236fea6c3d5)
		b'[unknown]' (6236fea6b380)
		b'[unknown]' (6236fea6c529)
		b'[unknown]' (6236f7d88dd2)
		b'[unknown]' (6236fee6a91a)
		b'[unknown]' (6236fee67893)
		b'[unknown]' (6236fee6899a)
		b'[unknown]' (6236f8525afc)
		b'[unknown]' (6236fee6d592)
		b'[unknown]' (6236fee6e112)
		b'[unknown]' (6236f8525afc)
		b'[unknown]' (6236fee6d4db)
		b'[unknown]' (7c043a894ac3)

	Not found in mutex_ids. mutex (b'[unknown]') 504dffc3ae30 ::: wait time 43.19us ::: hold time 147.74us ::: enter count 18
		b'[unknown]' (6236f9ad3c3a)
		b'[unknown]' (6236f9ad6190)
		b'[unknown]' (6236fee879ba)
		b'[unknown]' (6236fee9a513)
		b'[unknown]' (6236fee97c33)
		b'[unknown]' (6236fee84be4)
		b'[unknown]' (6236fcd7dc8e)
		b'[unknown]' (6236fcd79c33)
		b'[unknown]' (6236fcd762bd)
		b'[unknown]' (6236fcd6897e)
		b'[unknown]' (6236fcd66c41)
		b'[unknown]' (6236fcd666bd)
		b'[unknown]' (6236fa627325)
		b'[unknown]' (6236fa62808a)
		b'[unknown]' (6236fa62c176)
		b'[unknown]' (6236fa3321c9)
		b'[unknown]' (6236fa33dd18)
		b'[unknown]' (6236fa33e46b)
		b'[unknown]' (6236fa33dd70)
		b'[unknown]' (6236fed9754e)
		b'[unknown]' (6236f7ee69ac)
		b'[unknown]' (6236f7ee9125)
		b'[unknown]' (6236f7eec3a0)
		b'[unknown]' (6236f7eed325)
		b'[unknown]' (6236f7eec7be)
		b'[unknown]' (6236f7eec86f)
		b'[unknown]' (6236f7ee8ad5)
		b'[unknown]' (6236f7ee8bc3)
		b'[unknown]' (6236f7ef1105)
		b'[unknown]' (6236f7ee7eb9)
		b'[unknown]' (6236f7ee7f5b)
		b'[unknown]' (6236f7ef3e5e)
		b'[unknown]' (6236f7ef49e5)
		b'[unknown]' (6236f7ef5066)
		b'[unknown]' (6236f7ef5df5)
		b'[unknown]' (6236f7ed7f38)
		b'[unknown]' (6236fea64b8d)
		b'[unknown]' (6236fea65171)
		b'[unknown]' (6236fea651e4)
		b'[unknown]' (6236fea65273)
		b'[unknown]' (6236fea652d7)
		b'[unknown]' (6236fea6581e)
		b'[unknown]' (6236fea65a0e)
		b'[unknown]' (6236fea65aad)
		b'[unknown]' (6236fea65b3b)
		b'[unknown]' (6236fea666ca)
		b'[unknown]' (6236fea6678b)
		b'[unknown]' (6236fea6797d)
		b'[unknown]' (6236f7d88dd2)
		b'[unknown]' (6236fea6b3d9)
		b'[unknown]' (6236fea6c3d5)
		b'[unknown]' (6236fea6b380)
		b'[unknown]' (6236fea6c529)
		b'[unknown]' (6236f7d88dd2)
		b'[unknown]' (6236fee6a91a)
		b'[unknown]' (6236fee67893)
		b'[unknown]' (6236fee6899a)
		b'[unknown]' (6236f8525afc)
		b'[unknown]' (6236fee6d592)
		b'[unknown]' (6236fee6e112)
		b'[unknown]' (6236f8525afc)
		b'[unknown]' (6236fee6d4db)
		b'[unknown]' (7c043a894ac3)

	Not found in mutex_ids. mutex (b'[unknown]') 504dffc3b190 ::: wait time 43.14us ::: hold time 164.62us ::: enter count 18
		b'[unknown]' (6236f9ad3c3a)
		b'[unknown]' (6236f9ad6190)
		b'[unknown]' (6236fee879ba)
		b'[unknown]' (6236fee9a513)
		b'[unknown]' (6236fee97c33)
		b'[unknown]' (6236fee84be4)
		b'[unknown]' (6236fcd7dc8e)
		b'[unknown]' (6236fcd79c33)
		b'[unknown]' (6236fcd762bd)
		b'[unknown]' (6236fcd6897e)
		b'[unknown]' (6236fcd66c41)
		b'[unknown]' (6236fcd666bd)
		b'[unknown]' (6236fa627325)
		b'[unknown]' (6236fa62808a)
		b'[unknown]' (6236fa62c176)
		b'[unknown]' (6236fa3321c9)
		b'[unknown]' (6236fa33dd18)
		b'[unknown]' (6236fa33e46b)
		b'[unknown]' (6236fa33dd70)
		b'[unknown]' (6236fed9754e)
		b'[unknown]' (6236f7ee69ac)
		b'[unknown]' (6236f7ee9125)
		b'[unknown]' (6236f7eec3a0)
		b'[unknown]' (6236f7eed325)
		b'[unknown]' (6236f7eec7be)
		b'[unknown]' (6236f7eec86f)
		b'[unknown]' (6236f7ee8ad5)
		b'[unknown]' (6236f7ee8bc3)
		b'[unknown]' (6236f7ef1105)
		b'[unknown]' (6236f7ee7eb9)
		b'[unknown]' (6236f7ee7f5b)
		b'[unknown]' (6236f7ef3e5e)
		b'[unknown]' (6236f7ef49e5)
		b'[unknown]' (6236f7ef5066)
		b'[unknown]' (6236f7ef5df5)
		b'[unknown]' (6236f7ed7f38)
		b'[unknown]' (6236fea64b8d)
		b'[unknown]' (6236fea65171)
		b'[unknown]' (6236fea651e4)
		b'[unknown]' (6236fea65273)
		b'[unknown]' (6236fea652d7)
		b'[unknown]' (6236fea6581e)
		b'[unknown]' (6236fea65a0e)
		b'[unknown]' (6236fea65aad)
		b'[unknown]' (6236fea65b3b)
		b'[unknown]' (6236fea666ca)
		b'[unknown]' (6236fea6678b)
		b'[unknown]' (6236fea6797d)
		b'[unknown]' (6236f7d88dd2)
		b'[unknown]' (6236fea6b3d9)
		b'[unknown]' (6236fea6c3d5)
		b'[unknown]' (6236fea6b380)
		b'[unknown]' (6236fea6c529)
		b'[unknown]' (6236f7d88dd2)
		b'[unknown]' (6236fee6a91a)
		b'[unknown]' (6236fee67893)
		b'[unknown]' (6236fee6899a)
		b'[unknown]' (6236f8525afc)
		b'[unknown]' (6236fee6d592)
		b'[unknown]' (6236fee6e112)
		b'[unknown]' (6236f8525afc)
		b'[unknown]' (6236fee6d4db)
		b'[unknown]' (7c043a894ac3)

	Not found in mutex_ids. mutex (b'[unknown]') 504dffc3af08 ::: wait time 43.07us ::: hold time 211.15us ::: enter count 18
		b'[unknown]' (6236f7d776a7)
		b'[unknown]' (6236f7d77cac)
		b'[unknown]' (6236f7d87796)
		b'[unknown]' (6236fcea4ccf)
		b'[unknown]' (6236fcea3d31)
		b'[unknown]' (6236fcea8277)
		b'[unknown]' (6236fcea255d)
		b'[unknown]' (6236fcea603e)
		b'[unknown]' (6236fcea5cc5)
		b'[unknown]' (6236fcea588b)
		b'[unknown]' (6236f9568403)
		b'[unknown]' (6236f956697f)
		b'[unknown]' (6236f9567af9)
		b'[unknown]' (6236f95679ea)
		b'[unknown]' (6236f9567743)
		b'[unknown]' (6236f956777d)
		b'[unknown]' (6236f95677ee)
		b'[unknown]' (6236f9568168)
		b'[unknown]' (6236f956812b)
		b'[unknown]' (6236f95680d8)
		b'[unknown]' (6236f95680ac)
		b'[unknown]' (6236f9568090)
		b'[unknown]' (7c043ace62b3)

	Not found in mutex_ids. mutex (b'[unknown]') 504dffc3b100 ::: wait time 42.91us ::: hold time 210.43us ::: enter count 18
		b'[unknown]' (6236f7d776a7)
		b'[unknown]' (6236f7d77cac)
		b'[unknown]' (6236f7d87796)
		b'[unknown]' (6236fcea4ccf)
		b'[unknown]' (6236fcea3d31)
		b'[unknown]' (6236fcea8277)
		b'[unknown]' (6236fcea255d)
		b'[unknown]' (6236fcea603e)
		b'[unknown]' (6236fcea5cc5)
		b'[unknown]' (6236fcea588b)
		b'[unknown]' (6236f9568403)
		b'[unknown]' (6236f956697f)
		b'[unknown]' (6236f9567af9)
		b'[unknown]' (6236f95679ea)
		b'[unknown]' (6236f9567743)
		b'[unknown]' (6236f956777d)
		b'[unknown]' (6236f95677ee)
		b'[unknown]' (6236f9568168)
		b'[unknown]' (6236f956812b)
		b'[unknown]' (6236f95680d8)
		b'[unknown]' (6236f95680ac)
		b'[unknown]' (6236f9568090)
		b'[unknown]' (7c043ace62b3)

	Not found in mutex_ids. mutex (b'[unknown]') 504dffc3b220 ::: wait time 42.89us ::: hold time 174.79us ::: enter count 18
		b'[unknown]' (6236f9ad3c3a)
		b'[unknown]' (6236f9ad6190)
		b'[unknown]' (6236fee879ba)
		b'[unknown]' (6236fee9a513)
		b'[unknown]' (6236fee97c33)
		b'[unknown]' (6236fee84be4)
		b'[unknown]' (6236fcd7dc8e)
		b'[unknown]' (6236fcd79c33)
		b'[unknown]' (6236fcd762bd)
		b'[unknown]' (6236fcd6897e)
		b'[unknown]' (6236fcd66c41)
		b'[unknown]' (6236fcd666bd)
		b'[unknown]' (6236fa627325)
		b'[unknown]' (6236fa62808a)
		b'[unknown]' (6236fa62c176)
		b'[unknown]' (6236fa3321c9)
		b'[unknown]' (6236fa33dd18)
		b'[unknown]' (6236fa33e46b)
		b'[unknown]' (6236fa33dd70)
		b'[unknown]' (6236fed9754e)
		b'[unknown]' (6236f7ee69ac)
		b'[unknown]' (6236f7ee9125)
		b'[unknown]' (6236f7eec3a0)
		b'[unknown]' (6236f7eed325)
		b'[unknown]' (6236f7eec7be)
		b'[unknown]' (6236f7eec86f)
		b'[unknown]' (6236f7ee8ad5)
		b'[unknown]' (6236f7ee8bc3)
		b'[unknown]' (6236f7ef1105)
		b'[unknown]' (6236f7ee7eb9)
		b'[unknown]' (6236f7ee7f5b)
		b'[unknown]' (6236f7ef3e5e)
		b'[unknown]' (6236f7ef49e5)
		b'[unknown]' (6236f7ef5066)
		b'[unknown]' (6236f7ef5df5)
		b'[unknown]' (6236f7ed7f38)
		b'[unknown]' (6236fea64b8d)
		b'[unknown]' (6236fea65171)
		b'[unknown]' (6236fea651e4)
		b'[unknown]' (6236fea65273)
		b'[unknown]' (6236fea652d7)
		b'[unknown]' (6236fea6581e)
		b'[unknown]' (6236fea65a0e)
		b'[unknown]' (6236fea65aad)
		b'[unknown]' (6236fea65b3b)
		b'[unknown]' (6236fea666ca)
		b'[unknown]' (6236fea6678b)
		b'[unknown]' (6236fea6797d)
		b'[unknown]' (6236f7d88dd2)
		b'[unknown]' (6236fea6b3d9)
		b'[unknown]' (6236fea6c3d5)
		b'[unknown]' (6236fea6b380)
		b'[unknown]' (6236fea6c529)
		b'[unknown]' (6236f7d88dd2)
		b'[unknown]' (6236fee6a91a)
		b'[unknown]' (6236fee67893)
		b'[unknown]' (6236fee6899a)
		b'[unknown]' (6236f8525afc)
		b'[unknown]' (6236fee6d592)
		b'[unknown]' (6236fee6e112)
		b'[unknown]' (6236f8525afc)
		b'[unknown]' (6236fee6d4db)
		b'[unknown]' (7c043a894ac3)

	Not found in mutex_ids. mutex (b'[unknown]') 504dffc3aa88 ::: wait time 42.64us ::: hold time 160.19us ::: enter count 18
		b'[unknown]' (6236f9ad3c3a)
		b'[unknown]' (6236f9ad6190)
		b'[unknown]' (6236fee879ba)
		b'[unknown]' (6236fee9a513)
		b'[unknown]' (6236fee97c33)
		b'[unknown]' (6236fee84be4)
		b'[unknown]' (6236fcd7dc8e)
		b'[unknown]' (6236fcd79c33)
		b'[unknown]' (6236fcd762bd)
		b'[unknown]' (6236fcd6897e)
		b'[unknown]' (6236fcd66c41)
		b'[unknown]' (6236fcd666bd)
		b'[unknown]' (6236fa627325)
		b'[unknown]' (6236fa62808a)
		b'[unknown]' (6236fa62c176)
		b'[unknown]' (6236fa3321c9)
		b'[unknown]' (6236fa33dd18)
		b'[unknown]' (6236fa33e46b)
		b'[unknown]' (6236fa33dd70)
		b'[unknown]' (6236fed9754e)
		b'[unknown]' (6236f7ee69ac)
		b'[unknown]' (6236f7ee9125)
		b'[unknown]' (6236f7eec3a0)
		b'[unknown]' (6236f7eed325)
		b'[unknown]' (6236f7eec7be)
		b'[unknown]' (6236f7eec86f)
		b'[unknown]' (6236f7ee8ad5)
		b'[unknown]' (6236f7ee8bc3)
		b'[unknown]' (6236f7ef1105)
		b'[unknown]' (6236f7ee7eb9)
		b'[unknown]' (6236f7ee7f5b)
		b'[unknown]' (6236f7ef3e5e)
		b'[unknown]' (6236f7ef49e5)
		b'[unknown]' (6236f7ef5066)
		b'[unknown]' (6236f7ef5df5)
		b'[unknown]' (6236f7ed7f38)
		b'[unknown]' (6236fea64b8d)
		b'[unknown]' (6236fea65171)
		b'[unknown]' (6236fea651e4)
		b'[unknown]' (6236fea65273)
		b'[unknown]' (6236fea652d7)
		b'[unknown]' (6236fea6581e)
		b'[unknown]' (6236fea65a0e)
		b'[unknown]' (6236fea65aad)
		b'[unknown]' (6236fea65b3b)
		b'[unknown]' (6236fea666ca)
		b'[unknown]' (6236fea6678b)
		b'[unknown]' (6236fea6797d)
		b'[unknown]' (6236f7d88dd2)
		b'[unknown]' (6236fea6b3d9)
		b'[unknown]' (6236fea6c3d5)
		b'[unknown]' (6236fea6b380)
		b'[unknown]' (6236fea6c529)
		b'[unknown]' (6236f7d88dd2)
		b'[unknown]' (6236fee6a91a)
		b'[unknown]' (6236fee67893)
		b'[unknown]' (6236fee6899a)
		b'[unknown]' (6236f8525afc)
		b'[unknown]' (6236fee6d592)
		b'[unknown]' (6236fee6e112)
		b'[unknown]' (6236f8525afc)
		b'[unknown]' (6236fee6d4db)
		b'[unknown]' (7c043a894ac3)

	Not found in mutex_ids. mutex (b'[unknown]') 504dffc3ac38 ::: wait time 42.61us ::: hold time 206.24us ::: enter count 18
		b'[unknown]' (6236f7d776a7)
		b'[unknown]' (6236f7d77cac)
		b'[unknown]' (6236f7d87796)
		b'[unknown]' (6236fcea4ccf)
		b'[unknown]' (6236fcea3d31)
		b'[unknown]' (6236fcea8277)
		b'[unknown]' (6236fcea255d)
		b'[unknown]' (6236fcea603e)
		b'[unknown]' (6236fcea5cc5)
		b'[unknown]' (6236fcea588b)
		b'[unknown]' (6236f9568403)
		b'[unknown]' (6236f956697f)
		b'[unknown]' (6236f9567af9)
		b'[unknown]' (6236f95679ea)
		b'[unknown]' (6236f9567743)
		b'[unknown]' (6236f956777d)
		b'[unknown]' (6236f95677ee)
		b'[unknown]' (6236f9568168)
		b'[unknown]' (6236f956812b)
		b'[unknown]' (6236f95680d8)
		b'[unknown]' (6236f95680ac)
		b'[unknown]' (6236f9568090)
		b'[unknown]' (7c043ace62b3)

	Not found in mutex_ids. mutex (b'[unknown]') 504dffc3aec0 ::: wait time 42.49us ::: hold time 202.06us ::: enter count 18
		b'[unknown]' (6236f7d776a7)
		b'[unknown]' (6236f7d77cac)
		b'[unknown]' (6236f7d87796)
		b'[unknown]' (6236fcea4ccf)
		b'[unknown]' (6236fcea3d31)
		b'[unknown]' (6236fcea8277)
		b'[unknown]' (6236fcea255d)
		b'[unknown]' (6236fcea603e)
		b'[unknown]' (6236fcea5cc5)
		b'[unknown]' (6236fcea588b)
		b'[unknown]' (6236f9568403)
		b'[unknown]' (6236f956697f)
		b'[unknown]' (6236f9567af9)
		b'[unknown]' (6236f95679ea)
		b'[unknown]' (6236f9567743)
		b'[unknown]' (6236f956777d)
		b'[unknown]' (6236f95677ee)
		b'[unknown]' (6236f9568168)
		b'[unknown]' (6236f956812b)
		b'[unknown]' (6236f95680d8)
		b'[unknown]' (6236f95680ac)
		b'[unknown]' (6236f9568090)
		b'[unknown]' (7c043ace62b3)

	Not found in mutex_ids. mutex (b'[unknown]') 504dffc3b148 ::: wait time 42.48us ::: hold time 161.40us ::: enter count 18
		b'[unknown]' (6236f9ad3c3a)
		b'[unknown]' (6236f9ad6190)
		b'[unknown]' (6236fee879ba)
		b'[unknown]' (6236fee9a513)
		b'[unknown]' (6236fee97c33)
		b'[unknown]' (6236fee84be4)
		b'[unknown]' (6236fcd7dc8e)
		b'[unknown]' (6236fcd79c33)
		b'[unknown]' (6236fcd762bd)
		b'[unknown]' (6236fcd6897e)
		b'[unknown]' (6236fcd66c41)
		b'[unknown]' (6236fcd666bd)
		b'[unknown]' (6236fa627325)
		b'[unknown]' (6236fa62808a)
		b'[unknown]' (6236fa62c176)
		b'[unknown]' (6236fa3321c9)
		b'[unknown]' (6236fa33dd18)
		b'[unknown]' (6236fa33e46b)
		b'[unknown]' (6236fa33dd70)
		b'[unknown]' (6236fed9754e)
		b'[unknown]' (6236f7ee69ac)
		b'[unknown]' (6236f7ee9125)
		b'[unknown]' (6236f7eec3a0)
		b'[unknown]' (6236f7eed325)
		b'[unknown]' (6236f7eec7be)
		b'[unknown]' (6236f7eec86f)
		b'[unknown]' (6236f7ee8ad5)
		b'[unknown]' (6236f7ee8bc3)
		b'[unknown]' (6236f7ef1105)
		b'[unknown]' (6236f7ee7eb9)
		b'[unknown]' (6236f7ee7f5b)
		b'[unknown]' (6236f7ef3e5e)
		b'[unknown]' (6236f7ef49e5)
		b'[unknown]' (6236f7ef5066)
		b'[unknown]' (6236f7ef5df5)
		b'[unknown]' (6236f7ed7f38)
		b'[unknown]' (6236fea64b8d)
		b'[unknown]' (6236fea65171)
		b'[unknown]' (6236fea651e4)
		b'[unknown]' (6236fea65273)
		b'[unknown]' (6236fea652d7)
		b'[unknown]' (6236fea6581e)
		b'[unknown]' (6236fea65a0e)
		b'[unknown]' (6236fea65aad)
		b'[unknown]' (6236fea65b3b)
		b'[unknown]' (6236fea666ca)
		b'[unknown]' (6236fea6678b)
		b'[unknown]' (6236fea6797d)
		b'[unknown]' (6236f7d88dd2)
		b'[unknown]' (6236fea6b3d9)
		b'[unknown]' (6236fea6c3d5)
		b'[unknown]' (6236fea6b380)
		b'[unknown]' (6236fea6c529)
		b'[unknown]' (6236f7d88dd2)
		b'[unknown]' (6236fee6a91a)
		b'[unknown]' (6236fee67893)
		b'[unknown]' (6236fee6899a)
		b'[unknown]' (6236f8525afc)
		b'[unknown]' (6236fee6d592)
		b'[unknown]' (6236fee6e112)
		b'[unknown]' (6236f8525afc)
		b'[unknown]' (6236fee6d4db)
		b'[unknown]' (7c043a894ac3)

	Not found in mutex_ids. mutex (b'[unknown]') 504dffc3aad0 ::: wait time 42.45us ::: hold time 157.79us ::: enter count 18
		b'[unknown]' (6236f9ad3c3a)
		b'[unknown]' (6236f9ad6190)
		b'[unknown]' (6236fee879ba)
		b'[unknown]' (6236fee9a513)
		b'[unknown]' (6236fee97c33)
		b'[unknown]' (6236fee84be4)
		b'[unknown]' (6236fcd7dc8e)
		b'[unknown]' (6236fcd79c33)
		b'[unknown]' (6236fcd762bd)
		b'[unknown]' (6236fcd6897e)
		b'[unknown]' (6236fcd66c41)
		b'[unknown]' (6236fcd666bd)
		b'[unknown]' (6236fa627325)
		b'[unknown]' (6236fa62808a)
		b'[unknown]' (6236fa62c176)
		b'[unknown]' (6236fa3321c9)
		b'[unknown]' (6236fa33dd18)
		b'[unknown]' (6236fa33e46b)
		b'[unknown]' (6236fa33dd70)
		b'[unknown]' (6236fed9754e)
		b'[unknown]' (6236f7ee69ac)
		b'[unknown]' (6236f7ee9125)
		b'[unknown]' (6236f7eec3a0)
		b'[unknown]' (6236f7eed325)
		b'[unknown]' (6236f7eec7be)
		b'[unknown]' (6236f7eec86f)
		b'[unknown]' (6236f7ee8ad5)
		b'[unknown]' (6236f7ee8bc3)
		b'[unknown]' (6236f7ef1105)
		b'[unknown]' (6236f7ee7eb9)
		b'[unknown]' (6236f7ee7f5b)
		b'[unknown]' (6236f7ef3e5e)
		b'[unknown]' (6236f7ef49e5)
		b'[unknown]' (6236f7ef5066)
		b'[unknown]' (6236f7ef5df5)
		b'[unknown]' (6236f7ed7f38)
		b'[unknown]' (6236fea64b8d)
		b'[unknown]' (6236fea65171)
		b'[unknown]' (6236fea651e4)
		b'[unknown]' (6236fea65273)
		b'[unknown]' (6236fea652d7)
		b'[unknown]' (6236fea6581e)
		b'[unknown]' (6236fea65a0e)
		b'[unknown]' (6236fea65aad)
		b'[unknown]' (6236fea65b3b)
		b'[unknown]' (6236fea666ca)
		b'[unknown]' (6236fea6678b)
		b'[unknown]' (6236fea6797d)
		b'[unknown]' (6236f7d88dd2)
		b'[unknown]' (6236fea6b3d9)
		b'[unknown]' (6236fea6c3d5)
		b'[unknown]' (6236fea6b380)
		b'[unknown]' (6236fea6c529)
		b'[unknown]' (6236f7d88dd2)
		b'[unknown]' (6236fee6a91a)
		b'[unknown]' (6236fee67893)
		b'[unknown]' (6236fee6899a)
		b'[unknown]' (6236f8525afc)
		b'[unknown]' (6236fee6d592)
		b'[unknown]' (6236fee6e112)
		b'[unknown]' (6236f8525afc)
		b'[unknown]' (6236fee6d4db)
		b'[unknown]' (7c043a894ac3)

	Not found in mutex_ids. mutex (b'[unknown]') 504dff8e2808 ::: wait time 42.31us ::: hold time 79.71us ::: enter count 10
		b'[unknown]' (6236f9e205c3)
		b'[unknown]' (6236f9dd78b2)
		b'[unknown]' (6236f9dde074)
		b'[unknown]' (6236f9de120f)
		b'[unknown]' (6236f9de0ad7)
		b'[unknown]' (6236f9ee9067)
		b'[unknown]' (6236f9ee9619)
		b'[unknown]' (6236f9e080f3)
		b'[unknown]' (6236f9e484f0)
		b'[unknown]' (6236f9e48853)
		b'[unknown]' (6236f9e61631)
		b'[unknown]' (6236f9e61f53)
		b'[unknown]' (6236f9c930bc)
		b'[unknown]' (6236fce6a31e)
		b'[unknown]' (6236fabcedde)
		b'[unknown]' (6236fabcfc72)
		b'[unknown]' (6236fabd1315)
		b'[unknown]' (6236fa62547f)
		b'[unknown]' (6236fa6257e5)
		b'[unknown]' (6236fa625ca5)
		b'[unknown]' (6236fa6273ec)
		b'[unknown]' (6236fa62808a)
		b'[unknown]' (6236fa62c176)
		b'[unknown]' (6236fa3321c9)
		b'[unknown]' (6236fa33dd18)
		b'[unknown]' (6236fa33e46b)
		b'[unknown]' (6236fa33dd70)
		b'[unknown]' (6236fed9754e)
		b'[unknown]' (6236f7ee69ac)
		b'[unknown]' (6236f7ee9125)
		b'[unknown]' (6236f7eec3a0)
		b'[unknown]' (6236f7eed325)
		b'[unknown]' (6236f7eec7be)
		b'[unknown]' (6236f7eec86f)
		b'[unknown]' (6236f7ee8ad5)
		b'[unknown]' (6236f7ee8bc3)
		b'[unknown]' (6236f7ef1105)
		b'[unknown]' (6236f7ee7eb9)
		b'[unknown]' (6236f7ee7f5b)
		b'[unknown]' (6236f7ef3e5e)
		b'[unknown]' (6236f7ef49e5)
		b'[unknown]' (6236f7ef5066)
		b'[unknown]' (6236f7ef5df5)
		b'[unknown]' (6236f7ed7f38)
		b'[unknown]' (6236fea64b8d)
		b'[unknown]' (6236fea65171)
		b'[unknown]' (6236fea651e4)
		b'[unknown]' (6236fea65273)
		b'[unknown]' (6236fea652d7)
		b'[unknown]' (6236fea6581e)
		b'[unknown]' (6236fea65a0e)
		b'[unknown]' (6236fea65aad)
		b'[unknown]' (6236fea65b3b)
		b'[unknown]' (6236fea666ca)
		b'[unknown]' (6236fea6678b)
		b'[unknown]' (6236fea6797d)
		b'[unknown]' (6236f7d88dd2)
		b'[unknown]' (6236fea6b3d9)
		b'[unknown]' (6236fea6c3d5)
		b'[unknown]' (6236fea6b380)
		b'[unknown]' (6236fea6c529)
		b'[unknown]' (6236f7d88dd2)
		b'[unknown]' (6236fee6a91a)
		b'[unknown]' (6236fee67893)
		b'[unknown]' (6236fee6899a)
		b'[unknown]' (6236f8525afc)
		b'[unknown]' (6236fee6d592)
		b'[unknown]' (6236fee6e112)
		b'[unknown]' (6236f8525afc)
		b'[unknown]' (6236fee6d4db)
		b'[unknown]' (7c043a894ac3)

	Not found in mutex_ids. mutex (b'[unknown]') 504dffc3ad10 ::: wait time 41.97us ::: hold time 201.21us ::: enter count 18
		b'[unknown]' (6236f7d776a7)
		b'[unknown]' (6236f7d77cac)
		b'[unknown]' (6236f7d87796)
		b'[unknown]' (6236fcea4ccf)
		b'[unknown]' (6236fcea3d31)
		b'[unknown]' (6236fcea8277)
		b'[unknown]' (6236fcea255d)
		b'[unknown]' (6236fcea603e)
		b'[unknown]' (6236fcea5cc5)
		b'[unknown]' (6236fcea588b)
		b'[unknown]' (6236f9568403)
		b'[unknown]' (6236f956697f)
		b'[unknown]' (6236f9567af9)
		b'[unknown]' (6236f95679ea)
		b'[unknown]' (6236f9567743)
		b'[unknown]' (6236f956777d)
		b'[unknown]' (6236f95677ee)
		b'[unknown]' (6236f9568168)
		b'[unknown]' (6236f956812b)
		b'[unknown]' (6236f95680d8)
		b'[unknown]' (6236f95680ac)
		b'[unknown]' (6236f9568090)
		b'[unknown]' (7c043ace62b3)

	Not found in mutex_ids. mutex (b'[unknown]') 504dffc3b148 ::: wait time 41.95us ::: hold time 204.27us ::: enter count 18
		b'[unknown]' (6236f7d776a7)
		b'[unknown]' (6236f7d77cac)
		b'[unknown]' (6236f7d87796)
		b'[unknown]' (6236fcea4ccf)
		b'[unknown]' (6236fcea3d31)
		b'[unknown]' (6236fcea8277)
		b'[unknown]' (6236fcea255d)
		b'[unknown]' (6236fcea603e)
		b'[unknown]' (6236fcea5cc5)
		b'[unknown]' (6236fcea588b)
		b'[unknown]' (6236f9568403)
		b'[unknown]' (6236f956697f)
		b'[unknown]' (6236f9567af9)
		b'[unknown]' (6236f95679ea)
		b'[unknown]' (6236f9567743)
		b'[unknown]' (6236f956777d)
		b'[unknown]' (6236f95677ee)
		b'[unknown]' (6236f9568168)
		b'[unknown]' (6236f956812b)
		b'[unknown]' (6236f95680d8)
		b'[unknown]' (6236f95680ac)
		b'[unknown]' (6236f9568090)
		b'[unknown]' (7c043ace62b3)

	Not found in mutex_ids. mutex (b'[unknown]') 504dffc3ac80 ::: wait time 41.91us ::: hold time 148.62us ::: enter count 18
		b'[unknown]' (6236f9ad3c3a)
		b'[unknown]' (6236f9ad6190)
		b'[unknown]' (6236fee879ba)
		b'[unknown]' (6236fee9a513)
		b'[unknown]' (6236fee97c33)
		b'[unknown]' (6236fee84be4)
		b'[unknown]' (6236fcd7dc8e)
		b'[unknown]' (6236fcd79c33)
		b'[unknown]' (6236fcd762bd)
		b'[unknown]' (6236fcd6897e)
		b'[unknown]' (6236fcd66c41)
		b'[unknown]' (6236fcd666bd)
		b'[unknown]' (6236fa627325)
		b'[unknown]' (6236fa62808a)
		b'[unknown]' (6236fa62c176)
		b'[unknown]' (6236fa3321c9)
		b'[unknown]' (6236fa33dd18)
		b'[unknown]' (6236fa33e46b)
		b'[unknown]' (6236fa33dd70)
		b'[unknown]' (6236fed9754e)
		b'[unknown]' (6236f7ee69ac)
		b'[unknown]' (6236f7ee9125)
		b'[unknown]' (6236f7eec3a0)
		b'[unknown]' (6236f7eed325)
		b'[unknown]' (6236f7eec7be)
		b'[unknown]' (6236f7eec86f)
		b'[unknown]' (6236f7ee8ad5)
		b'[unknown]' (6236f7ee8bc3)
		b'[unknown]' (6236f7ef1105)
		b'[unknown]' (6236f7ee7eb9)
		b'[unknown]' (6236f7ee7f5b)
		b'[unknown]' (6236f7ef3e5e)
		b'[unknown]' (6236f7ef49e5)
		b'[unknown]' (6236f7ef5066)
		b'[unknown]' (6236f7ef5df5)
		b'[unknown]' (6236f7ed7f38)
		b'[unknown]' (6236fea64b8d)
		b'[unknown]' (6236fea65171)
		b'[unknown]' (6236fea651e4)
		b'[unknown]' (6236fea65273)
		b'[unknown]' (6236fea652d7)
		b'[unknown]' (6236fea6581e)
		b'[unknown]' (6236fea65a0e)
		b'[unknown]' (6236fea65aad)
		b'[unknown]' (6236fea65b3b)
		b'[unknown]' (6236fea666ca)
		b'[unknown]' (6236fea6678b)
		b'[unknown]' (6236fea6797d)
		b'[unknown]' (6236f7d88dd2)
		b'[unknown]' (6236fea6b3d9)
		b'[unknown]' (6236fea6c3d5)
		b'[unknown]' (6236fea6b380)
		b'[unknown]' (6236fea6c529)
		b'[unknown]' (6236f7d88dd2)
		b'[unknown]' (6236fee6a91a)
		b'[unknown]' (6236fee67893)
		b'[unknown]' (6236fee6899a)
		b'[unknown]' (6236f8525afc)
		b'[unknown]' (6236fee6d592)
		b'[unknown]' (6236fee6e112)
		b'[unknown]' (6236f8525afc)
		b'[unknown]' (6236fee6d4db)
		b'[unknown]' (7c043a894ac3)

	Not found in mutex_ids. mutex (b'[unknown]') 504dffc3b070 ::: wait time 41.61us ::: hold time 202.37us ::: enter count 18
		b'[unknown]' (6236f7d776a7)
		b'[unknown]' (6236f7d77cac)
		b'[unknown]' (6236f7d87796)
		b'[unknown]' (6236fcea4ccf)
		b'[unknown]' (6236fcea3d31)
		b'[unknown]' (6236fcea8277)
		b'[unknown]' (6236fcea255d)
		b'[unknown]' (6236fcea603e)
		b'[unknown]' (6236fcea5cc5)
		b'[unknown]' (6236fcea588b)
		b'[unknown]' (6236f9568403)
		b'[unknown]' (6236f956697f)
		b'[unknown]' (6236f9567af9)
		b'[unknown]' (6236f95679ea)
		b'[unknown]' (6236f9567743)
		b'[unknown]' (6236f956777d)
		b'[unknown]' (6236f95677ee)
		b'[unknown]' (6236f9568168)
		b'[unknown]' (6236f956812b)
		b'[unknown]' (6236f95680d8)
		b'[unknown]' (6236f95680ac)
		b'[unknown]' (6236f9568090)
		b'[unknown]' (7c043ace62b3)

	Not found in mutex_ids. mutex (b'[unknown]') 504dff8a7818 ::: wait time 16.71us ::: hold time 140.08us ::: enter count 6
		b'[unknown]' (6236f7d776a7)
		b'[unknown]' (6236f7d77cac)
		b'[unknown]' (6236f7d87796)
		b'[unknown]' (6236f9d19eca)
		b'[unknown]' (6236f9cdad8b)
		b'[unknown]' (6236f9cdb097)
		b'[unknown]' (6236f9cd486b)
		b'[unknown]' (6236f9cd354b)
		b'[unknown]' (6236fd111330)
		b'[unknown]' (6236fce813e9)
		b'[unknown]' (6236fce83735)
		b'[unknown]' (6236fa6263f8)
		b'[unknown]' (6236fa627794)
		b'[unknown]' (6236fa627a6a)
		b'[unknown]' (6236fa628429)
		b'[unknown]' (6236fa62c176)
		b'[unknown]' (6236fa3321c9)
		b'[unknown]' (6236fa33dd18)
		b'[unknown]' (6236fa33e46b)
		b'[unknown]' (6236fa33dd70)
		b'[unknown]' (6236fed9754e)
		b'[unknown]' (6236f7ee69ac)
		b'[unknown]' (6236f7ee9125)
		b'[unknown]' (6236f7eec3a0)
		b'[unknown]' (6236f7eed325)
		b'[unknown]' (6236f7eec7be)
		b'[unknown]' (6236f7eec86f)
		b'[unknown]' (6236f7ee8ad5)
		b'[unknown]' (6236f7ee8bc3)
		b'[unknown]' (6236f7ef1105)
		b'[unknown]' (6236f7ee7eb9)
		b'[unknown]' (6236f7ee7f5b)
		b'[unknown]' (6236f7ef3e5e)
		b'[unknown]' (6236f7ef49e5)
		b'[unknown]' (6236f7ef5066)
		b'[unknown]' (6236f7ef5df5)
		b'[unknown]' (6236f7ed7f38)
		b'[unknown]' (6236fea64b8d)
		b'[unknown]' (6236fea65171)
		b'[unknown]' (6236fea651e4)
		b'[unknown]' (6236fea65273)
		b'[unknown]' (6236fea652d7)
		b'[unknown]' (6236fea6581e)
		b'[unknown]' (6236fea65a0e)
		b'[unknown]' (6236fea65aad)
		b'[unknown]' (6236fea65b3b)
		b'[unknown]' (6236fea666ca)
		b'[unknown]' (6236fea6678b)
		b'[unknown]' (6236fea6797d)
		b'[unknown]' (6236f7d88dd2)
		b'[unknown]' (6236fea6b3d9)
		b'[unknown]' (6236fea6c3d5)
		b'[unknown]' (6236fea6b380)
		b'[unknown]' (6236fea6c529)
		b'[unknown]' (6236f7d88dd2)
		b'[unknown]' (6236fee6a91a)
		b'[unknown]' (6236fee67893)
		b'[unknown]' (6236fee6899a)
		b'[unknown]' (6236f8525afc)
		b'[unknown]' (6236fee6d592)
		b'[unknown]' (6236fee6e112)
		b'[unknown]' (6236f8525afc)
		b'[unknown]' (6236fee6d4db)
		b'[unknown]' (7c043a894ac3)

	Not found in mutex_ids. mutex (b'[unknown]') 504dffc39000 ::: wait time 12.83us ::: hold time 15.32us ::: enter count 1
		b'[unknown]' (6236f7d776a7)
		b'[unknown]' (6236f7d77cac)
		b'[unknown]' (6236f7d9daa5)
		b'[unknown]' (6236f7d87c9d)
		b'[unknown]' (6236f8efa707)
		b'[unknown]' (6236f8ef8ec9)
		b'[unknown]' (6236fc0b1710)
		b'[unknown]' (6236fc0b114c)
		b'[unknown]' (6236fc0af2b9)
		b'[unknown]' (6236fc0af049)
		b'[unknown]' (6236fbf92a10)
		b'[unknown]' (6236fbf92a3b)
		b'[unknown]' (6236fbf929ca)
		b'[unknown]' (6236fbf9288d)
		b'[unknown]' (6236f7d9cab7)
		b'[unknown]' (6236f7d862a3)
		b'[unknown]' (6236f89831bc)
		b'[unknown]' (6236fbf8daaa)
		b'[unknown]' (6236fbf8c9cc)
		b'[unknown]' (6236fbf8ad1b)
		b'[unknown]' (6236fbf8b03d)
		b'[unknown]' (6236fbf8082d)
		b'[unknown]' (6236fbf8130d)
		b'[unknown]' (6236fabed75d)
		b'[unknown]' (6236fabcfebc)
		b'[unknown]' (6236fabd1315)
		b'[unknown]' (6236fa62547f)
		b'[unknown]' (6236fa6257e5)
		b'[unknown]' (6236fa625ca5)
		b'[unknown]' (6236fa6273ec)
		b'[unknown]' (6236fa62808a)
		b'[unknown]' (6236fa62c176)
		b'[unknown]' (6236fa3321c9)
		b'[unknown]' (6236fa33dd18)
		b'[unknown]' (6236fa33e46b)
		b'[unknown]' (6236fa33dd70)
		b'[unknown]' (6236fed9754e)
		b'[unknown]' (6236f7ee69ac)
		b'[unknown]' (6236f7ee9125)
		b'[unknown]' (6236f7eec3a0)
		b'[unknown]' (6236f7eed325)
		b'[unknown]' (6236f7eec7be)
		b'[unknown]' (6236f7eec86f)
		b'[unknown]' (6236f7ee8ad5)
		b'[unknown]' (6236f7ee8bc3)
		b'[unknown]' (6236f7ef1105)
		b'[unknown]' (6236f7ee7eb9)
		b'[unknown]' (6236f7ee7f5b)
		b'[unknown]' (6236f7ef3e5e)
		b'[unknown]' (6236f7ef49e5)
		b'[unknown]' (6236f7ef5066)
		b'[unknown]' (6236f7ef5df5)
		b'[unknown]' (6236f7ed7f38)
		b'[unknown]' (6236fea64b8d)
		b'[unknown]' (6236fea65171)
		b'[unknown]' (6236fea651e4)
		b'[unknown]' (6236fea65273)
		b'[unknown]' (6236fea652d7)
		b'[unknown]' (6236fea6581e)
		b'[unknown]' (6236fea65a0e)
		b'[unknown]' (6236fea65aad)
		b'[unknown]' (6236fea65b3b)
		b'[unknown]' (6236fea666ca)
		b'[unknown]' (6236fea6678b)
		b'[unknown]' (6236fea6797d)
		b'[unknown]' (6236f7d88dd2)
		b'[unknown]' (6236fea6b3d9)
		b'[unknown]' (6236fea6c3d5)
		b'[unknown]' (6236fea6b380)
		b'[unknown]' (6236fea6c529)
		b'[unknown]' (6236f7d88dd2)
		b'[unknown]' (6236fee6a91a)
		b'[unknown]' (6236fee67893)
		b'[unknown]' (6236fee6899a)
		b'[unknown]' (6236f8525afc)
		b'[unknown]' (6236fee6d592)
		b'[unknown]' (6236fee6e112)
		b'[unknown]' (6236f8525afc)
		b'[unknown]' (6236fee6d4db)
		b'[unknown]' (7c043a894ac3)

	Not found in mutex_ids. mutex (b'[unknown]') 504dffac2868 ::: wait time 11.94us ::: hold time 31.52us ::: enter count 1
		b'[unknown]' (6236f9ad3c3a)
		b'[unknown]' (6236f9ad6190)
		b'[unknown]' (6236fee8790c)
		b'[unknown]' (6236fee9a513)
		b'[unknown]' (6236fee97c33)
		b'[unknown]' (6236fee836b1)
		b'[unknown]' (6236f86e50d5)
		b'[unknown]' (6236fd146c79)
		b'[unknown]' (6236fd146e4d)
		b'[unknown]' (6236fabc9e97)
		b'[unknown]' (6236fabcf9a5)
		b'[unknown]' (6236fabd1315)
		b'[unknown]' (6236fa62547f)
		b'[unknown]' (6236fa6257e5)
		b'[unknown]' (6236fa625ca5)
		b'[unknown]' (6236fa6273ec)
		b'[unknown]' (6236fa62808a)
		b'[unknown]' (6236fa62c176)
		b'[unknown]' (6236fa3321c9)
		b'[unknown]' (6236fa33dd18)
		b'[unknown]' (6236fa33e46b)
		b'[unknown]' (6236fa33dd70)
		b'[unknown]' (6236fed9754e)
		b'[unknown]' (6236f7ee69ac)
		b'[unknown]' (6236f7ee9125)
		b'[unknown]' (6236f7eec3a0)
		b'[unknown]' (6236f7eed325)
		b'[unknown]' (6236f7eec7be)
		b'[unknown]' (6236f7eec86f)
		b'[unknown]' (6236f7ee8ad5)
		b'[unknown]' (6236f7ee8bc3)
		b'[unknown]' (6236f7ef1105)
		b'[unknown]' (6236f7ee7eb9)
		b'[unknown]' (6236f7ee7f5b)
		b'[unknown]' (6236f7ef3e5e)
		b'[unknown]' (6236f7ef49e5)
		b'[unknown]' (6236f7ef5066)
		b'[unknown]' (6236f7ef5df5)
		b'[unknown]' (6236f7ed7f38)
		b'[unknown]' (6236fea64b8d)
		b'[unknown]' (6236fea65171)
		b'[unknown]' (6236fea651e4)
		b'[unknown]' (6236fea65273)
		b'[unknown]' (6236fea652d7)
		b'[unknown]' (6236fea6581e)
		b'[unknown]' (6236fea65a0e)
		b'[unknown]' (6236fea65aad)
		b'[unknown]' (6236fea65b3b)
		b'[unknown]' (6236fea666ca)
		b'[unknown]' (6236fea6678b)
		b'[unknown]' (6236fea6797d)
		b'[unknown]' (6236f7d88dd2)
		b'[unknown]' (6236fea6b3d9)
		b'[unknown]' (6236fea6c3d5)
		b'[unknown]' (6236fea6b380)
		b'[unknown]' (6236fea6c529)
		b'[unknown]' (6236f7d88dd2)
		b'[unknown]' (6236fee6a91a)
		b'[unknown]' (6236fee67893)
		b'[unknown]' (6236fee6899a)
		b'[unknown]' (6236f8525afc)
		b'[unknown]' (6236fee6d592)
		b'[unknown]' (6236fee6e112)
		b'[unknown]' (6236f8525afc)
		b'[unknown]' (6236fee6d4db)
		b'[unknown]' (7c043a894ac3)

	Not found in mutex_ids. mutex (b'[unknown]') 504dffde6000 ::: wait time 8.89us ::: hold time 21.44us ::: enter count 1
		b'[unknown]' (6236f7d776a7)
		b'[unknown]' (6236f7d77cac)
		b'[unknown]' (6236f7d9daa5)
		b'[unknown]' (6236f7d87c9d)
		b'[unknown]' (6236fee6a5ab)
		b'[unknown]' (6236fee6a819)
		b'[unknown]' (6236fee680bc)
		b'[unknown]' (6236fee60b2f)
		b'[unknown]' (6236fea6b7fe)
		b'[unknown]' (6236fea65c2b)
		b'[unknown]' (6236fea65ce5)
		b'[unknown]' (6236fea65d6d)
		b'[unknown]' (6236fea65e3b)
		b'[unknown]' (6236fea662dd)
		b'[unknown]' (6236fea66512)
		b'[unknown]' (6236fea665b1)
		b'[unknown]' (6236fea6663f)
		b'[unknown]' (6236fea666e9)
		b'[unknown]' (6236fea6678b)
		b'[unknown]' (6236fea6797d)
		b'[unknown]' (6236f7d88dd2)
		b'[unknown]' (6236fea6b3d9)
		b'[unknown]' (6236fea6c3d5)
		b'[unknown]' (6236fea6b380)
		b'[unknown]' (6236fea6c529)
		b'[unknown]' (6236f7d88dd2)
		b'[unknown]' (6236fee6a91a)
		b'[unknown]' (6236fee67893)
		b'[unknown]' (6236fee6899a)
		b'[unknown]' (6236f8525afc)
		b'[unknown]' (6236fee6d592)
		b'[unknown]' (6236fee6e112)
		b'[unknown]' (6236f8525afc)
		b'[unknown]' (6236fee6d4db)
		b'[unknown]' (7c043a894ac3)

	Not found in mutex_ids. mutex (b'[unknown]') 504dff61aa58 ::: wait time 7.31us ::: hold time 9.25us ::: enter count 1
		b'[unknown]' (6236f9dbad00)
		b'[unknown]' (6236f9dbb08d)
		b'[unknown]' (6236f9dbfbbf)
		b'[unknown]' (6236f9d66871)
		b'[unknown]' (6236f9e8a6ec)
		b'[unknown]' (6236f9e431e4)
		b'[unknown]' (6236f9e48204)
		b'[unknown]' (6236f9e48853)
		b'[unknown]' (6236f9e44556)
		b'[unknown]' (6236f9e4660e)
		b'[unknown]' (6236f9e48348)
		b'[unknown]' (6236f9e48853)
		b'[unknown]' (6236f9e61631)
		b'[unknown]' (6236f9e61f53)
		b'[unknown]' (6236f9c66490)
		b'[unknown]' (6236f9c94e55)
		b'[unknown]' (6236fce6a92b)
		b'[unknown]' (6236fab86073)
		b'[unknown]' (6236fbf8113e)
		b'[unknown]' (6236fabed75d)
		b'[unknown]' (6236fabcfebc)
		b'[unknown]' (6236fabd1315)
		b'[unknown]' (6236fa62547f)
		b'[unknown]' (6236fa6257e5)
		b'[unknown]' (6236fa625ca5)
		b'[unknown]' (6236fa6273ec)
		b'[unknown]' (6236fa62808a)
		b'[unknown]' (6236fa62c176)
		b'[unknown]' (6236fa3321c9)
		b'[unknown]' (6236fa33dd18)
		b'[unknown]' (6236fa33e46b)
		b'[unknown]' (6236fa33dd70)
		b'[unknown]' (6236fed9754e)
		b'[unknown]' (6236f7ee69ac)
		b'[unknown]' (6236f7ee9125)
		b'[unknown]' (6236f7eec3a0)
		b'[unknown]' (6236f7eed325)
		b'[unknown]' (6236f7eec7be)
		b'[unknown]' (6236f7eec86f)
		b'[unknown]' (6236f7ee8ad5)
		b'[unknown]' (6236f7ee8bc3)
		b'[unknown]' (6236f7ef1105)
		b'[unknown]' (6236f7ee7eb9)
		b'[unknown]' (6236f7ee7f5b)
		b'[unknown]' (6236f7ef3e5e)
		b'[unknown]' (6236f7ef49e5)
		b'[unknown]' (6236f7ef5066)
		b'[unknown]' (6236f7ef5df5)
		b'[unknown]' (6236f7ed7f38)
		b'[unknown]' (6236fea64b8d)
		b'[unknown]' (6236fea65171)
		b'[unknown]' (6236fea651e4)
		b'[unknown]' (6236fea65273)
		b'[unknown]' (6236fea652d7)
		b'[unknown]' (6236fea6581e)
		b'[unknown]' (6236fea65a0e)
		b'[unknown]' (6236fea65aad)
		b'[unknown]' (6236fea65b3b)
		b'[unknown]' (6236fea666ca)
		b'[unknown]' (6236fea6678b)
		b'[unknown]' (6236fea6797d)
		b'[unknown]' (6236f7d88dd2)
		b'[unknown]' (6236fea6b3d9)
		b'[unknown]' (6236fea6c3d5)
		b'[unknown]' (6236fea6b380)
		b'[unknown]' (6236fea6c529)
		b'[unknown]' (6236f7d88dd2)
		b'[unknown]' (6236fee6a91a)
		b'[unknown]' (6236fee67893)
		b'[unknown]' (6236fee6899a)
		b'[unknown]' (6236f8525afc)
		b'[unknown]' (6236fee6d592)
		b'[unknown]' (6236fee6e112)
		b'[unknown]' (6236f8525afc)
		b'[unknown]' (6236fee6d4db)
		b'[unknown]' (7c043a894ac3)

	Not found in mutex_ids. mutex (b'[unknown]') 504dffb101c8 ::: wait time 4.88us ::: hold time 9.66us ::: enter count 1
		b'[unknown]' (6236f7d776a7)
		b'[unknown]' (6236f7d77cac)
		b'[unknown]' (6236fcdac632)
		b'[unknown]' (6236fcdb2498)
		b'[unknown]' (6236fcd980c0)
		b'[unknown]' (6236fcd996e6)
		b'[unknown]' (6236fcd99c1e)
		b'[unknown]' (6236fcdb0d06)
		b'[unknown]' (6236ffa43977)
		b'[unknown]' (6236ffa43250)
		b'[unknown]' (6236f9d0042d)
		b'[unknown]' (6236f9d00c28)
		b'[unknown]' (6236ffa43352)
		b'[unknown]' (6236ffa3d62a)
		b'[unknown]' (6236fa6254dd)
		b'[unknown]' (6236fa6257e5)
		b'[unknown]' (6236fa625ca5)
		b'[unknown]' (6236fa6273ec)
		b'[unknown]' (6236fa62808a)
		b'[unknown]' (6236fa62c176)
		b'[unknown]' (6236fa3321c9)
		b'[unknown]' (6236fa33dd18)
		b'[unknown]' (6236fa33e46b)
		b'[unknown]' (6236fa33dd70)
		b'[unknown]' (6236fed9754e)
		b'[unknown]' (6236f7ee69ac)
		b'[unknown]' (6236f7ee9125)
		b'[unknown]' (6236f7eec3a0)
		b'[unknown]' (6236f7eed325)
		b'[unknown]' (6236f7eec7be)
		b'[unknown]' (6236f7eec86f)
		b'[unknown]' (6236f7ee8ad5)
		b'[unknown]' (6236f7ee8bc3)
		b'[unknown]' (6236f7ef1105)
		b'[unknown]' (6236f7ee7eb9)
		b'[unknown]' (6236f7ee7f5b)
		b'[unknown]' (6236f7ef3e5e)
		b'[unknown]' (6236f7ef49e5)
		b'[unknown]' (6236f7ef5066)
		b'[unknown]' (6236f7ef5df5)
		b'[unknown]' (6236f7ed7f38)
		b'[unknown]' (6236fea64b8d)
		b'[unknown]' (6236fea65171)
		b'[unknown]' (6236fea651e4)
		b'[unknown]' (6236fea65273)
		b'[unknown]' (6236fea652d7)
		b'[unknown]' (6236fea6581e)
		b'[unknown]' (6236fea65a0e)
		b'[unknown]' (6236fea65aad)
		b'[unknown]' (6236fea65b3b)
		b'[unknown]' (6236fea666ca)
		b'[unknown]' (6236fea6678b)
		b'[unknown]' (6236fea6797d)
		b'[unknown]' (6236f7d88dd2)
		b'[unknown]' (6236fea6b3d9)
		b'[unknown]' (6236fea6c3d5)
		b'[unknown]' (6236fea6b380)
		b'[unknown]' (6236fea6c529)
		b'[unknown]' (6236f7d88dd2)
		b'[unknown]' (6236fee6a91a)
		b'[unknown]' (6236fee67893)
		b'[unknown]' (6236fee6899a)
		b'[unknown]' (6236f8525afc)
		b'[unknown]' (6236fee6d592)
		b'[unknown]' (6236fee6e112)
		b'[unknown]' (6236f8525afc)
		b'[unknown]' (6236fee6d4db)
		b'[unknown]' (7c043a894ac3)

	Not found in mutex_ids. mutex (b'[unknown]') 504dff602708 ::: wait time 4.52us ::: hold time 7.95us ::: enter count 1
		b'[unknown]' (6236f7d776a7)
		b'[unknown]' (6236f7d77cac)
		b'[unknown]' (6236f7d87796)
		b'[unknown]' (6236f8436e79)
		b'[unknown]' (6236f9c94808)
		b'[unknown]' (6236fce6a495)
		b'[unknown]' (6236fabcedde)
		b'[unknown]' (6236fabcfc72)
		b'[unknown]' (6236fabd1315)
		b'[unknown]' (6236fa62547f)
		b'[unknown]' (6236fa6257e5)
		b'[unknown]' (6236fa625ca5)
		b'[unknown]' (6236fa6273ec)
		b'[unknown]' (6236fa62808a)
		b'[unknown]' (6236fa62c176)
		b'[unknown]' (6236fa3321c9)
		b'[unknown]' (6236fa33dd18)
		b'[unknown]' (6236fa33e46b)
		b'[unknown]' (6236fa33dd70)
		b'[unknown]' (6236fed9754e)
		b'[unknown]' (6236f7ee69ac)
		b'[unknown]' (6236f7ee9125)
		b'[unknown]' (6236f7eec3a0)
		b'[unknown]' (6236f7eed325)
		b'[unknown]' (6236f7eec7be)
		b'[unknown]' (6236f7eec86f)
		b'[unknown]' (6236f7ee8ad5)
		b'[unknown]' (6236f7ee8bc3)
		b'[unknown]' (6236f7ef1105)
		b'[unknown]' (6236f7ee7eb9)
		b'[unknown]' (6236f7ee7f5b)
		b'[unknown]' (6236f7ef3e5e)
		b'[unknown]' (6236f7ef49e5)
		b'[unknown]' (6236f7ef5066)
		b'[unknown]' (6236f7ef5df5)
		b'[unknown]' (6236f7ed7f38)
		b'[unknown]' (6236fea64b8d)
		b'[unknown]' (6236fea65171)
		b'[unknown]' (6236fea651e4)
		b'[unknown]' (6236fea65273)
		b'[unknown]' (6236fea652d7)
		b'[unknown]' (6236fea6581e)
		b'[unknown]' (6236fea65a0e)
		b'[unknown]' (6236fea65aad)
		b'[unknown]' (6236fea65b3b)
		b'[unknown]' (6236fea666ca)
		b'[unknown]' (6236fea6678b)
		b'[unknown]' (6236fea6797d)
		b'[unknown]' (6236f7d88dd2)
		b'[unknown]' (6236fea6b3d9)
		b'[unknown]' (6236fea6c3d5)
		b'[unknown]' (6236fea6b380)
		b'[unknown]' (6236fea6c529)
		b'[unknown]' (6236f7d88dd2)
		b'[unknown]' (6236fee6a91a)
		b'[unknown]' (6236fee67893)
		b'[unknown]' (6236fee6899a)
		b'[unknown]' (6236f8525afc)
		b'[unknown]' (6236fee6d592)
		b'[unknown]' (6236fee6e112)
		b'[unknown]' (6236f8525afc)
		b'[unknown]' (6236fee6d4db)
		b'[unknown]' (7c043a894ac3)

	Not found in mutex_ids. mutex (b'[unknown]') 504dff8da6f0 ::: wait time 4.32us ::: hold time 10.51us ::: enter count 1
		b'[unknown]' (6236f7d776a7)
		b'[unknown]' (6236f7d77cac)
		b'[unknown]' (6236f7d87796)
		b'[unknown]' (6236fce65445)
		b'[unknown]' (6236fce687eb)
		b'[unknown]' (6236fab8e4b2)
		b'[unknown]' (6236fab85ff0)
		b'[unknown]' (6236fbf8113e)
		b'[unknown]' (6236fabed75d)
		b'[unknown]' (6236fabcfebc)
		b'[unknown]' (6236fabd1315)
		b'[unknown]' (6236fa62547f)
		b'[unknown]' (6236fa6257e5)
		b'[unknown]' (6236fa625ca5)
		b'[unknown]' (6236fa6273ec)
		b'[unknown]' (6236fa62808a)
		b'[unknown]' (6236fa62c176)
		b'[unknown]' (6236fa3321c9)
		b'[unknown]' (6236fa33dd18)
		b'[unknown]' (6236fa33e46b)
		b'[unknown]' (6236fa33dd70)
		b'[unknown]' (6236fed9754e)
		b'[unknown]' (6236f7ee69ac)
		b'[unknown]' (6236f7ee9125)
		b'[unknown]' (6236f7eec3a0)
		b'[unknown]' (6236f7eed325)
		b'[unknown]' (6236f7eec7be)
		b'[unknown]' (6236f7eec86f)
		b'[unknown]' (6236f7ee8ad5)
		b'[unknown]' (6236f7ee8bc3)
		b'[unknown]' (6236f7ef1105)
		b'[unknown]' (6236f7ee7eb9)
		b'[unknown]' (6236f7ee7f5b)
		b'[unknown]' (6236f7ef3e5e)
		b'[unknown]' (6236f7ef49e5)
		b'[unknown]' (6236f7ef5066)
		b'[unknown]' (6236f7ef5df5)
		b'[unknown]' (6236f7ed7f38)
		b'[unknown]' (6236fea64b8d)
		b'[unknown]' (6236fea65171)
		b'[unknown]' (6236fea651e4)
		b'[unknown]' (6236fea65273)
		b'[unknown]' (6236fea652d7)
		b'[unknown]' (6236fea6581e)
		b'[unknown]' (6236fea65a0e)
		b'[unknown]' (6236fea65aad)
		b'[unknown]' (6236fea65b3b)
		b'[unknown]' (6236fea666ca)
		b'[unknown]' (6236fea6678b)
		b'[unknown]' (6236fea6797d)
		b'[unknown]' (6236f7d88dd2)
		b'[unknown]' (6236fea6b3d9)
		b'[unknown]' (6236fea6c3d5)
		b'[unknown]' (6236fea6b380)
		b'[unknown]' (6236fea6c529)
		b'[unknown]' (6236f7d88dd2)
		b'[unknown]' (6236fee6a91a)
		b'[unknown]' (6236fee67893)
		b'[unknown]' (6236fee6899a)
		b'[unknown]' (6236f8525afc)
		b'[unknown]' (6236fee6d592)
		b'[unknown]' (6236fee6e112)
		b'[unknown]' (6236f8525afc)
		b'[unknown]' (6236fee6d4db)
		b'[unknown]' (7c043a894ac3)

	Not found in mutex_ids. mutex (b'[unknown]') 504dffeb49d8 ::: wait time 4.29us ::: hold time 68.84us ::: enter count 1
		b'[unknown]' (6236f7d776a7)
		b'[unknown]' (6236f7d77cac)
		b'[unknown]' (6236f7d87796)
		b'[unknown]' (6236ffd27b39)
		b'[unknown]' (6236ffd2759d)
		b'[unknown]' (6236ffd26ead)
		b'[unknown]' (6236ffd25a4a)
		b'[unknown]' (6236ffd2454c)
		b'[unknown]' (6236ffd104f0)
		b'[unknown]' (62370064b484)
		b'[unknown]' (6236ffcfcdd1)
		b'[unknown]' (6236ffcfbf3d)
		b'[unknown]' (6236ffcfaaee)
		b'[unknown]' (6236ffcfae5a)
		b'[unknown]' (6236fabdb14a)
		b'[unknown]' (6236fabd8258)
		b'[unknown]' (6236fabdd36f)
		b'[unknown]' (6236fabdb2d5)
		b'[unknown]' (6236fabd82f6)
		b'[unknown]' (6236fabd833f)
		b'[unknown]' (6236fabd844d)
		b'[unknown]' (6236fabcfc1d)
		b'[unknown]' (6236fabd1315)
		b'[unknown]' (6236fa62547f)
		b'[unknown]' (6236fa6257e5)
		b'[unknown]' (6236fa625ca5)
		b'[unknown]' (6236fa6273ec)
		b'[unknown]' (6236fa62808a)
		b'[unknown]' (6236fa62c176)
		b'[unknown]' (6236fa3321c9)
		b'[unknown]' (6236fa33dd18)
		b'[unknown]' (6236fa33e46b)
		b'[unknown]' (6236fa33dd70)
		b'[unknown]' (6236fed9754e)
		b'[unknown]' (6236f7ee69ac)
		b'[unknown]' (6236f7ee9125)
		b'[unknown]' (6236f7eec3a0)
		b'[unknown]' (6236f7eed325)
		b'[unknown]' (6236f7eec7be)
		b'[unknown]' (6236f7eec86f)
		b'[unknown]' (6236f7ee8ad5)
		b'[unknown]' (6236f7ee8bc3)
		b'[unknown]' (6236f7ef1105)
		b'[unknown]' (6236f7ee7eb9)
		b'[unknown]' (6236f7ee7f5b)
		b'[unknown]' (6236f7ef3e5e)
		b'[unknown]' (6236f7ef49e5)
		b'[unknown]' (6236f7ef5066)
		b'[unknown]' (6236f7ef5df5)
		b'[unknown]' (6236f7ed7f38)
		b'[unknown]' (6236fea64b8d)
		b'[unknown]' (6236fea65171)
		b'[unknown]' (6236fea651e4)
		b'[unknown]' (6236fea65273)
		b'[unknown]' (6236fea652d7)
		b'[unknown]' (6236fea6581e)
		b'[unknown]' (6236fea65a0e)
		b'[unknown]' (6236fea65aad)
		b'[unknown]' (6236fea65b3b)
		b'[unknown]' (6236fea666ca)
		b'[unknown]' (6236fea6678b)
		b'[unknown]' (6236fea6797d)
		b'[unknown]' (6236f7d88dd2)
		b'[unknown]' (6236fea6b3d9)
		b'[unknown]' (6236fea6c3d5)
		b'[unknown]' (6236fea6b380)
		b'[unknown]' (6236fea6c529)
		b'[unknown]' (6236f7d88dd2)
		b'[unknown]' (6236fee6a91a)
		b'[unknown]' (6236fee67893)
		b'[unknown]' (6236fee6899a)
		b'[unknown]' (6236f8525afc)
		b'[unknown]' (6236fee6d592)
		b'[unknown]' (6236fee6e112)
		b'[unknown]' (6236f8525afc)
		b'[unknown]' (6236fee6d4db)
		b'[unknown]' (7c043a894ac3)

	Not found in mutex_ids. mutex (b'[unknown]') 504dffac51a0 ::: wait time 4.23us ::: hold time 9.88us ::: enter count 1
		b'[unknown]' (6236f9e1401d)
		b'[unknown]' (6236f9e16597)
		b'[unknown]' (6236f9ef8234)
		b'[unknown]' (6236f9e42662)
		b'[unknown]' (6236f9e42e84)
		b'[unknown]' (6236f9e48204)
		b'[unknown]' (6236f9e48853)
		b'[unknown]' (6236f9e44556)
		b'[unknown]' (6236f9e4660e)
		b'[unknown]' (6236f9e48348)
		b'[unknown]' (6236f9e48853)
		b'[unknown]' (6236f9e61631)
		b'[unknown]' (6236f9e61f53)
		b'[unknown]' (6236f9c66490)
		b'[unknown]' (6236f9c94e55)
		b'[unknown]' (6236fce6a92b)
		b'[unknown]' (6236fab86073)
		b'[unknown]' (6236fbf8113e)
		b'[unknown]' (6236fabed75d)
		b'[unknown]' (6236fabcfebc)
		b'[unknown]' (6236fabd1315)
		b'[unknown]' (6236fa62547f)
		b'[unknown]' (6236fa6257e5)
		b'[unknown]' (6236fa625ca5)
		b'[unknown]' (6236fa6273ec)
		b'[unknown]' (6236fa62808a)
		b'[unknown]' (6236fa62c176)
		b'[unknown]' (6236fa3321c9)
		b'[unknown]' (6236fa33dd18)
		b'[unknown]' (6236fa33e46b)
		b'[unknown]' (6236fa33dd70)
		b'[unknown]' (6236fed9754e)
		b'[unknown]' (6236f7ee69ac)
		b'[unknown]' (6236f7ee9125)
		b'[unknown]' (6236f7eec3a0)
		b'[unknown]' (6236f7eed325)
		b'[unknown]' (6236f7eec7be)
		b'[unknown]' (6236f7eec86f)
		b'[unknown]' (6236f7ee8ad5)
		b'[unknown]' (6236f7ee8bc3)
		b'[unknown]' (6236f7ef1105)
		b'[unknown]' (6236f7ee7eb9)
		b'[unknown]' (6236f7ee7f5b)
		b'[unknown]' (6236f7ef3e5e)
		b'[unknown]' (6236f7ef49e5)
		b'[unknown]' (6236f7ef5066)
		b'[unknown]' (6236f7ef5df5)
		b'[unknown]' (6236f7ed7f38)
		b'[unknown]' (6236fea64b8d)
		b'[unknown]' (6236fea65171)
		b'[unknown]' (6236fea651e4)
		b'[unknown]' (6236fea65273)
		b'[unknown]' (6236fea652d7)
		b'[unknown]' (6236fea6581e)
		b'[unknown]' (6236fea65a0e)
		b'[unknown]' (6236fea65aad)
		b'[unknown]' (6236fea65b3b)
		b'[unknown]' (6236fea666ca)
		b'[unknown]' (6236fea6678b)
		b'[unknown]' (6236fea6797d)
		b'[unknown]' (6236f7d88dd2)
		b'[unknown]' (6236fea6b3d9)
		b'[unknown]' (6236fea6c3d5)
		b'[unknown]' (6236fea6b380)
		b'[unknown]' (6236fea6c529)
		b'[unknown]' (6236f7d88dd2)
		b'[unknown]' (6236fee6a91a)
		b'[unknown]' (6236fee67893)
		b'[unknown]' (6236fee6899a)
		b'[unknown]' (6236f8525afc)
		b'[unknown]' (6236fee6d592)
		b'[unknown]' (6236fee6e112)
		b'[unknown]' (6236f8525afc)
		b'[unknown]' (6236fee6d4db)
		b'[unknown]' (7c043a894ac3)

	Not found in mutex_ids. mutex (b'[unknown]') 504dffc396c0 ::: wait time 3.98us ::: hold time 11.08us ::: enter count 1
		b'[unknown]' (6236f7d776a7)
		b'[unknown]' (6236f7d77cac)
		b'[unknown]' (6236f7d9daa5)
		b'[unknown]' (6236f7d87c9d)
		b'[unknown]' (6236f8efa707)
		b'[unknown]' (6236f8ef8ec9)
		b'[unknown]' (6236fc0b1710)
		b'[unknown]' (6236fc0b114c)
		b'[unknown]' (6236fc0af2b9)
		b'[unknown]' (6236fc0af049)
		b'[unknown]' (6236fbf92a10)
		b'[unknown]' (6236fbf92a3b)
		b'[unknown]' (6236fbf929ca)
		b'[unknown]' (6236fbf9288d)
		b'[unknown]' (6236f7d9cab7)
		b'[unknown]' (6236f7d862a3)
		b'[unknown]' (6236f89831bc)
		b'[unknown]' (6236fbf8daaa)
		b'[unknown]' (6236fbf8c9cc)
		b'[unknown]' (6236fbf8ad1b)
		b'[unknown]' (6236fbf8b03d)
		b'[unknown]' (6236fbf8082d)
		b'[unknown]' (6236fbf8130d)
		b'[unknown]' (6236fabed75d)
		b'[unknown]' (6236fabcfebc)
		b'[unknown]' (6236fabd1315)
		b'[unknown]' (6236fa62547f)
		b'[unknown]' (6236fa6257e5)
		b'[unknown]' (6236fa625ca5)
		b'[unknown]' (6236fa6273ec)
		b'[unknown]' (6236fa62808a)
		b'[unknown]' (6236fa62c176)
		b'[unknown]' (6236fa3321c9)
		b'[unknown]' (6236fa33dd18)
		b'[unknown]' (6236fa33e46b)
		b'[unknown]' (6236fa33dd70)
		b'[unknown]' (6236fed9754e)
		b'[unknown]' (6236f7ee69ac)
		b'[unknown]' (6236f7ee9125)
		b'[unknown]' (6236f7eec3a0)
		b'[unknown]' (6236f7eed325)
		b'[unknown]' (6236f7eec7be)
		b'[unknown]' (6236f7eec86f)
		b'[unknown]' (6236f7ee8ad5)
		b'[unknown]' (6236f7ee8bc3)
		b'[unknown]' (6236f7ef1105)
		b'[unknown]' (6236f7ee7eb9)
		b'[unknown]' (6236f7ee7f5b)
		b'[unknown]' (6236f7ef3e5e)
		b'[unknown]' (6236f7ef49e5)
		b'[unknown]' (6236f7ef5066)
		b'[unknown]' (6236f7ef5df5)
		b'[unknown]' (6236f7ed7f38)
		b'[unknown]' (6236fea64b8d)
		b'[unknown]' (6236fea65171)
		b'[unknown]' (6236fea651e4)
		b'[unknown]' (6236fea65273)
		b'[unknown]' (6236fea652d7)
		b'[unknown]' (6236fea6581e)
		b'[unknown]' (6236fea65a0e)
		b'[unknown]' (6236fea65aad)
		b'[unknown]' (6236fea65b3b)
		b'[unknown]' (6236fea666ca)
		b'[unknown]' (6236fea6678b)
		b'[unknown]' (6236fea6797d)
		b'[unknown]' (6236f7d88dd2)
		b'[unknown]' (6236fea6b3d9)
		b'[unknown]' (6236fea6c3d5)
		b'[unknown]' (6236fea6b380)
		b'[unknown]' (6236fea6c529)
		b'[unknown]' (6236f7d88dd2)
		b'[unknown]' (6236fee6a91a)
		b'[unknown]' (6236fee67893)
		b'[unknown]' (6236fee6899a)
		b'[unknown]' (6236f8525afc)
		b'[unknown]' (6236fee6d592)
		b'[unknown]' (6236fee6e112)
		b'[unknown]' (6236f8525afc)
		b'[unknown]' (6236fee6d4db)
		b'[unknown]' (7c043a894ac3)

	Not found in mutex_ids. mutex (b'[unknown]') 504dffc390c0 ::: wait time 3.81us ::: hold time 8.31us ::: enter count 1
		b'[unknown]' (6236f7d776a7)
		b'[unknown]' (6236f7d77cac)
		b'[unknown]' (6236f7d9daa5)
		b'[unknown]' (6236f7d87c9d)
		b'[unknown]' (6236f8efa707)
		b'[unknown]' (6236f8ef8ec9)
		b'[unknown]' (6236fc0b1710)
		b'[unknown]' (6236fc0b114c)
		b'[unknown]' (6236fc0af2b9)
		b'[unknown]' (6236fc0af049)
		b'[unknown]' (6236fbf92a10)
		b'[unknown]' (6236fbf92a3b)
		b'[unknown]' (6236fbf929ca)
		b'[unknown]' (6236fbf9288d)
		b'[unknown]' (6236f7d9cab7)
		b'[unknown]' (6236f7d862a3)
		b'[unknown]' (6236f89831bc)
		b'[unknown]' (6236fbf8daaa)
		b'[unknown]' (6236fbf8c9cc)
		b'[unknown]' (6236fbf8ad1b)
		b'[unknown]' (6236fbf8b03d)
		b'[unknown]' (6236fbf8082d)
		b'[unknown]' (6236fbf8130d)
		b'[unknown]' (6236fabed75d)
		b'[unknown]' (6236fabcfebc)
		b'[unknown]' (6236fabd1315)
		b'[unknown]' (6236fa62547f)
		b'[unknown]' (6236fa6257e5)
		b'[unknown]' (6236fa625ca5)
		b'[unknown]' (6236fa6273ec)
		b'[unknown]' (6236fa62808a)
		b'[unknown]' (6236fa62c176)
		b'[unknown]' (6236fa3321c9)
		b'[unknown]' (6236fa33dd18)
		b'[unknown]' (6236fa33e46b)
		b'[unknown]' (6236fa33dd70)
		b'[unknown]' (6236fed9754e)
		b'[unknown]' (6236f7ee69ac)
		b'[unknown]' (6236f7ee9125)
		b'[unknown]' (6236f7eec3a0)
		b'[unknown]' (6236f7eed325)
		b'[unknown]' (6236f7eec7be)
		b'[unknown]' (6236f7eec86f)
		b'[unknown]' (6236f7ee8ad5)
		b'[unknown]' (6236f7ee8bc3)
		b'[unknown]' (6236f7ef1105)
		b'[unknown]' (6236f7ee7eb9)
		b'[unknown]' (6236f7ee7f5b)
		b'[unknown]' (6236f7ef3e5e)
		b'[unknown]' (6236f7ef49e5)
		b'[unknown]' (6236f7ef5066)
		b'[unknown]' (6236f7ef5df5)
		b'[unknown]' (6236f7ed7f38)
		b'[unknown]' (6236fea64b8d)
		b'[unknown]' (6236fea65171)
		b'[unknown]' (6236fea651e4)
		b'[unknown]' (6236fea65273)
		b'[unknown]' (6236fea652d7)
		b'[unknown]' (6236fea6581e)
		b'[unknown]' (6236fea65a0e)
		b'[unknown]' (6236fea65aad)
		b'[unknown]' (6236fea65b3b)
		b'[unknown]' (6236fea666ca)
		b'[unknown]' (6236fea6678b)
		b'[unknown]' (6236fea6797d)
		b'[unknown]' (6236f7d88dd2)
		b'[unknown]' (6236fea6b3d9)
		b'[unknown]' (6236fea6c3d5)
		b'[unknown]' (6236fea6b380)
		b'[unknown]' (6236fea6c529)
		b'[unknown]' (6236f7d88dd2)
		b'[unknown]' (6236fee6a91a)
		b'[unknown]' (6236fee67893)
		b'[unknown]' (6236fee6899a)
		b'[unknown]' (6236f8525afc)
		b'[unknown]' (6236fee6d592)
		b'[unknown]' (6236fee6e112)
		b'[unknown]' (6236f8525afc)
		b'[unknown]' (6236fee6d4db)
		b'[unknown]' (7c043a894ac3)

	Not found in mutex_ids. mutex (b'[unknown]') 504dffc39500 ::: wait time 3.78us ::: hold time 7.92us ::: enter count 1
		b'[unknown]' (6236f7d776a7)
		b'[unknown]' (6236f7d77cac)
		b'[unknown]' (6236f7d9daa5)
		b'[unknown]' (6236f7d87c9d)
		b'[unknown]' (6236f8efa707)
		b'[unknown]' (6236f8ef8ec9)
		b'[unknown]' (6236fc0b1710)
		b'[unknown]' (6236fc0b114c)
		b'[unknown]' (6236fc0af2b9)
		b'[unknown]' (6236fc0af049)
		b'[unknown]' (6236fbf92a10)
		b'[unknown]' (6236fbf92a3b)
		b'[unknown]' (6236fbf929ca)
		b'[unknown]' (6236fbf9288d)
		b'[unknown]' (6236f7d9cab7)
		b'[unknown]' (6236f7d862a3)
		b'[unknown]' (6236f89831bc)
		b'[unknown]' (6236fbf8daaa)
		b'[unknown]' (6236fbf8c9cc)
		b'[unknown]' (6236fbf8ad1b)
		b'[unknown]' (6236fbf8b03d)
		b'[unknown]' (6236fbf8082d)
		b'[unknown]' (6236fbf8130d)
		b'[unknown]' (6236fabed75d)
		b'[unknown]' (6236fabcfebc)
		b'[unknown]' (6236fabd1315)
		b'[unknown]' (6236fa62547f)
		b'[unknown]' (6236fa6257e5)
		b'[unknown]' (6236fa625ca5)
		b'[unknown]' (6236fa6273ec)
		b'[unknown]' (6236fa62808a)
		b'[unknown]' (6236fa62c176)
		b'[unknown]' (6236fa3321c9)
		b'[unknown]' (6236fa33dd18)
		b'[unknown]' (6236fa33e46b)
		b'[unknown]' (6236fa33dd70)
		b'[unknown]' (6236fed9754e)
		b'[unknown]' (6236f7ee69ac)
		b'[unknown]' (6236f7ee9125)
		b'[unknown]' (6236f7eec3a0)
		b'[unknown]' (6236f7eed325)
		b'[unknown]' (6236f7eec7be)
		b'[unknown]' (6236f7eec86f)
		b'[unknown]' (6236f7ee8ad5)
		b'[unknown]' (6236f7ee8bc3)
		b'[unknown]' (6236f7ef1105)
		b'[unknown]' (6236f7ee7eb9)
		b'[unknown]' (6236f7ee7f5b)
		b'[unknown]' (6236f7ef3e5e)
		b'[unknown]' (6236f7ef49e5)
		b'[unknown]' (6236f7ef5066)
		b'[unknown]' (6236f7ef5df5)
		b'[unknown]' (6236f7ed7f38)
		b'[unknown]' (6236fea64b8d)
		b'[unknown]' (6236fea65171)
		b'[unknown]' (6236fea651e4)
		b'[unknown]' (6236fea65273)
		b'[unknown]' (6236fea652d7)
		b'[unknown]' (6236fea6581e)
		b'[unknown]' (6236fea65a0e)
		b'[unknown]' (6236fea65aad)
		b'[unknown]' (6236fea65b3b)
		b'[unknown]' (6236fea666ca)
		b'[unknown]' (6236fea6678b)
		b'[unknown]' (6236fea6797d)
		b'[unknown]' (6236f7d88dd2)
		b'[unknown]' (6236fea6b3d9)
		b'[unknown]' (6236fea6c3d5)
		b'[unknown]' (6236fea6b380)
		b'[unknown]' (6236fea6c529)
		b'[unknown]' (6236f7d88dd2)
		b'[unknown]' (6236fee6a91a)
		b'[unknown]' (6236fee67893)
		b'[unknown]' (6236fee6899a)
		b'[unknown]' (6236f8525afc)
		b'[unknown]' (6236fee6d592)
		b'[unknown]' (6236fee6e112)
		b'[unknown]' (6236f8525afc)
		b'[unknown]' (6236fee6d4db)
		b'[unknown]' (7c043a894ac3)

	Not found in mutex_ids. mutex (b'[unknown]') 504df9790428 ::: wait time 3.77us ::: hold time 9.72us ::: enter count 1
		b'[unknown]' (6236f7d776a7)
		b'[unknown]' (6236f7d77cac)
		b'[unknown]' (6236f7d80eca)
		b'[unknown]' (6236feea0bc6)
		b'[unknown]' (6236fee9948d)
		b'[unknown]' (6236f7eacf5e)
		b'[unknown]' (6236fee9ba34)
		b'[unknown]' (6236fee996a4)
		b'[unknown]' (6236fcda7515)
		b'[unknown]' (6236fcda7490)
		b'[unknown]' (6236fabed4d9)
		b'[unknown]' (6236fabcfebc)
		b'[unknown]' (6236fabd1315)
		b'[unknown]' (6236fa62547f)
		b'[unknown]' (6236fa6257e5)
		b'[unknown]' (6236fa625ca5)
		b'[unknown]' (6236fa6273ec)
		b'[unknown]' (6236fa62808a)
		b'[unknown]' (6236fa62c176)
		b'[unknown]' (6236fa3321c9)
		b'[unknown]' (6236fa33dd18)
		b'[unknown]' (6236fa33e46b)
		b'[unknown]' (6236fa33dd70)
		b'[unknown]' (6236fed9754e)
		b'[unknown]' (6236f7ee69ac)
		b'[unknown]' (6236f7ee9125)
		b'[unknown]' (6236f7eec3a0)
		b'[unknown]' (6236f7eed325)
		b'[unknown]' (6236f7eec7be)
		b'[unknown]' (6236f7eec86f)
		b'[unknown]' (6236f7ee8ad5)
		b'[unknown]' (6236f7ee8bc3)
		b'[unknown]' (6236f7ef1105)
		b'[unknown]' (6236f7ee7eb9)
		b'[unknown]' (6236f7ee7f5b)
		b'[unknown]' (6236f7ef3e5e)
		b'[unknown]' (6236f7ef49e5)
		b'[unknown]' (6236f7ef5066)
		b'[unknown]' (6236f7ef5df5)
		b'[unknown]' (6236f7ed7f38)
		b'[unknown]' (6236fea64b8d)
		b'[unknown]' (6236fea65171)
		b'[unknown]' (6236fea651e4)
		b'[unknown]' (6236fea65273)
		b'[unknown]' (6236fea652d7)
		b'[unknown]' (6236fea6581e)
		b'[unknown]' (6236fea65a0e)
		b'[unknown]' (6236fea65aad)
		b'[unknown]' (6236fea65b3b)
		b'[unknown]' (6236fea666ca)
		b'[unknown]' (6236fea6678b)
		b'[unknown]' (6236fea6797d)
		b'[unknown]' (6236f7d88dd2)
		b'[unknown]' (6236fea6b3d9)
		b'[unknown]' (6236fea6c3d5)
		b'[unknown]' (6236fea6b380)
		b'[unknown]' (6236fea6c529)
		b'[unknown]' (6236f7d88dd2)
		b'[unknown]' (6236fee6a91a)
		b'[unknown]' (6236fee67893)
		b'[unknown]' (6236fee6899a)
		b'[unknown]' (6236f8525afc)
		b'[unknown]' (6236fee6d592)
		b'[unknown]' (6236fee6e112)
		b'[unknown]' (6236f8525afc)
		b'[unknown]' (6236fee6d4db)
		b'[unknown]' (7c043a894ac3)

	Not found in mutex_ids. mutex (b'[unknown]') 504df9790428 ::: wait time 3.71us ::: hold time 11.07us ::: enter count 1
		b'[unknown]' (6236f7d776a7)
		b'[unknown]' (6236f7d77cac)
		b'[unknown]' (6236f7d80eca)
		b'[unknown]' (6236feea0bc6)
		b'[unknown]' (6236fee9948d)
		b'[unknown]' (6236f7eacf5e)
		b'[unknown]' (6236fee9ba34)
		b'[unknown]' (6236fee996a4)
		b'[unknown]' (6236fcda7515)
		b'[unknown]' (6236fcda7490)
		b'[unknown]' (6236fbf81c45)
		b'[unknown]' (6236fabed952)
		b'[unknown]' (6236fabcfebc)
		b'[unknown]' (6236fabd1315)
		b'[unknown]' (6236fa62547f)
		b'[unknown]' (6236fa6257e5)
		b'[unknown]' (6236fa625ca5)
		b'[unknown]' (6236fa6273ec)
		b'[unknown]' (6236fa62808a)
		b'[unknown]' (6236fa62c176)
		b'[unknown]' (6236fa3321c9)
		b'[unknown]' (6236fa33dd18)
		b'[unknown]' (6236fa33e46b)
		b'[unknown]' (6236fa33dd70)
		b'[unknown]' (6236fed9754e)
		b'[unknown]' (6236f7ee69ac)
		b'[unknown]' (6236f7ee9125)
		b'[unknown]' (6236f7eec3a0)
		b'[unknown]' (6236f7eed325)
		b'[unknown]' (6236f7eec7be)
		b'[unknown]' (6236f7eec86f)
		b'[unknown]' (6236f7ee8ad5)
		b'[unknown]' (6236f7ee8bc3)
		b'[unknown]' (6236f7ef1105)
		b'[unknown]' (6236f7ee7eb9)
		b'[unknown]' (6236f7ee7f5b)
		b'[unknown]' (6236f7ef3e5e)
		b'[unknown]' (6236f7ef49e5)
		b'[unknown]' (6236f7ef5066)
		b'[unknown]' (6236f7ef5df5)
		b'[unknown]' (6236f7ed7f38)
		b'[unknown]' (6236fea64b8d)
		b'[unknown]' (6236fea65171)
		b'[unknown]' (6236fea651e4)
		b'[unknown]' (6236fea65273)
		b'[unknown]' (6236fea652d7)
		b'[unknown]' (6236fea6581e)
		b'[unknown]' (6236fea65a0e)
		b'[unknown]' (6236fea65aad)
		b'[unknown]' (6236fea65b3b)
		b'[unknown]' (6236fea666ca)
		b'[unknown]' (6236fea6678b)
		b'[unknown]' (6236fea6797d)
		b'[unknown]' (6236f7d88dd2)
		b'[unknown]' (6236fea6b3d9)
		b'[unknown]' (6236fea6c3d5)
		b'[unknown]' (6236fea6b380)
		b'[unknown]' (6236fea6c529)
		b'[unknown]' (6236f7d88dd2)
		b'[unknown]' (6236fee6a91a)
		b'[unknown]' (6236fee67893)
		b'[unknown]' (6236fee6899a)
		b'[unknown]' (6236f8525afc)
		b'[unknown]' (6236fee6d592)
		b'[unknown]' (6236fee6e112)
		b'[unknown]' (6236f8525afc)
		b'[unknown]' (6236fee6d4db)
		b'[unknown]' (7c043a894ac3)

	Not found in mutex_ids. mutex (b'[unknown]') 504dff894f38 ::: wait time 3.68us ::: hold time 14.45us ::: enter count 1
		b'[unknown]' (6236f9ad3c3a)
		b'[unknown]' (6236f9ad6190)
		b'[unknown]' (6236fabbb84b)
		b'[unknown]' (6236fcd474a9)
		b'[unknown]' (6236fcd47542)
		b'[unknown]' (6236fcd4743e)
		b'[unknown]' (6236fcd47924)
		b'[unknown]' (6236fa6250ce)
		b'[unknown]' (6236fa6257e5)
		b'[unknown]' (6236fa625ca5)
		b'[unknown]' (6236fa6273ec)
		b'[unknown]' (6236fa62808a)
		b'[unknown]' (6236fa62c176)
		b'[unknown]' (6236fa3321c9)
		b'[unknown]' (6236fa33dd18)
		b'[unknown]' (6236fa33e46b)
		b'[unknown]' (6236fa33dd70)
		b'[unknown]' (6236fed9754e)
		b'[unknown]' (6236f7ee69ac)
		b'[unknown]' (6236f7ee9125)
		b'[unknown]' (6236f7eec3a0)
		b'[unknown]' (6236f7eed325)
		b'[unknown]' (6236f7eec7be)
		b'[unknown]' (6236f7eec86f)
		b'[unknown]' (6236f7ee8ad5)
		b'[unknown]' (6236f7ee8bc3)
		b'[unknown]' (6236f7ef1105)
		b'[unknown]' (6236f7ee7eb9)
		b'[unknown]' (6236f7ee7f5b)
		b'[unknown]' (6236f7ef3e5e)
		b'[unknown]' (6236f7ef49e5)
		b'[unknown]' (6236f7ef5066)
		b'[unknown]' (6236f7ef5df5)
		b'[unknown]' (6236f7ed7f38)
		b'[unknown]' (6236fea64b8d)
		b'[unknown]' (6236fea65171)
		b'[unknown]' (6236fea651e4)
		b'[unknown]' (6236fea65273)
		b'[unknown]' (6236fea652d7)
		b'[unknown]' (6236fea6581e)
		b'[unknown]' (6236fea65a0e)
		b'[unknown]' (6236fea65aad)
		b'[unknown]' (6236fea65b3b)
		b'[unknown]' (6236fea666ca)
		b'[unknown]' (6236fea6678b)
		b'[unknown]' (6236fea6797d)
		b'[unknown]' (6236f7d88dd2)
		b'[unknown]' (6236fea6b3d9)
		b'[unknown]' (6236fea6c3d5)
		b'[unknown]' (6236fea6b380)
		b'[unknown]' (6236fea6c529)
		b'[unknown]' (6236f7d88dd2)
		b'[unknown]' (6236fee6a91a)
		b'[unknown]' (6236fee67893)
		b'[unknown]' (6236fee6899a)
		b'[unknown]' (6236f8525afc)
		b'[unknown]' (6236fee6d592)
		b'[unknown]' (6236fee6e112)
		b'[unknown]' (6236f8525afc)
		b'[unknown]' (6236fee6d4db)
		b'[unknown]' (7c043a894ac3)

	Not found in mutex_ids. mutex (b'[unknown]') 504df9790428 ::: wait time 3.68us ::: hold time 9.87us ::: enter count 1
		b'[unknown]' (6236f7d776a7)
		b'[unknown]' (6236f7d77cac)
		b'[unknown]' (6236f7d80eca)
		b'[unknown]' (6236feea0bc6)
		b'[unknown]' (6236fee9b7d2)
		b'[unknown]' (6236fee97f34)
		b'[unknown]' (6236fee83f09)
		b'[unknown]' (6236f7e894d4)
		b'[unknown]' (6236f7e89385)
		b'[unknown]' (6236f7e892d8)
		b'[unknown]' (6236f7e89298)
		b'[unknown]' (6236fee84aa4)
		b'[unknown]' (6236f7dd36a6)
		b'[unknown]' (6236fcd8a808)
		b'[unknown]' (6236fcd8a37b)
		b'[unknown]' (6236f7d9cab7)
		b'[unknown]' (6236f7d862a3)
		b'[unknown]' (6236fcd735cc)
		b'[unknown]' (6236fcd735ec)
		b'[unknown]' (6236fcd73972)
		b'[unknown]' (6236fcd84c9e)
		b'[unknown]' (6236fcd83414)
		b'[unknown]' (6236fcd8163b)
		b'[unknown]' (6236fcd7f951)
		b'[unknown]' (6236fcd7cc48)
		b'[unknown]' (6236fcd78cdd)
		b'[unknown]' (6236fcd6d02c)
		b'[unknown]' (6236fcd65d21)
		b'[unknown]' (6236f8676266)
		b'[unknown]' (6236f8675bab)
		b'[unknown]' (6236f8ad4d6a)
		b'[unknown]' (6236fa6273c8)
		b'[unknown]' (6236fa62808a)
		b'[unknown]' (6236fa62c176)
		b'[unknown]' (6236fa3321c9)
		b'[unknown]' (6236fa33dd18)
		b'[unknown]' (6236fa33e46b)
		b'[unknown]' (6236fa33dd70)
		b'[unknown]' (6236fed9754e)
		b'[unknown]' (6236f7ee69ac)
		b'[unknown]' (6236f7ee9125)
		b'[unknown]' (6236f7eec3a0)
		b'[unknown]' (6236f7eed325)
		b'[unknown]' (6236f7eec7be)
		b'[unknown]' (6236f7eec86f)
		b'[unknown]' (6236f7ee8ad5)
		b'[unknown]' (6236f7ee8bc3)
		b'[unknown]' (6236f7ef1105)
		b'[unknown]' (6236f7ee7eb9)
		b'[unknown]' (6236f7ee7f5b)
		b'[unknown]' (6236f7ef3e5e)
		b'[unknown]' (6236f7ef49e5)
		b'[unknown]' (6236f7ef5066)
		b'[unknown]' (6236f7ef5df5)
		b'[unknown]' (6236f7ed7f38)
		b'[unknown]' (6236fea64b8d)
		b'[unknown]' (6236fea65171)
		b'[unknown]' (6236fea651e4)
		b'[unknown]' (6236fea65273)
		b'[unknown]' (6236fea652d7)
		b'[unknown]' (6236fea6581e)
		b'[unknown]' (6236fea65a0e)
		b'[unknown]' (6236fea65aad)
		b'[unknown]' (6236fea65b3b)
		b'[unknown]' (6236fea666ca)
		b'[unknown]' (6236fea6678b)
		b'[unknown]' (6236fea6797d)
		b'[unknown]' (6236f7d88dd2)
		b'[unknown]' (6236fea6b3d9)
		b'[unknown]' (6236fea6c3d5)
		b'[unknown]' (6236fea6b380)
		b'[unknown]' (6236fea6c529)
		b'[unknown]' (6236f7d88dd2)
		b'[unknown]' (6236fee6a91a)
		b'[unknown]' (6236fee67893)
		b'[unknown]' (6236fee6899a)
		b'[unknown]' (6236f8525afc)
		b'[unknown]' (6236fee6d592)
		b'[unknown]' (6236fee6e112)
		b'[unknown]' (6236f8525afc)
		b'[unknown]' (6236fee6d4db)
		b'[unknown]' (7c043a894ac3)

	Not found in mutex_ids. mutex (b'[unknown]') 504dffac56f0 ::: wait time 3.64us ::: hold time 92.67us ::: enter count 1
		b'[unknown]' (6236f9ef614b)
		b'[unknown]' (6236f9ef873c)
		b'[unknown]' (6236fa0e8ef4)
		b'[unknown]' (6236f9f58a4d)
		b'[unknown]' (6236f9d669ed)
		b'[unknown]' (6236f9e8a6ec)
		b'[unknown]' (6236f9e431e4)
		b'[unknown]' (6236f9e48204)
		b'[unknown]' (6236f9e48853)
		b'[unknown]' (6236f9e44556)
		b'[unknown]' (6236f9e4660e)
		b'[unknown]' (6236f9e48348)
		b'[unknown]' (6236f9e48853)
		b'[unknown]' (6236f9e61631)
		b'[unknown]' (6236f9e61f53)
		b'[unknown]' (6236f9c66490)
		b'[unknown]' (6236f9c94e55)
		b'[unknown]' (6236fce6a92b)
		b'[unknown]' (6236fab86073)
		b'[unknown]' (6236fbf8113e)
		b'[unknown]' (6236fabed75d)
		b'[unknown]' (6236fabcfebc)
		b'[unknown]' (6236fabd1315)
		b'[unknown]' (6236fa62547f)
		b'[unknown]' (6236fa6257e5)
		b'[unknown]' (6236fa625ca5)
		b'[unknown]' (6236fa6273ec)
		b'[unknown]' (6236fa62808a)
		b'[unknown]' (6236fa62c176)
		b'[unknown]' (6236fa3321c9)
		b'[unknown]' (6236fa33dd18)
		b'[unknown]' (6236fa33e46b)
		b'[unknown]' (6236fa33dd70)
		b'[unknown]' (6236fed9754e)
		b'[unknown]' (6236f7ee69ac)
		b'[unknown]' (6236f7ee9125)
		b'[unknown]' (6236f7eec3a0)
		b'[unknown]' (6236f7eed325)
		b'[unknown]' (6236f7eec7be)
		b'[unknown]' (6236f7eec86f)
		b'[unknown]' (6236f7ee8ad5)
		b'[unknown]' (6236f7ee8bc3)
		b'[unknown]' (6236f7ef1105)
		b'[unknown]' (6236f7ee7eb9)
		b'[unknown]' (6236f7ee7f5b)
		b'[unknown]' (6236f7ef3e5e)
		b'[unknown]' (6236f7ef49e5)
		b'[unknown]' (6236f7ef5066)
		b'[unknown]' (6236f7ef5df5)
		b'[unknown]' (6236f7ed7f38)
		b'[unknown]' (6236fea64b8d)
		b'[unknown]' (6236fea65171)
		b'[unknown]' (6236fea651e4)
		b'[unknown]' (6236fea65273)
		b'[unknown]' (6236fea652d7)
		b'[unknown]' (6236fea6581e)
		b'[unknown]' (6236fea65a0e)
		b'[unknown]' (6236fea65aad)
		b'[unknown]' (6236fea65b3b)
		b'[unknown]' (6236fea666ca)
		b'[unknown]' (6236fea6678b)
		b'[unknown]' (6236fea6797d)
		b'[unknown]' (6236f7d88dd2)
		b'[unknown]' (6236fea6b3d9)
		b'[unknown]' (6236fea6c3d5)
		b'[unknown]' (6236fea6b380)
		b'[unknown]' (6236fea6c529)
		b'[unknown]' (6236f7d88dd2)
		b'[unknown]' (6236fee6a91a)
		b'[unknown]' (6236fee67893)
		b'[unknown]' (6236fee6899a)
		b'[unknown]' (6236f8525afc)
		b'[unknown]' (6236fee6d592)
		b'[unknown]' (6236fee6e112)
		b'[unknown]' (6236f8525afc)
		b'[unknown]' (6236fee6d4db)
		b'[unknown]' (7c043a894ac3)

	Not found in mutex_ids. mutex (b'[unknown]') 504dff990528 ::: wait time 3.58us ::: hold time 10.19us ::: enter count 1
		b'[unknown]' (6236f7d776a7)
		b'[unknown]' (6236f7d77cac)
		b'[unknown]' (6236f7d87796)
		b'[unknown]' (6236fab9527b)
		b'[unknown]' (6236faba66e2)
		b'[unknown]' (6236faba453d)
		b'[unknown]' (6236faba19f2)
		b'[unknown]' (6236fab9e732)
		b'[unknown]' (6236fab9a003)
		b'[unknown]' (6236fab96789)
		b'[unknown]' (6236fabaafa7)
		b'[unknown]' (6236fabab00a)
		b'[unknown]' (6236faba7f64)
		b'[unknown]' (6236faba5fea)
		b'[unknown]' (6236faba3f98)
		b'[unknown]' (6236faba10c3)
		b'[unknown]' (6236fab9d293)
		b'[unknown]' (6236fab99a62)
		b'[unknown]' (6236fab8d240)
		b'[unknown]' (6236fab84927)
		b'[unknown]' (6236fbf81e46)
		b'[unknown]' (6236fabed952)
		b'[unknown]' (6236fabcfebc)
		b'[unknown]' (6236fabd1315)
		b'[unknown]' (6236fa62547f)
		b'[unknown]' (6236fa6257e5)
		b'[unknown]' (6236fa625ca5)
		b'[unknown]' (6236fa6273ec)
		b'[unknown]' (6236fa62808a)
		b'[unknown]' (6236fa62c176)
		b'[unknown]' (6236fa3321c9)
		b'[unknown]' (6236fa33dd18)
		b'[unknown]' (6236fa33e46b)
		b'[unknown]' (6236fa33dd70)
		b'[unknown]' (6236fed9754e)
		b'[unknown]' (6236f7ee69ac)
		b'[unknown]' (6236f7ee9125)
		b'[unknown]' (6236f7eec3a0)
		b'[unknown]' (6236f7eed325)
		b'[unknown]' (6236f7eec7be)
		b'[unknown]' (6236f7eec86f)
		b'[unknown]' (6236f7ee8ad5)
		b'[unknown]' (6236f7ee8bc3)
		b'[unknown]' (6236f7ef1105)
		b'[unknown]' (6236f7ee7eb9)
		b'[unknown]' (6236f7ee7f5b)
		b'[unknown]' (6236f7ef3e5e)
		b'[unknown]' (6236f7ef49e5)
		b'[unknown]' (6236f7ef5066)
		b'[unknown]' (6236f7ef5df5)
		b'[unknown]' (6236f7ed7f38)
		b'[unknown]' (6236fea64b8d)
		b'[unknown]' (6236fea65171)
		b'[unknown]' (6236fea651e4)
		b'[unknown]' (6236fea65273)
		b'[unknown]' (6236fea652d7)
		b'[unknown]' (6236fea6581e)
		b'[unknown]' (6236fea65a0e)
		b'[unknown]' (6236fea65aad)
		b'[unknown]' (6236fea65b3b)
		b'[unknown]' (6236fea666ca)
		b'[unknown]' (6236fea6678b)
		b'[unknown]' (6236fea6797d)
		b'[unknown]' (6236f7d88dd2)
		b'[unknown]' (6236fea6b3d9)
		b'[unknown]' (6236fea6c3d5)
		b'[unknown]' (6236fea6b380)
		b'[unknown]' (6236fea6c529)
		b'[unknown]' (6236f7d88dd2)
		b'[unknown]' (6236fee6a91a)
		b'[unknown]' (6236fee67893)
		b'[unknown]' (6236fee6899a)
		b'[unknown]' (6236f8525afc)
		b'[unknown]' (6236fee6d592)
		b'[unknown]' (6236fee6e112)
		b'[unknown]' (6236f8525afc)
		b'[unknown]' (6236fee6d4db)
		b'[unknown]' (7c043a894ac3)

	Not found in mutex_ids. mutex (b'[unknown]') 504dff61a970 ::: wait time 3.48us ::: hold time 103.10us ::: enter count 1
		b'[unknown]' (6236f9dbad00)
		b'[unknown]' (6236f9dbfb04)
		b'[unknown]' (6236f9d66871)
		b'[unknown]' (6236f9e8a6ec)
		b'[unknown]' (6236f9e431e4)
		b'[unknown]' (6236f9e48204)
		b'[unknown]' (6236f9e48853)
		b'[unknown]' (6236f9e44556)
		b'[unknown]' (6236f9e4660e)
		b'[unknown]' (6236f9e48348)
		b'[unknown]' (6236f9e48853)
		b'[unknown]' (6236f9e61631)
		b'[unknown]' (6236f9e61f53)
		b'[unknown]' (6236f9c66490)
		b'[unknown]' (6236f9c94e55)
		b'[unknown]' (6236fce6a92b)
		b'[unknown]' (6236fab86073)
		b'[unknown]' (6236fbf8113e)
		b'[unknown]' (6236fabed75d)
		b'[unknown]' (6236fabcfebc)
		b'[unknown]' (6236fabd1315)
		b'[unknown]' (6236fa62547f)
		b'[unknown]' (6236fa6257e5)
		b'[unknown]' (6236fa625ca5)
		b'[unknown]' (6236fa6273ec)
		b'[unknown]' (6236fa62808a)
		b'[unknown]' (6236fa62c176)
		b'[unknown]' (6236fa3321c9)
		b'[unknown]' (6236fa33dd18)
		b'[unknown]' (6236fa33e46b)
		b'[unknown]' (6236fa33dd70)
		b'[unknown]' (6236fed9754e)
		b'[unknown]' (6236f7ee69ac)
		b'[unknown]' (6236f7ee9125)
		b'[unknown]' (6236f7eec3a0)
		b'[unknown]' (6236f7eed325)
		b'[unknown]' (6236f7eec7be)
		b'[unknown]' (6236f7eec86f)
		b'[unknown]' (6236f7ee8ad5)
		b'[unknown]' (6236f7ee8bc3)
		b'[unknown]' (6236f7ef1105)
		b'[unknown]' (6236f7ee7eb9)
		b'[unknown]' (6236f7ee7f5b)
		b'[unknown]' (6236f7ef3e5e)
		b'[unknown]' (6236f7ef49e5)
		b'[unknown]' (6236f7ef5066)
		b'[unknown]' (6236f7ef5df5)
		b'[unknown]' (6236f7ed7f38)
		b'[unknown]' (6236fea64b8d)
		b'[unknown]' (6236fea65171)
		b'[unknown]' (6236fea651e4)
		b'[unknown]' (6236fea65273)
		b'[unknown]' (6236fea652d7)
		b'[unknown]' (6236fea6581e)
		b'[unknown]' (6236fea65a0e)
		b'[unknown]' (6236fea65aad)
		b'[unknown]' (6236fea65b3b)
		b'[unknown]' (6236fea666ca)
		b'[unknown]' (6236fea6678b)
		b'[unknown]' (6236fea6797d)
		b'[unknown]' (6236f7d88dd2)
		b'[unknown]' (6236fea6b3d9)
		b'[unknown]' (6236fea6c3d5)
		b'[unknown]' (6236fea6b380)
		b'[unknown]' (6236fea6c529)
		b'[unknown]' (6236f7d88dd2)
		b'[unknown]' (6236fee6a91a)
		b'[unknown]' (6236fee67893)
		b'[unknown]' (6236fee6899a)
		b'[unknown]' (6236f8525afc)
		b'[unknown]' (6236fee6d592)
		b'[unknown]' (6236fee6e112)
		b'[unknown]' (6236f8525afc)
		b'[unknown]' (6236fee6d4db)
		b'[unknown]' (7c043a894ac3)

	Not found in mutex_ids. mutex (b'[unknown]') 504dffc3b070 ::: wait time 3.48us ::: hold time 9.20us ::: enter count 1
		b'[unknown]' (6236f7d776a7)
		b'[unknown]' (6236f7d77cac)
		b'[unknown]' (6236f7d87796)
		b'[unknown]' (6236f861a373)
		b'[unknown]' (6236f8619986)
		b'[unknown]' (6236f861a943)
		b'[unknown]' (6236f861a835)
		b'[unknown]' (6236f861a670)
		b'[unknown]' (6236f861a6aa)
		b'[unknown]' (6236f861a71c)
		b'[unknown]' (6236f861afcc)
		b'[unknown]' (6236f861af8f)
		b'[unknown]' (6236f861af3c)
		b'[unknown]' (6236f861af10)
		b'[unknown]' (6236f861aef4)
		b'[unknown]' (7c043ace62b3)

	Not found in mutex_ids. mutex (b'[unknown]') 504dffc25948 ::: wait time 3.48us ::: hold time 8.88us ::: enter count 1
		b'[unknown]' (6236f7d776a7)
		b'[unknown]' (6236f7d77cac)
		b'[unknown]' (6236f7d87796)
		b'[unknown]' (6236f9c9ca76)
		b'[unknown]' (6236f9d123fb)
		b'[unknown]' (6236f9d12573)
		b'[unknown]' (6236f9c58dd4)
		b'[unknown]' (6236f9d29d43)
		b'[unknown]' (6236f9cd021b)
		b'[unknown]' (6236f9ca6397)
		b'[unknown]' (6236f9c9477a)
		b'[unknown]' (6236fce6a495)
		b'[unknown]' (6236fabcedde)
		b'[unknown]' (6236fabcfc72)
		b'[unknown]' (6236fabd1315)
		b'[unknown]' (6236fa62547f)
		b'[unknown]' (6236fa6257e5)
		b'[unknown]' (6236fa625ca5)
		b'[unknown]' (6236fa6273ec)
		b'[unknown]' (6236fa62808a)
		b'[unknown]' (6236fa62c176)
		b'[unknown]' (6236fa3321c9)
		b'[unknown]' (6236fa33dd18)
		b'[unknown]' (6236fa33e46b)
		b'[unknown]' (6236fa33dd70)
		b'[unknown]' (6236fed9754e)
		b'[unknown]' (6236f7ee69ac)
		b'[unknown]' (6236f7ee9125)
		b'[unknown]' (6236f7eec3a0)
		b'[unknown]' (6236f7eed325)
		b'[unknown]' (6236f7eec7be)
		b'[unknown]' (6236f7eec86f)
		b'[unknown]' (6236f7ee8ad5)
		b'[unknown]' (6236f7ee8bc3)
		b'[unknown]' (6236f7ef1105)
		b'[unknown]' (6236f7ee7eb9)
		b'[unknown]' (6236f7ee7f5b)
		b'[unknown]' (6236f7ef3e5e)
		b'[unknown]' (6236f7ef49e5)
		b'[unknown]' (6236f7ef5066)
		b'[unknown]' (6236f7ef5df5)
		b'[unknown]' (6236f7ed7f38)
		b'[unknown]' (6236fea64b8d)
		b'[unknown]' (6236fea65171)
		b'[unknown]' (6236fea651e4)
		b'[unknown]' (6236fea65273)
		b'[unknown]' (6236fea652d7)
		b'[unknown]' (6236fea6581e)
		b'[unknown]' (6236fea65a0e)
		b'[unknown]' (6236fea65aad)
		b'[unknown]' (6236fea65b3b)
		b'[unknown]' (6236fea666ca)
		b'[unknown]' (6236fea6678b)
		b'[unknown]' (6236fea6797d)
		b'[unknown]' (6236f7d88dd2)
		b'[unknown]' (6236fea6b3d9)
		b'[unknown]' (6236fea6c3d5)
		b'[unknown]' (6236fea6b380)
		b'[unknown]' (6236fea6c529)
		b'[unknown]' (6236f7d88dd2)
		b'[unknown]' (6236fee6a91a)
		b'[unknown]' (6236fee67893)
		b'[unknown]' (6236fee6899a)
		b'[unknown]' (6236f8525afc)
		b'[unknown]' (6236fee6d592)
		b'[unknown]' (6236fee6e112)
		b'[unknown]' (6236f8525afc)
		b'[unknown]' (6236fee6d4db)
		b'[unknown]' (7c043a894ac3)

	Not found in mutex_ids. mutex (b'[unknown]') 504dffc393c0 ::: wait time 3.47us ::: hold time 8.30us ::: enter count 1
		b'[unknown]' (6236f7d776a7)
		b'[unknown]' (6236f7d77cac)
		b'[unknown]' (6236f7d9daa5)
		b'[unknown]' (6236f7d87c9d)
		b'[unknown]' (6236f8efa707)
		b'[unknown]' (6236f8ef8ec9)
		b'[unknown]' (6236fc0b1710)
		b'[unknown]' (6236fc0b114c)
		b'[unknown]' (6236fc0af2b9)
		b'[unknown]' (6236fc0af049)
		b'[unknown]' (6236fbf92a10)
		b'[unknown]' (6236fbf92a3b)
		b'[unknown]' (6236fbf929ca)
		b'[unknown]' (6236fbf9288d)
		b'[unknown]' (6236f7d9cab7)
		b'[unknown]' (6236f7d862a3)
		b'[unknown]' (6236f89831bc)
		b'[unknown]' (6236fbf8daaa)
		b'[unknown]' (6236fbf8c9cc)
		b'[unknown]' (6236fbf8ad1b)
		b'[unknown]' (6236fbf8b03d)
		b'[unknown]' (6236fbf8082d)
		b'[unknown]' (6236fbf8130d)
		b'[unknown]' (6236fabed75d)
		b'[unknown]' (6236fabcfebc)
		b'[unknown]' (6236fabd1315)
		b'[unknown]' (6236fa62547f)
		b'[unknown]' (6236fa6257e5)
		b'[unknown]' (6236fa625ca5)
		b'[unknown]' (6236fa6273ec)
		b'[unknown]' (6236fa62808a)
		b'[unknown]' (6236fa62c176)
		b'[unknown]' (6236fa3321c9)
		b'[unknown]' (6236fa33dd18)
		b'[unknown]' (6236fa33e46b)
		b'[unknown]' (6236fa33dd70)
		b'[unknown]' (6236fed9754e)
		b'[unknown]' (6236f7ee69ac)
		b'[unknown]' (6236f7ee9125)
		b'[unknown]' (6236f7eec3a0)
		b'[unknown]' (6236f7eed325)
		b'[unknown]' (6236f7eec7be)
		b'[unknown]' (6236f7eec86f)
		b'[unknown]' (6236f7ee8ad5)
		b'[unknown]' (6236f7ee8bc3)
		b'[unknown]' (6236f7ef1105)
		b'[unknown]' (6236f7ee7eb9)
		b'[unknown]' (6236f7ee7f5b)
		b'[unknown]' (6236f7ef3e5e)
		b'[unknown]' (6236f7ef49e5)
		b'[unknown]' (6236f7ef5066)
		b'[unknown]' (6236f7ef5df5)
		b'[unknown]' (6236f7ed7f38)
		b'[unknown]' (6236fea64b8d)
		b'[unknown]' (6236fea65171)
		b'[unknown]' (6236fea651e4)
		b'[unknown]' (6236fea65273)
		b'[unknown]' (6236fea652d7)
		b'[unknown]' (6236fea6581e)
		b'[unknown]' (6236fea65a0e)
		b'[unknown]' (6236fea65aad)
		b'[unknown]' (6236fea65b3b)
		b'[unknown]' (6236fea666ca)
		b'[unknown]' (6236fea6678b)
		b'[unknown]' (6236fea6797d)
		b'[unknown]' (6236f7d88dd2)
		b'[unknown]' (6236fea6b3d9)
		b'[unknown]' (6236fea6c3d5)
		b'[unknown]' (6236fea6b380)
		b'[unknown]' (6236fea6c529)
		b'[unknown]' (6236f7d88dd2)
		b'[unknown]' (6236fee6a91a)
		b'[unknown]' (6236fee67893)
		b'[unknown]' (6236fee6899a)
		b'[unknown]' (6236f8525afc)
		b'[unknown]' (6236fee6d592)
		b'[unknown]' (6236fee6e112)
		b'[unknown]' (6236f8525afc)
		b'[unknown]' (6236fee6d4db)
		b'[unknown]' (7c043a894ac3)

	Not found in mutex_ids. mutex (b'[unknown]') 504dffaad2b0 ::: wait time 3.46us ::: hold time 12.85us ::: enter count 1
		b'[unknown]' (6236f7d776a7)
		b'[unknown]' (6236f7d77cac)
		b'[unknown]' (6236f7d87796)
		b'[unknown]' (6236f9d118e2)
		b'[unknown]' (6236f9d29c95)
		b'[unknown]' (6236f9c69c7d)
		b'[unknown]' (6236f9c666bd)
		b'[unknown]' (6236f9c6c8fb)
		b'[unknown]' (6236f9ca6b5f)
		b'[unknown]' (6236f9c955a7)
		b'[unknown]' (6236fd020db6)
		b'[unknown]' (6236fd020fc9)
		b'[unknown]' (6236fabeceba)
		b'[unknown]' (6236fbf8126a)
		b'[unknown]' (6236fabed75d)
		b'[unknown]' (6236fabcfebc)
		b'[unknown]' (6236fabd1315)
		b'[unknown]' (6236fa62547f)
		b'[unknown]' (6236fa6257e5)
		b'[unknown]' (6236fa625ca5)
		b'[unknown]' (6236fa6273ec)
		b'[unknown]' (6236fa62808a)
		b'[unknown]' (6236fa62c176)
		b'[unknown]' (6236fa3321c9)
		b'[unknown]' (6236fa33dd18)
		b'[unknown]' (6236fa33e46b)
		b'[unknown]' (6236fa33dd70)
		b'[unknown]' (6236fed9754e)
		b'[unknown]' (6236f7ee69ac)
		b'[unknown]' (6236f7ee9125)
		b'[unknown]' (6236f7eec3a0)
		b'[unknown]' (6236f7eed325)
		b'[unknown]' (6236f7eec7be)
		b'[unknown]' (6236f7eec86f)
		b'[unknown]' (6236f7ee8ad5)
		b'[unknown]' (6236f7ee8bc3)
		b'[unknown]' (6236f7ef1105)
		b'[unknown]' (6236f7ee7eb9)
		b'[unknown]' (6236f7ee7f5b)
		b'[unknown]' (6236f7ef3e5e)
		b'[unknown]' (6236f7ef49e5)
		b'[unknown]' (6236f7ef5066)
		b'[unknown]' (6236f7ef5df5)
		b'[unknown]' (6236f7ed7f38)
		b'[unknown]' (6236fea64b8d)
		b'[unknown]' (6236fea65171)
		b'[unknown]' (6236fea651e4)
		b'[unknown]' (6236fea65273)
		b'[unknown]' (6236fea652d7)
		b'[unknown]' (6236fea6581e)
		b'[unknown]' (6236fea65a0e)
		b'[unknown]' (6236fea65aad)
		b'[unknown]' (6236fea65b3b)
		b'[unknown]' (6236fea666ca)
		b'[unknown]' (6236fea6678b)
		b'[unknown]' (6236fea6797d)
		b'[unknown]' (6236f7d88dd2)
		b'[unknown]' (6236fea6b3d9)
		b'[unknown]' (6236fea6c3d5)
		b'[unknown]' (6236fea6b380)
		b'[unknown]' (6236fea6c529)
		b'[unknown]' (6236f7d88dd2)
		b'[unknown]' (6236fee6a91a)
		b'[unknown]' (6236fee67893)
		b'[unknown]' (6236fee6899a)
		b'[unknown]' (6236f8525afc)
		b'[unknown]' (6236fee6d592)
		b'[unknown]' (6236fee6e112)
		b'[unknown]' (6236f8525afc)
		b'[unknown]' (6236fee6d4db)
		b'[unknown]' (7c043a894ac3)

	Not found in mutex_ids. mutex (b'[unknown]') 504dffaad2b0 ::: wait time 3.46us ::: hold time 13.47us ::: enter count 1
		b'[unknown]' (6236f7d776a7)
		b'[unknown]' (6236f7d77cac)
		b'[unknown]' (6236f7d87796)
		b'[unknown]' (6236f9d11ec3)
		b'[unknown]' (6236f9d29cba)
		b'[unknown]' (6236f9c69c7d)
		b'[unknown]' (6236f9c666bd)
		b'[unknown]' (6236f9c6c8fb)
		b'[unknown]' (6236f9ca6b5f)
		b'[unknown]' (6236f9c955a7)
		b'[unknown]' (6236fd020db6)
		b'[unknown]' (6236fd020fc9)
		b'[unknown]' (6236fabeceba)
		b'[unknown]' (6236fbf8126a)
		b'[unknown]' (6236fabed75d)
		b'[unknown]' (6236fabcfebc)
		b'[unknown]' (6236fabd1315)
		b'[unknown]' (6236fa62547f)
		b'[unknown]' (6236fa6257e5)
		b'[unknown]' (6236fa625ca5)
		b'[unknown]' (6236fa6273ec)
		b'[unknown]' (6236fa62808a)
		b'[unknown]' (6236fa62c176)
		b'[unknown]' (6236fa3321c9)
		b'[unknown]' (6236fa33dd18)
		b'[unknown]' (6236fa33e46b)
		b'[unknown]' (6236fa33dd70)
		b'[unknown]' (6236fed9754e)
		b'[unknown]' (6236f7ee69ac)
		b'[unknown]' (6236f7ee9125)
		b'[unknown]' (6236f7eec3a0)
		b'[unknown]' (6236f7eed325)
		b'[unknown]' (6236f7eec7be)
		b'[unknown]' (6236f7eec86f)
		b'[unknown]' (6236f7ee8ad5)
		b'[unknown]' (6236f7ee8bc3)
		b'[unknown]' (6236f7ef1105)
		b'[unknown]' (6236f7ee7eb9)
		b'[unknown]' (6236f7ee7f5b)
		b'[unknown]' (6236f7ef3e5e)
		b'[unknown]' (6236f7ef49e5)
		b'[unknown]' (6236f7ef5066)
		b'[unknown]' (6236f7ef5df5)
		b'[unknown]' (6236f7ed7f38)
		b'[unknown]' (6236fea64b8d)
		b'[unknown]' (6236fea65171)
		b'[unknown]' (6236fea651e4)
		b'[unknown]' (6236fea65273)
		b'[unknown]' (6236fea652d7)
		b'[unknown]' (6236fea6581e)
		b'[unknown]' (6236fea65a0e)
		b'[unknown]' (6236fea65aad)
		b'[unknown]' (6236fea65b3b)
		b'[unknown]' (6236fea666ca)
		b'[unknown]' (6236fea6678b)
		b'[unknown]' (6236fea6797d)
		b'[unknown]' (6236f7d88dd2)
		b'[unknown]' (6236fea6b3d9)
		b'[unknown]' (6236fea6c3d5)
		b'[unknown]' (6236fea6b380)
		b'[unknown]' (6236fea6c529)
		b'[unknown]' (6236f7d88dd2)
		b'[unknown]' (6236fee6a91a)
		b'[unknown]' (6236fee67893)
		b'[unknown]' (6236fee6899a)
		b'[unknown]' (6236f8525afc)
		b'[unknown]' (6236fee6d592)
		b'[unknown]' (6236fee6e112)
		b'[unknown]' (6236f8525afc)
		b'[unknown]' (6236fee6d4db)
		b'[unknown]' (7c043a894ac3)

	Not found in mutex_ids. mutex (b'[unknown]') 504df9790428 ::: wait time 3.45us ::: hold time 7.82us ::: enter count 1
		b'[unknown]' (6236f7d776a7)
		b'[unknown]' (6236f7d77cac)
		b'[unknown]' (6236f7d80eca)
		b'[unknown]' (6236feea0bc6)
		b'[unknown]' (6236fee9948d)
		b'[unknown]' (6236feea0838)
		b'[unknown]' (6236fee9ba64)
		b'[unknown]' (6236fee996a4)
		b'[unknown]' (6236fd13fb00)
		b'[unknown]' (6236fb827246)
		b'[unknown]' (6236fa625128)
		b'[unknown]' (6236fa6257e5)
		b'[unknown]' (6236fa625ca5)
		b'[unknown]' (6236fa6273ec)
		b'[unknown]' (6236fa62808a)
		b'[unknown]' (6236fa62c176)
		b'[unknown]' (6236fa3321c9)
		b'[unknown]' (6236fa33dd18)
		b'[unknown]' (6236fa33e46b)
		b'[unknown]' (6236fa33dd70)
		b'[unknown]' (6236fed9754e)
		b'[unknown]' (6236f7ee69ac)
		b'[unknown]' (6236f7ee9125)
		b'[unknown]' (6236f7eec3a0)
		b'[unknown]' (6236f7eed325)
		b'[unknown]' (6236f7eec7be)
		b'[unknown]' (6236f7eec86f)
		b'[unknown]' (6236f7ee8ad5)
		b'[unknown]' (6236f7ee8bc3)
		b'[unknown]' (6236f7ef1105)
		b'[unknown]' (6236f7ee7eb9)
		b'[unknown]' (6236f7ee7f5b)
		b'[unknown]' (6236f7ef3e5e)
		b'[unknown]' (6236f7ef49e5)
		b'[unknown]' (6236f7ef5066)
		b'[unknown]' (6236f7ef5df5)
		b'[unknown]' (6236f7ed7f38)
		b'[unknown]' (6236fea64b8d)
		b'[unknown]' (6236fea65171)
		b'[unknown]' (6236fea651e4)
		b'[unknown]' (6236fea65273)
		b'[unknown]' (6236fea652d7)
		b'[unknown]' (6236fea6581e)
		b'[unknown]' (6236fea65a0e)
		b'[unknown]' (6236fea65aad)
		b'[unknown]' (6236fea65b3b)
		b'[unknown]' (6236fea666ca)
		b'[unknown]' (6236fea6678b)
		b'[unknown]' (6236fea6797d)
		b'[unknown]' (6236f7d88dd2)
		b'[unknown]' (6236fea6b3d9)
		b'[unknown]' (6236fea6c3d5)
		b'[unknown]' (6236fea6b380)
		b'[unknown]' (6236fea6c529)
		b'[unknown]' (6236f7d88dd2)
		b'[unknown]' (6236fee6a91a)
		b'[unknown]' (6236fee67893)
		b'[unknown]' (6236fee6899a)
		b'[unknown]' (6236f8525afc)
		b'[unknown]' (6236fee6d592)
		b'[unknown]' (6236fee6e112)
		b'[unknown]' (6236f8525afc)
		b'[unknown]' (6236fee6d4db)
		b'[unknown]' (7c043a894ac3)

	Not found in mutex_ids. mutex (b'[unknown]') 504dff61aaa8 ::: wait time 3.43us ::: hold time 53.71us ::: enter count 1
		b'[unknown]' (6236f9dbad00)
		b'[unknown]' (6236f9dbfc55)
		b'[unknown]' (6236f9d66871)
		b'[unknown]' (6236f9e8a6ec)
		b'[unknown]' (6236f9e431e4)
		b'[unknown]' (6236f9e48204)
		b'[unknown]' (6236f9e48853)
		b'[unknown]' (6236f9e44556)
		b'[unknown]' (6236f9e4660e)
		b'[unknown]' (6236f9e48348)
		b'[unknown]' (6236f9e48853)
		b'[unknown]' (6236f9e61631)
		b'[unknown]' (6236f9e61f53)
		b'[unknown]' (6236f9c930bc)
		b'[unknown]' (6236fce6a31e)
		b'[unknown]' (6236fabcedde)
		b'[unknown]' (6236fabcfc72)
		b'[unknown]' (6236fabd1315)
		b'[unknown]' (6236fa62547f)
		b'[unknown]' (6236fa6257e5)
		b'[unknown]' (6236fa625ca5)
		b'[unknown]' (6236fa6273ec)
		b'[unknown]' (6236fa62808a)
		b'[unknown]' (6236fa62c176)
		b'[unknown]' (6236fa3321c9)
		b'[unknown]' (6236fa33dd18)
		b'[unknown]' (6236fa33e46b)
		b'[unknown]' (6236fa33dd70)
		b'[unknown]' (6236fed9754e)
		b'[unknown]' (6236f7ee69ac)
		b'[unknown]' (6236f7ee9125)
		b'[unknown]' (6236f7eec3a0)
		b'[unknown]' (6236f7eed325)
		b'[unknown]' (6236f7eec7be)
		b'[unknown]' (6236f7eec86f)
		b'[unknown]' (6236f7ee8ad5)
		b'[unknown]' (6236f7ee8bc3)
		b'[unknown]' (6236f7ef1105)
		b'[unknown]' (6236f7ee7eb9)
		b'[unknown]' (6236f7ee7f5b)
		b'[unknown]' (6236f7ef3e5e)
		b'[unknown]' (6236f7ef49e5)
		b'[unknown]' (6236f7ef5066)
		b'[unknown]' (6236f7ef5df5)
		b'[unknown]' (6236f7ed7f38)
		b'[unknown]' (6236fea64b8d)
		b'[unknown]' (6236fea65171)
		b'[unknown]' (6236fea651e4)
		b'[unknown]' (6236fea65273)
		b'[unknown]' (6236fea652d7)
		b'[unknown]' (6236fea6581e)
		b'[unknown]' (6236fea65a0e)
		b'[unknown]' (6236fea65aad)
		b'[unknown]' (6236fea65b3b)
		b'[unknown]' (6236fea666ca)
		b'[unknown]' (6236fea6678b)
		b'[unknown]' (6236fea6797d)
		b'[unknown]' (6236f7d88dd2)
		b'[unknown]' (6236fea6b3d9)
		b'[unknown]' (6236fea6c3d5)
		b'[unknown]' (6236fea6b380)
		b'[unknown]' (6236fea6c529)
		b'[unknown]' (6236f7d88dd2)
		b'[unknown]' (6236fee6a91a)
		b'[unknown]' (6236fee67893)
		b'[unknown]' (6236fee6899a)
		b'[unknown]' (6236f8525afc)
		b'[unknown]' (6236fee6d592)
		b'[unknown]' (6236fee6e112)
		b'[unknown]' (6236f8525afc)
		b'[unknown]' (6236fee6d4db)
		b'[unknown]' (7c043a894ac3)

	Not found in mutex_ids. mutex (b'[unknown]') 504dff990528 ::: wait time 3.42us ::: hold time 24.64us ::: enter count 1
		b'[unknown]' (6236f7d776a7)
		b'[unknown]' (6236f7d77cac)
		b'[unknown]' (6236f7d9daa5)
		b'[unknown]' (6236fce79c2e)
		b'[unknown]' (6236fce68507)
		b'[unknown]' (6236fab8e4b2)
		b'[unknown]' (6236fab85ff0)
		b'[unknown]' (6236fbf8113e)
		b'[unknown]' (6236fabed75d)
		b'[unknown]' (6236fabcfebc)
		b'[unknown]' (6236fabd1315)
		b'[unknown]' (6236fa62547f)
		b'[unknown]' (6236fa6257e5)
		b'[unknown]' (6236fa625ca5)
		b'[unknown]' (6236fa6273ec)
		b'[unknown]' (6236fa62808a)
		b'[unknown]' (6236fa62c176)
		b'[unknown]' (6236fa3321c9)
		b'[unknown]' (6236fa33dd18)
		b'[unknown]' (6236fa33e46b)
		b'[unknown]' (6236fa33dd70)
		b'[unknown]' (6236fed9754e)
		b'[unknown]' (6236f7ee69ac)
		b'[unknown]' (6236f7ee9125)
		b'[unknown]' (6236f7eec3a0)
		b'[unknown]' (6236f7eed325)
		b'[unknown]' (6236f7eec7be)
		b'[unknown]' (6236f7eec86f)
		b'[unknown]' (6236f7ee8ad5)
		b'[unknown]' (6236f7ee8bc3)
		b'[unknown]' (6236f7ef1105)
		b'[unknown]' (6236f7ee7eb9)
		b'[unknown]' (6236f7ee7f5b)
		b'[unknown]' (6236f7ef3e5e)
		b'[unknown]' (6236f7ef49e5)
		b'[unknown]' (6236f7ef5066)
		b'[unknown]' (6236f7ef5df5)
		b'[unknown]' (6236f7ed7f38)
		b'[unknown]' (6236fea64b8d)
		b'[unknown]' (6236fea65171)
		b'[unknown]' (6236fea651e4)
		b'[unknown]' (6236fea65273)
		b'[unknown]' (6236fea652d7)
		b'[unknown]' (6236fea6581e)
		b'[unknown]' (6236fea65a0e)
		b'[unknown]' (6236fea65aad)
		b'[unknown]' (6236fea65b3b)
		b'[unknown]' (6236fea666ca)
		b'[unknown]' (6236fea6678b)
		b'[unknown]' (6236fea6797d)
		b'[unknown]' (6236f7d88dd2)
		b'[unknown]' (6236fea6b3d9)
		b'[unknown]' (6236fea6c3d5)
		b'[unknown]' (6236fea6b380)
		b'[unknown]' (6236fea6c529)
		b'[unknown]' (6236f7d88dd2)
		b'[unknown]' (6236fee6a91a)
		b'[unknown]' (6236fee67893)
		b'[unknown]' (6236fee6899a)
		b'[unknown]' (6236f8525afc)
		b'[unknown]' (6236fee6d592)
		b'[unknown]' (6236fee6e112)
		b'[unknown]' (6236f8525afc)
		b'[unknown]' (6236fee6d4db)
		b'[unknown]' (7c043a894ac3)

	Not found in mutex_ids. mutex (b'[unknown]') 504dffac51a0 ::: wait time 3.42us ::: hold time 9.63us ::: enter count 1
		b'[unknown]' (6236f9e1401d)
		b'[unknown]' (6236f9e16597)
		b'[unknown]' (6236f9ef8234)
		b'[unknown]' (6236f9e42662)
		b'[unknown]' (6236f9e42e84)
		b'[unknown]' (6236f9e48204)
		b'[unknown]' (6236f9e48853)
		b'[unknown]' (6236f9e44556)
		b'[unknown]' (6236f9e4660e)
		b'[unknown]' (6236f9e48348)
		b'[unknown]' (6236f9e48853)
		b'[unknown]' (6236f9e61631)
		b'[unknown]' (6236f9e61f53)
		b'[unknown]' (6236f9c930bc)
		b'[unknown]' (6236fce6a31e)
		b'[unknown]' (6236fabcedde)
		b'[unknown]' (6236fabcfc72)
		b'[unknown]' (6236fabd1315)
		b'[unknown]' (6236fa62547f)
		b'[unknown]' (6236fa6257e5)
		b'[unknown]' (6236fa625ca5)
		b'[unknown]' (6236fa6273ec)
		b'[unknown]' (6236fa62808a)
		b'[unknown]' (6236fa62c176)
		b'[unknown]' (6236fa3321c9)
		b'[unknown]' (6236fa33dd18)
		b'[unknown]' (6236fa33e46b)
		b'[unknown]' (6236fa33dd70)
		b'[unknown]' (6236fed9754e)
		b'[unknown]' (6236f7ee69ac)
		b'[unknown]' (6236f7ee9125)
		b'[unknown]' (6236f7eec3a0)
		b'[unknown]' (6236f7eed325)
		b'[unknown]' (6236f7eec7be)
		b'[unknown]' (6236f7eec86f)
		b'[unknown]' (6236f7ee8ad5)
		b'[unknown]' (6236f7ee8bc3)
		b'[unknown]' (6236f7ef1105)
		b'[unknown]' (6236f7ee7eb9)
		b'[unknown]' (6236f7ee7f5b)
		b'[unknown]' (6236f7ef3e5e)
		b'[unknown]' (6236f7ef49e5)
		b'[unknown]' (6236f7ef5066)
		b'[unknown]' (6236f7ef5df5)
		b'[unknown]' (6236f7ed7f38)
		b'[unknown]' (6236fea64b8d)
		b'[unknown]' (6236fea65171)
		b'[unknown]' (6236fea651e4)
		b'[unknown]' (6236fea65273)
		b'[unknown]' (6236fea652d7)
		b'[unknown]' (6236fea6581e)
		b'[unknown]' (6236fea65a0e)
		b'[unknown]' (6236fea65aad)
		b'[unknown]' (6236fea65b3b)
		b'[unknown]' (6236fea666ca)
		b'[unknown]' (6236fea6678b)
		b'[unknown]' (6236fea6797d)
		b'[unknown]' (6236f7d88dd2)
		b'[unknown]' (6236fea6b3d9)
		b'[unknown]' (6236fea6c3d5)
		b'[unknown]' (6236fea6b380)
		b'[unknown]' (6236fea6c529)
		b'[unknown]' (6236f7d88dd2)
		b'[unknown]' (6236fee6a91a)
		b'[unknown]' (6236fee67893)
		b'[unknown]' (6236fee6899a)
		b'[unknown]' (6236f8525afc)
		b'[unknown]' (6236fee6d592)
		b'[unknown]' (6236fee6e112)
		b'[unknown]' (6236f8525afc)
		b'[unknown]' (6236fee6d4db)
		b'[unknown]' (7c043a894ac3)

	Not found in mutex_ids. mutex (b'[unknown]') 504dffc39300 ::: wait time 3.42us ::: hold time 8.59us ::: enter count 1
		b'[unknown]' (6236f7d776a7)
		b'[unknown]' (6236f7d77cac)
		b'[unknown]' (6236f7d9daa5)
		b'[unknown]' (6236f7d87c9d)
		b'[unknown]' (6236f8efa707)
		b'[unknown]' (6236f8ef8ec9)
		b'[unknown]' (6236fc0b1710)
		b'[unknown]' (6236fc0b114c)
		b'[unknown]' (6236fc0af2b9)
		b'[unknown]' (6236fc0af049)
		b'[unknown]' (6236fbf92a10)
		b'[unknown]' (6236fbf92a3b)
		b'[unknown]' (6236fbf929ca)
		b'[unknown]' (6236fbf9288d)
		b'[unknown]' (6236f7d9cab7)
		b'[unknown]' (6236f7d862a3)
		b'[unknown]' (6236f89831bc)
		b'[unknown]' (6236fbf8daaa)
		b'[unknown]' (6236fbf8c9cc)
		b'[unknown]' (6236fbf8ad1b)
		b'[unknown]' (6236fbf8b03d)
		b'[unknown]' (6236fbf8082d)
		b'[unknown]' (6236fbf8130d)
		b'[unknown]' (6236fabed75d)
		b'[unknown]' (6236fabcfebc)
		b'[unknown]' (6236fabd1315)
		b'[unknown]' (6236fa62547f)
		b'[unknown]' (6236fa6257e5)
		b'[unknown]' (6236fa625ca5)
		b'[unknown]' (6236fa6273ec)
		b'[unknown]' (6236fa62808a)
		b'[unknown]' (6236fa62c176)
		b'[unknown]' (6236fa3321c9)
		b'[unknown]' (6236fa33dd18)
		b'[unknown]' (6236fa33e46b)
		b'[unknown]' (6236fa33dd70)
		b'[unknown]' (6236fed9754e)
		b'[unknown]' (6236f7ee69ac)
		b'[unknown]' (6236f7ee9125)
		b'[unknown]' (6236f7eec3a0)
		b'[unknown]' (6236f7eed325)
		b'[unknown]' (6236f7eec7be)
		b'[unknown]' (6236f7eec86f)
		b'[unknown]' (6236f7ee8ad5)
		b'[unknown]' (6236f7ee8bc3)
		b'[unknown]' (6236f7ef1105)
		b'[unknown]' (6236f7ee7eb9)
		b'[unknown]' (6236f7ee7f5b)
		b'[unknown]' (6236f7ef3e5e)
		b'[unknown]' (6236f7ef49e5)
		b'[unknown]' (6236f7ef5066)
		b'[unknown]' (6236f7ef5df5)
		b'[unknown]' (6236f7ed7f38)
		b'[unknown]' (6236fea64b8d)
		b'[unknown]' (6236fea65171)
		b'[unknown]' (6236fea651e4)
		b'[unknown]' (6236fea65273)
		b'[unknown]' (6236fea652d7)
		b'[unknown]' (6236fea6581e)
		b'[unknown]' (6236fea65a0e)
		b'[unknown]' (6236fea65aad)
		b'[unknown]' (6236fea65b3b)
		b'[unknown]' (6236fea666ca)
		b'[unknown]' (6236fea6678b)
		b'[unknown]' (6236fea6797d)
		b'[unknown]' (6236f7d88dd2)
		b'[unknown]' (6236fea6b3d9)
		b'[unknown]' (6236fea6c3d5)
		b'[unknown]' (6236fea6b380)
		b'[unknown]' (6236fea6c529)
		b'[unknown]' (6236f7d88dd2)
		b'[unknown]' (6236fee6a91a)
		b'[unknown]' (6236fee67893)
		b'[unknown]' (6236fee6899a)
		b'[unknown]' (6236f8525afc)
		b'[unknown]' (6236fee6d592)
		b'[unknown]' (6236fee6e112)
		b'[unknown]' (6236f8525afc)
		b'[unknown]' (6236fee6d4db)
		b'[unknown]' (7c043a894ac3)

	Not found in mutex_ids. mutex (b'[unknown]') 504dffc3b070 ::: wait time 3.38us ::: hold time 9.50us ::: enter count 1
		b'[unknown]' (115d7c9)
		b'[unknown]' (117311e)
		b'[unknown]' (117c4d9)
		b'[unknown]' (117c987)
		b'[unknown]' (117e624)
		b'[unknown]' (1d4aae5)
		b'[unknown]' (1d4acb3)
		b'[unknown]' (117f772)
		b'[unknown]' (10d5d9d)
		b'[unknown]' (10f34f4)
		b'[unknown]' (10f419c)
		b'[unknown]' (114cf5c)
		b'[unknown]' (d20366)
		b'[unknown]' (d22f1f)
		b'[unknown]' (188ae53)
		b'[unknown]' (189f8cb)
		b'[unknown]' (188bb77)
		b'[unknown]' (bbbb83)
		b'[unknown]' (cf4ee5)
		b'[unknown]' (cf58ad)
		b'[unknown]' (c5f397)
		b'[unknown]' (787b24429d90)

	Not found in mutex_ids. mutex (b'[unknown]') 504df9790428 ::: wait time 3.36us ::: hold time 7.53us ::: enter count 1
		b'[unknown]' (6236f7d776a7)
		b'[unknown]' (6236f7d77cac)
		b'[unknown]' (6236f7d80eca)
		b'[unknown]' (6236feea0bc6)
		b'[unknown]' (6236fee98135)
		b'[unknown]' (6236fee9a10d)
		b'[unknown]' (6236fee97c33)
		b'[unknown]' (6236fee848e8)
		b'[unknown]' (6236fcd47522)
		b'[unknown]' (6236fcd4743e)
		b'[unknown]' (6236fcd47924)
		b'[unknown]' (6236fa6250ce)
		b'[unknown]' (6236fa6257e5)
		b'[unknown]' (6236fa625ca5)
		b'[unknown]' (6236fa6273ec)
		b'[unknown]' (6236fa62808a)
		b'[unknown]' (6236fa62c176)
		b'[unknown]' (6236fa3321c9)
		b'[unknown]' (6236fa33dd18)
		b'[unknown]' (6236fa33e46b)
		b'[unknown]' (6236fa33dd70)
		b'[unknown]' (6236fed9754e)
		b'[unknown]' (6236f7ee69ac)
		b'[unknown]' (6236f7ee9125)
		b'[unknown]' (6236f7eec3a0)
		b'[unknown]' (6236f7eed325)
		b'[unknown]' (6236f7eec7be)
		b'[unknown]' (6236f7eec86f)
		b'[unknown]' (6236f7ee8ad5)
		b'[unknown]' (6236f7ee8bc3)
		b'[unknown]' (6236f7ef1105)
		b'[unknown]' (6236f7ee7eb9)
		b'[unknown]' (6236f7ee7f5b)
		b'[unknown]' (6236f7ef3e5e)
		b'[unknown]' (6236f7ef49e5)
		b'[unknown]' (6236f7ef5066)
		b'[unknown]' (6236f7ef5df5)
		b'[unknown]' (6236f7ed7f38)
		b'[unknown]' (6236fea64b8d)
		b'[unknown]' (6236fea65171)
		b'[unknown]' (6236fea651e4)
		b'[unknown]' (6236fea65273)
		b'[unknown]' (6236fea652d7)
		b'[unknown]' (6236fea6581e)
		b'[unknown]' (6236fea65a0e)
		b'[unknown]' (6236fea65aad)
		b'[unknown]' (6236fea65b3b)
		b'[unknown]' (6236fea666ca)
		b'[unknown]' (6236fea6678b)
		b'[unknown]' (6236fea6797d)
		b'[unknown]' (6236f7d88dd2)
		b'[unknown]' (6236fea6b3d9)
		b'[unknown]' (6236fea6c3d5)
		b'[unknown]' (6236fea6b380)
		b'[unknown]' (6236fea6c529)
		b'[unknown]' (6236f7d88dd2)
		b'[unknown]' (6236fee6a91a)
		b'[unknown]' (6236fee67893)
		b'[unknown]' (6236fee6899a)
		b'[unknown]' (6236f8525afc)
		b'[unknown]' (6236fee6d592)
		b'[unknown]' (6236fee6e112)
		b'[unknown]' (6236f8525afc)
		b'[unknown]' (6236fee6d4db)
		b'[unknown]' (7c043a894ac3)

	Not found in mutex_ids. mutex (b'[unknown]') 504df9790428 ::: wait time 3.34us ::: hold time 7.76us ::: enter count 1
		b'[unknown]' (6236f7d776a7)
		b'[unknown]' (6236f7d77cac)
		b'[unknown]' (6236f7d80eca)
		b'[unknown]' (6236feea0bc6)
		b'[unknown]' (6236fee9948d)
		b'[unknown]' (6236f7eacf5e)
		b'[unknown]' (6236fee9ba34)
		b'[unknown]' (6236fee996a4)
		b'[unknown]' (6236fd13fb00)
		b'[unknown]' (6236fb827246)
		b'[unknown]' (6236fa625128)
		b'[unknown]' (6236fa6257e5)
		b'[unknown]' (6236fa625ca5)
		b'[unknown]' (6236fa6273ec)
		b'[unknown]' (6236fa62808a)
		b'[unknown]' (6236fa62c176)
		b'[unknown]' (6236fa3321c9)
		b'[unknown]' (6236fa33dd18)
		b'[unknown]' (6236fa33e46b)
		b'[unknown]' (6236fa33dd70)
		b'[unknown]' (6236fed9754e)
		b'[unknown]' (6236f7ee69ac)
		b'[unknown]' (6236f7ee9125)
		b'[unknown]' (6236f7eec3a0)
		b'[unknown]' (6236f7eed325)
		b'[unknown]' (6236f7eec7be)
		b'[unknown]' (6236f7eec86f)
		b'[unknown]' (6236f7ee8ad5)
		b'[unknown]' (6236f7ee8bc3)
		b'[unknown]' (6236f7ef1105)
		b'[unknown]' (6236f7ee7eb9)
		b'[unknown]' (6236f7ee7f5b)
		b'[unknown]' (6236f7ef3e5e)
		b'[unknown]' (6236f7ef49e5)
		b'[unknown]' (6236f7ef5066)
		b'[unknown]' (6236f7ef5df5)
		b'[unknown]' (6236f7ed7f38)
		b'[unknown]' (6236fea64b8d)
		b'[unknown]' (6236fea65171)
		b'[unknown]' (6236fea651e4)
		b'[unknown]' (6236fea65273)
		b'[unknown]' (6236fea652d7)
		b'[unknown]' (6236fea6581e)
		b'[unknown]' (6236fea65a0e)
		b'[unknown]' (6236fea65aad)
		b'[unknown]' (6236fea65b3b)
		b'[unknown]' (6236fea666ca)
		b'[unknown]' (6236fea6678b)
		b'[unknown]' (6236fea6797d)
		b'[unknown]' (6236f7d88dd2)
		b'[unknown]' (6236fea6b3d9)
		b'[unknown]' (6236fea6c3d5)
		b'[unknown]' (6236fea6b380)
		b'[unknown]' (6236fea6c529)
		b'[unknown]' (6236f7d88dd2)
		b'[unknown]' (6236fee6a91a)
		b'[unknown]' (6236fee67893)
		b'[unknown]' (6236fee6899a)
		b'[unknown]' (6236f8525afc)
		b'[unknown]' (6236fee6d592)
		b'[unknown]' (6236fee6e112)
		b'[unknown]' (6236f8525afc)
		b'[unknown]' (6236fee6d4db)
		b'[unknown]' (7c043a894ac3)

	Not found in mutex_ids. mutex (b'[unknown]') 504dff61aaa8 ::: wait time 3.33us ::: hold time 51.75us ::: enter count 1
		b'[unknown]' (6236f9dbad00)
		b'[unknown]' (6236f9dbfc55)
		b'[unknown]' (6236f9d66871)
		b'[unknown]' (6236f9e8a6ec)
		b'[unknown]' (6236f9e431e4)
		b'[unknown]' (6236f9e48204)
		b'[unknown]' (6236f9e48853)
		b'[unknown]' (6236f9e44556)
		b'[unknown]' (6236f9e4660e)
		b'[unknown]' (6236f9e48348)
		b'[unknown]' (6236f9e48853)
		b'[unknown]' (6236f9e61631)
		b'[unknown]' (6236f9e61f53)
		b'[unknown]' (6236f9c66490)
		b'[unknown]' (6236f9c94e55)
		b'[unknown]' (6236fce6a92b)
		b'[unknown]' (6236fab86073)
		b'[unknown]' (6236fbf8113e)
		b'[unknown]' (6236fabed75d)
		b'[unknown]' (6236fabcfebc)
		b'[unknown]' (6236fabd1315)
		b'[unknown]' (6236fa62547f)
		b'[unknown]' (6236fa6257e5)
		b'[unknown]' (6236fa625ca5)
		b'[unknown]' (6236fa6273ec)
		b'[unknown]' (6236fa62808a)
		b'[unknown]' (6236fa62c176)
		b'[unknown]' (6236fa3321c9)
		b'[unknown]' (6236fa33dd18)
		b'[unknown]' (6236fa33e46b)
		b'[unknown]' (6236fa33dd70)
		b'[unknown]' (6236fed9754e)
		b'[unknown]' (6236f7ee69ac)
		b'[unknown]' (6236f7ee9125)
		b'[unknown]' (6236f7eec3a0)
		b'[unknown]' (6236f7eed325)
		b'[unknown]' (6236f7eec7be)
		b'[unknown]' (6236f7eec86f)
		b'[unknown]' (6236f7ee8ad5)
		b'[unknown]' (6236f7ee8bc3)
		b'[unknown]' (6236f7ef1105)
		b'[unknown]' (6236f7ee7eb9)
		b'[unknown]' (6236f7ee7f5b)
		b'[unknown]' (6236f7ef3e5e)
		b'[unknown]' (6236f7ef49e5)
		b'[unknown]' (6236f7ef5066)
		b'[unknown]' (6236f7ef5df5)
		b'[unknown]' (6236f7ed7f38)
		b'[unknown]' (6236fea64b8d)
		b'[unknown]' (6236fea65171)
		b'[unknown]' (6236fea651e4)
		b'[unknown]' (6236fea65273)
		b'[unknown]' (6236fea652d7)
		b'[unknown]' (6236fea6581e)
		b'[unknown]' (6236fea65a0e)
		b'[unknown]' (6236fea65aad)
		b'[unknown]' (6236fea65b3b)
		b'[unknown]' (6236fea666ca)
		b'[unknown]' (6236fea6678b)
		b'[unknown]' (6236fea6797d)
		b'[unknown]' (6236f7d88dd2)
		b'[unknown]' (6236fea6b3d9)
		b'[unknown]' (6236fea6c3d5)
		b'[unknown]' (6236fea6b380)
		b'[unknown]' (6236fea6c529)
		b'[unknown]' (6236f7d88dd2)
		b'[unknown]' (6236fee6a91a)
		b'[unknown]' (6236fee67893)
		b'[unknown]' (6236fee6899a)
		b'[unknown]' (6236f8525afc)
		b'[unknown]' (6236fee6d592)
		b'[unknown]' (6236fee6e112)
		b'[unknown]' (6236f8525afc)
		b'[unknown]' (6236fee6d4db)
		b'[unknown]' (7c043a894ac3)

	Not found in mutex_ids. mutex (b'[unknown]') 504dff61a970 ::: wait time 3.29us ::: hold time 8.62us ::: enter count 1
		b'[unknown]' (6236f9dbad00)
		b'[unknown]' (6236f9dbfb04)
		b'[unknown]' (6236f9f58c82)
		b'[unknown]' (6236f9d669ed)
		b'[unknown]' (6236f9e8a6ec)
		b'[unknown]' (6236f9e431e4)
		b'[unknown]' (6236f9e48204)
		b'[unknown]' (6236f9e48853)
		b'[unknown]' (6236f9e44556)
		b'[unknown]' (6236f9e4660e)
		b'[unknown]' (6236f9e48348)
		b'[unknown]' (6236f9e48853)
		b'[unknown]' (6236f9e61631)
		b'[unknown]' (6236f9e61f53)
		b'[unknown]' (6236f9c66490)
		b'[unknown]' (6236f9c94e55)
		b'[unknown]' (6236fce6a92b)
		b'[unknown]' (6236fab86073)
		b'[unknown]' (6236fbf8113e)
		b'[unknown]' (6236fabed75d)
		b'[unknown]' (6236fabcfebc)
		b'[unknown]' (6236fabd1315)
		b'[unknown]' (6236fa62547f)
		b'[unknown]' (6236fa6257e5)
		b'[unknown]' (6236fa625ca5)
		b'[unknown]' (6236fa6273ec)
		b'[unknown]' (6236fa62808a)
		b'[unknown]' (6236fa62c176)
		b'[unknown]' (6236fa3321c9)
		b'[unknown]' (6236fa33dd18)
		b'[unknown]' (6236fa33e46b)
		b'[unknown]' (6236fa33dd70)
		b'[unknown]' (6236fed9754e)
		b'[unknown]' (6236f7ee69ac)
		b'[unknown]' (6236f7ee9125)
		b'[unknown]' (6236f7eec3a0)
		b'[unknown]' (6236f7eed325)
		b'[unknown]' (6236f7eec7be)
		b'[unknown]' (6236f7eec86f)
		b'[unknown]' (6236f7ee8ad5)
		b'[unknown]' (6236f7ee8bc3)
		b'[unknown]' (6236f7ef1105)
		b'[unknown]' (6236f7ee7eb9)
		b'[unknown]' (6236f7ee7f5b)
		b'[unknown]' (6236f7ef3e5e)
		b'[unknown]' (6236f7ef49e5)
		b'[unknown]' (6236f7ef5066)
		b'[unknown]' (6236f7ef5df5)
		b'[unknown]' (6236f7ed7f38)
		b'[unknown]' (6236fea64b8d)
		b'[unknown]' (6236fea65171)
		b'[unknown]' (6236fea651e4)
		b'[unknown]' (6236fea65273)
		b'[unknown]' (6236fea652d7)
		b'[unknown]' (6236fea6581e)
		b'[unknown]' (6236fea65a0e)
		b'[unknown]' (6236fea65aad)
		b'[unknown]' (6236fea65b3b)
		b'[unknown]' (6236fea666ca)
		b'[unknown]' (6236fea6678b)
		b'[unknown]' (6236fea6797d)
		b'[unknown]' (6236f7d88dd2)
		b'[unknown]' (6236fea6b3d9)
		b'[unknown]' (6236fea6c3d5)
		b'[unknown]' (6236fea6b380)
		b'[unknown]' (6236fea6c529)
		b'[unknown]' (6236f7d88dd2)
		b'[unknown]' (6236fee6a91a)
		b'[unknown]' (6236fee67893)
		b'[unknown]' (6236fee6899a)
		b'[unknown]' (6236f8525afc)
		b'[unknown]' (6236fee6d592)
		b'[unknown]' (6236fee6e112)
		b'[unknown]' (6236f8525afc)
		b'[unknown]' (6236fee6d4db)
		b'[unknown]' (7c043a894ac3)

	Not found in mutex_ids. mutex (b'[unknown]') 504dffb102b8 ::: wait time 3.27us ::: hold time 62.12us ::: enter count 1
		b'[unknown]' (77d93272231f)
		b'[unknown]' (7200)

	Not found in mutex_ids. mutex (b'[unknown]') 504dffaad2b0 ::: wait time 3.26us ::: hold time 10.49us ::: enter count 1
		b'[unknown]' (6236f7d776a7)
		b'[unknown]' (6236f7d77cac)
		b'[unknown]' (6236f7d87796)
		b'[unknown]' (6236f9d12311)
		b'[unknown]' (6236f9d12573)
		b'[unknown]' (6236f9c58dd4)
		b'[unknown]' (6236f9d29d43)
		b'[unknown]' (6236f9c69c7d)
		b'[unknown]' (6236f9c666bd)
		b'[unknown]' (6236f9c6c8fb)
		b'[unknown]' (6236f9ca6b5f)
		b'[unknown]' (6236f9c955a7)
		b'[unknown]' (6236fd020db6)
		b'[unknown]' (6236fd020fc9)
		b'[unknown]' (6236fabeceba)
		b'[unknown]' (6236fbf8126a)
		b'[unknown]' (6236fabed75d)
		b'[unknown]' (6236fabcfebc)
		b'[unknown]' (6236fabd1315)
		b'[unknown]' (6236fa62547f)
		b'[unknown]' (6236fa6257e5)
		b'[unknown]' (6236fa625ca5)
		b'[unknown]' (6236fa6273ec)
		b'[unknown]' (6236fa62808a)
		b'[unknown]' (6236fa62c176)
		b'[unknown]' (6236fa3321c9)
		b'[unknown]' (6236fa33dd18)
		b'[unknown]' (6236fa33e46b)
		b'[unknown]' (6236fa33dd70)
		b'[unknown]' (6236fed9754e)
		b'[unknown]' (6236f7ee69ac)
		b'[unknown]' (6236f7ee9125)
		b'[unknown]' (6236f7eec3a0)
		b'[unknown]' (6236f7eed325)
		b'[unknown]' (6236f7eec7be)
		b'[unknown]' (6236f7eec86f)
		b'[unknown]' (6236f7ee8ad5)
		b'[unknown]' (6236f7ee8bc3)
		b'[unknown]' (6236f7ef1105)
		b'[unknown]' (6236f7ee7eb9)
		b'[unknown]' (6236f7ee7f5b)
		b'[unknown]' (6236f7ef3e5e)
		b'[unknown]' (6236f7ef49e5)
		b'[unknown]' (6236f7ef5066)
		b'[unknown]' (6236f7ef5df5)
		b'[unknown]' (6236f7ed7f38)
		b'[unknown]' (6236fea64b8d)
		b'[unknown]' (6236fea65171)
		b'[unknown]' (6236fea651e4)
		b'[unknown]' (6236fea65273)
		b'[unknown]' (6236fea652d7)
		b'[unknown]' (6236fea6581e)
		b'[unknown]' (6236fea65a0e)
		b'[unknown]' (6236fea65aad)
		b'[unknown]' (6236fea65b3b)
		b'[unknown]' (6236fea666ca)
		b'[unknown]' (6236fea6678b)
		b'[unknown]' (6236fea6797d)
		b'[unknown]' (6236f7d88dd2)
		b'[unknown]' (6236fea6b3d9)
		b'[unknown]' (6236fea6c3d5)
		b'[unknown]' (6236fea6b380)
		b'[unknown]' (6236fea6c529)
		b'[unknown]' (6236f7d88dd2)
		b'[unknown]' (6236fee6a91a)
		b'[unknown]' (6236fee67893)
		b'[unknown]' (6236fee6899a)
		b'[unknown]' (6236f8525afc)
		b'[unknown]' (6236fee6d592)
		b'[unknown]' (6236fee6e112)
		b'[unknown]' (6236f8525afc)
		b'[unknown]' (6236fee6d4db)
		b'[unknown]' (7c043a894ac3)

	Not found in mutex_ids. mutex (b'[unknown]') 504df9790428 ::: wait time 3.24us ::: hold time 8.25us ::: enter count 1
		b'[unknown]' (6236f7d776a7)
		b'[unknown]' (6236f7d77cac)
		b'[unknown]' (6236f7d80eca)
		b'[unknown]' (6236feea0bc6)
		b'[unknown]' (6236fee9b7d2)
		b'[unknown]' (6236fee97f34)
		b'[unknown]' (6236fee84cbf)
		b'[unknown]' (6236fa625519)
		b'[unknown]' (6236fa6257e5)
		b'[unknown]' (6236fa625ca5)
		b'[unknown]' (6236fa6273ec)
		b'[unknown]' (6236fa62808a)
		b'[unknown]' (6236fa62c176)
		b'[unknown]' (6236fa3321c9)
		b'[unknown]' (6236fa33dd18)
		b'[unknown]' (6236fa33e46b)
		b'[unknown]' (6236fa33dd70)
		b'[unknown]' (6236fed9754e)
		b'[unknown]' (6236f7ee69ac)
		b'[unknown]' (6236f7ee9125)
		b'[unknown]' (6236f7eec3a0)
		b'[unknown]' (6236f7eed325)
		b'[unknown]' (6236f7eec7be)
		b'[unknown]' (6236f7eec86f)
		b'[unknown]' (6236f7ee8ad5)
		b'[unknown]' (6236f7ee8bc3)
		b'[unknown]' (6236f7ef1105)
		b'[unknown]' (6236f7ee7eb9)
		b'[unknown]' (6236f7ee7f5b)
		b'[unknown]' (6236f7ef3e5e)
		b'[unknown]' (6236f7ef49e5)
		b'[unknown]' (6236f7ef5066)
		b'[unknown]' (6236f7ef5df5)
		b'[unknown]' (6236f7ed7f38)
		b'[unknown]' (6236fea64b8d)
		b'[unknown]' (6236fea65171)
		b'[unknown]' (6236fea651e4)
		b'[unknown]' (6236fea65273)
		b'[unknown]' (6236fea652d7)
		b'[unknown]' (6236fea6581e)
		b'[unknown]' (6236fea65a0e)
		b'[unknown]' (6236fea65aad)
		b'[unknown]' (6236fea65b3b)
		b'[unknown]' (6236fea666ca)
		b'[unknown]' (6236fea6678b)
		b'[unknown]' (6236fea6797d)
		b'[unknown]' (6236f7d88dd2)
		b'[unknown]' (6236fea6b3d9)
		b'[unknown]' (6236fea6c3d5)
		b'[unknown]' (6236fea6b380)
		b'[unknown]' (6236fea6c529)
		b'[unknown]' (6236f7d88dd2)
		b'[unknown]' (6236fee6a91a)
		b'[unknown]' (6236fee67893)
		b'[unknown]' (6236fee6899a)
		b'[unknown]' (6236f8525afc)
		b'[unknown]' (6236fee6d592)
		b'[unknown]' (6236fee6e112)
		b'[unknown]' (6236f8525afc)
		b'[unknown]' (6236fee6d4db)
		b'[unknown]' (7c043a894ac3)

	Found in mutex_ids. mutex (#14) 504df8bf6080 ::: wait time 3.24us ::: hold time 9.66us ::: enter count 1
		b'[unknown]' (6236fa0d0fdc)
		b'[unknown]' (6236fa0d1541)
		b'[unknown]' (6236fa0e7105)
		b'[unknown]' (6236f9f58b11)
		b'[unknown]' (6236f9d669ed)
		b'[unknown]' (6236f9e8a6ec)
		b'[unknown]' (6236f9e431e4)
		b'[unknown]' (6236f9e48204)
		b'[unknown]' (6236f9e48853)
		b'[unknown]' (6236f9e44556)
		b'[unknown]' (6236f9e4660e)
		b'[unknown]' (6236f9e48348)
		b'[unknown]' (6236f9e48853)
		b'[unknown]' (6236f9e61631)
		b'[unknown]' (6236f9e61f53)
		b'[unknown]' (6236f9c930bc)
		b'[unknown]' (6236fce6a31e)
		b'[unknown]' (6236fabcedde)
		b'[unknown]' (6236fabcfc72)
		b'[unknown]' (6236fabd1315)
		b'[unknown]' (6236fa62547f)
		b'[unknown]' (6236fa6257e5)
		b'[unknown]' (6236fa625ca5)
		b'[unknown]' (6236fa6273ec)
		b'[unknown]' (6236fa62808a)
		b'[unknown]' (6236fa62c176)
		b'[unknown]' (6236fa3321c9)
		b'[unknown]' (6236fa33dd18)
		b'[unknown]' (6236fa33e46b)
		b'[unknown]' (6236fa33dd70)
		b'[unknown]' (6236fed9754e)
		b'[unknown]' (6236f7ee69ac)
		b'[unknown]' (6236f7ee9125)
		b'[unknown]' (6236f7eec3a0)
		b'[unknown]' (6236f7eed325)
		b'[unknown]' (6236f7eec7be)
		b'[unknown]' (6236f7eec86f)
		b'[unknown]' (6236f7ee8ad5)
		b'[unknown]' (6236f7ee8bc3)
		b'[unknown]' (6236f7ef1105)
		b'[unknown]' (6236f7ee7eb9)
		b'[unknown]' (6236f7ee7f5b)
		b'[unknown]' (6236f7ef3e5e)
		b'[unknown]' (6236f7ef49e5)
		b'[unknown]' (6236f7ef5066)
		b'[unknown]' (6236f7ef5df5)
		b'[unknown]' (6236f7ed7f38)
		b'[unknown]' (6236fea64b8d)
		b'[unknown]' (6236fea65171)
		b'[unknown]' (6236fea651e4)
		b'[unknown]' (6236fea65273)
		b'[unknown]' (6236fea652d7)
		b'[unknown]' (6236fea6581e)
		b'[unknown]' (6236fea65a0e)
		b'[unknown]' (6236fea65aad)
		b'[unknown]' (6236fea65b3b)
		b'[unknown]' (6236fea666ca)
		b'[unknown]' (6236fea6678b)
		b'[unknown]' (6236fea6797d)
		b'[unknown]' (6236f7d88dd2)
		b'[unknown]' (6236fea6b3d9)
		b'[unknown]' (6236fea6c3d5)
		b'[unknown]' (6236fea6b380)
		b'[unknown]' (6236fea6c529)
		b'[unknown]' (6236f7d88dd2)
		b'[unknown]' (6236fee6a91a)
		b'[unknown]' (6236fee67893)
		b'[unknown]' (6236fee6899a)
		b'[unknown]' (6236f8525afc)
		b'[unknown]' (6236fee6d592)
		b'[unknown]' (6236fee6e112)
		b'[unknown]' (6236f8525afc)
		b'[unknown]' (6236fee6d4db)
		b'[unknown]' (7c043a894ac3)

	Not found in mutex_ids. mutex (b'[unknown]') 504dffc39200 ::: wait time 3.18us ::: hold time 8.55us ::: enter count 1
		b'[unknown]' (6236f7d776a7)
		b'[unknown]' (6236f7d77cac)
		b'[unknown]' (6236f7d9daa5)
		b'[unknown]' (6236f7d87c9d)
		b'[unknown]' (6236f8efa707)
		b'[unknown]' (6236f8ef8ec9)
		b'[unknown]' (6236fc0b1710)
		b'[unknown]' (6236fc0b114c)
		b'[unknown]' (6236fc0af2b9)
		b'[unknown]' (6236fc0af049)
		b'[unknown]' (6236fbf92a10)
		b'[unknown]' (6236fbf92a3b)
		b'[unknown]' (6236fbf929ca)
		b'[unknown]' (6236fbf9288d)
		b'[unknown]' (6236f7d9cab7)
		b'[unknown]' (6236f7d862a3)
		b'[unknown]' (6236f89831bc)
		b'[unknown]' (6236fbf8daaa)
		b'[unknown]' (6236fbf8c9cc)
		b'[unknown]' (6236fbf8ad1b)
		b'[unknown]' (6236fbf8b03d)
		b'[unknown]' (6236fbf8082d)
		b'[unknown]' (6236fbf8130d)
		b'[unknown]' (6236fabed75d)
		b'[unknown]' (6236fabcfebc)
		b'[unknown]' (6236fabd1315)
		b'[unknown]' (6236fa62547f)
		b'[unknown]' (6236fa6257e5)
		b'[unknown]' (6236fa625ca5)
		b'[unknown]' (6236fa6273ec)
		b'[unknown]' (6236fa62808a)
		b'[unknown]' (6236fa62c176)
		b'[unknown]' (6236fa3321c9)
		b'[unknown]' (6236fa33dd18)
		b'[unknown]' (6236fa33e46b)
		b'[unknown]' (6236fa33dd70)
		b'[unknown]' (6236fed9754e)
		b'[unknown]' (6236f7ee69ac)
		b'[unknown]' (6236f7ee9125)
		b'[unknown]' (6236f7eec3a0)
		b'[unknown]' (6236f7eed325)
		b'[unknown]' (6236f7eec7be)
		b'[unknown]' (6236f7eec86f)
		b'[unknown]' (6236f7ee8ad5)
		b'[unknown]' (6236f7ee8bc3)
		b'[unknown]' (6236f7ef1105)
		b'[unknown]' (6236f7ee7eb9)
		b'[unknown]' (6236f7ee7f5b)
		b'[unknown]' (6236f7ef3e5e)
		b'[unknown]' (6236f7ef49e5)
		b'[unknown]' (6236f7ef5066)
		b'[unknown]' (6236f7ef5df5)
		b'[unknown]' (6236f7ed7f38)
		b'[unknown]' (6236fea64b8d)
		b'[unknown]' (6236fea65171)
		b'[unknown]' (6236fea651e4)
		b'[unknown]' (6236fea65273)
		b'[unknown]' (6236fea652d7)
		b'[unknown]' (6236fea6581e)
		b'[unknown]' (6236fea65a0e)
		b'[unknown]' (6236fea65aad)
		b'[unknown]' (6236fea65b3b)
		b'[unknown]' (6236fea666ca)
		b'[unknown]' (6236fea6678b)
		b'[unknown]' (6236fea6797d)
		b'[unknown]' (6236f7d88dd2)
		b'[unknown]' (6236fea6b3d9)
		b'[unknown]' (6236fea6c3d5)
		b'[unknown]' (6236fea6b380)
		b'[unknown]' (6236fea6c529)
		b'[unknown]' (6236f7d88dd2)
		b'[unknown]' (6236fee6a91a)
		b'[unknown]' (6236fee67893)
		b'[unknown]' (6236fee6899a)
		b'[unknown]' (6236f8525afc)
		b'[unknown]' (6236fee6d592)
		b'[unknown]' (6236fee6e112)
		b'[unknown]' (6236f8525afc)
		b'[unknown]' (6236fee6d4db)
		b'[unknown]' (7c043a894ac3)

	Not found in mutex_ids. mutex (b'[unknown]') 504df9790428 ::: wait time 3.18us ::: hold time 9.23us ::: enter count 1
		b'[unknown]' (6236f7d776a7)
		b'[unknown]' (6236f7d77cac)
		b'[unknown]' (6236f7d80eca)
		b'[unknown]' (6236feea0bc6)
		b'[unknown]' (6236fee9a247)
		b'[unknown]' (6236fee97c33)
		b'[unknown]' (6236fee83d1b)
		b'[unknown]' (6236fee83aa6)
		b'[unknown]' (6236fee860ca)
		b'[unknown]' (6236fee85c86)
		b'[unknown]' (6236fee85a16)
		b'[unknown]' (6236fee84742)
		b'[unknown]' (6236fcd47522)
		b'[unknown]' (6236fcd4743e)
		b'[unknown]' (6236fcd47924)
		b'[unknown]' (6236fa6250ce)
		b'[unknown]' (6236fa6257e5)
		b'[unknown]' (6236fa625ca5)
		b'[unknown]' (6236fa6273ec)
		b'[unknown]' (6236fa62808a)
		b'[unknown]' (6236fa62c176)
		b'[unknown]' (6236fa3321c9)
		b'[unknown]' (6236fa33dd18)
		b'[unknown]' (6236fa33e46b)
		b'[unknown]' (6236fa33dd70)
		b'[unknown]' (6236fed9754e)
		b'[unknown]' (6236f7ee69ac)
		b'[unknown]' (6236f7ee9125)
		b'[unknown]' (6236f7eec3a0)
		b'[unknown]' (6236f7eed325)
		b'[unknown]' (6236f7eec7be)
		b'[unknown]' (6236f7eec86f)
		b'[unknown]' (6236f7ee8ad5)
		b'[unknown]' (6236f7ee8bc3)
		b'[unknown]' (6236f7ef1105)
		b'[unknown]' (6236f7ee7eb9)
		b'[unknown]' (6236f7ee7f5b)
		b'[unknown]' (6236f7ef3e5e)
		b'[unknown]' (6236f7ef49e5)
		b'[unknown]' (6236f7ef5066)
		b'[unknown]' (6236f7ef5df5)
		b'[unknown]' (6236f7ed7f38)
		b'[unknown]' (6236fea64b8d)
		b'[unknown]' (6236fea65171)
		b'[unknown]' (6236fea651e4)
		b'[unknown]' (6236fea65273)
		b'[unknown]' (6236fea652d7)
		b'[unknown]' (6236fea6581e)
		b'[unknown]' (6236fea65a0e)
		b'[unknown]' (6236fea65aad)
		b'[unknown]' (6236fea65b3b)
		b'[unknown]' (6236fea666ca)
		b'[unknown]' (6236fea6678b)
		b'[unknown]' (6236fea6797d)
		b'[unknown]' (6236f7d88dd2)
		b'[unknown]' (6236fea6b3d9)
		b'[unknown]' (6236fea6c3d5)
		b'[unknown]' (6236fea6b380)
		b'[unknown]' (6236fea6c529)
		b'[unknown]' (6236f7d88dd2)
		b'[unknown]' (6236fee6a91a)
		b'[unknown]' (6236fee67893)
		b'[unknown]' (6236fee6899a)
		b'[unknown]' (6236f8525afc)
		b'[unknown]' (6236fee6d592)
		b'[unknown]' (6236fee6e112)
		b'[unknown]' (6236f8525afc)
		b'[unknown]' (6236fee6d4db)
		b'[unknown]' (7c043a894ac3)

	Not found in mutex_ids. mutex (b'[unknown]') 504dffc3b070 ::: wait time 3.18us ::: hold time 8.94us ::: enter count 1
		b'[unknown]' (6236f9ad3c3a)
		b'[unknown]' (6236f9ad6190)
		b'[unknown]' (6236fee87b95)
		b'[unknown]' (6236fee9b71f)
		b'[unknown]' (6236fee97f34)
		b'[unknown]' (6236fee84a84)
		b'[unknown]' (6236f7dd36a6)
		b'[unknown]' (6236fcd8a808)
		b'[unknown]' (6236fcd8a37b)
		b'[unknown]' (6236f7d9cab7)
		b'[unknown]' (6236f7d862a3)
		b'[unknown]' (6236fcd735cc)
		b'[unknown]' (6236fcd735ec)
		b'[unknown]' (6236fcd73972)
		b'[unknown]' (6236fcd84c9e)
		b'[unknown]' (6236fcd83414)
		b'[unknown]' (6236fcd8163b)
		b'[unknown]' (6236fcd7f951)
		b'[unknown]' (6236fcd7cc48)
		b'[unknown]' (6236fcd78cdd)
		b'[unknown]' (6236fcd6d02c)
		b'[unknown]' (6236fcd65d21)
		b'[unknown]' (6236f8676266)
		b'[unknown]' (6236f8675bab)
		b'[unknown]' (6236f8ad4d6a)
		b'[unknown]' (6236fa6273c8)
		b'[unknown]' (6236fa62808a)
		b'[unknown]' (6236fa62c176)
		b'[unknown]' (6236fa3321c9)
		b'[unknown]' (6236fa33dd18)
		b'[unknown]' (6236fa33e46b)
		b'[unknown]' (6236fa33dd70)
		b'[unknown]' (6236fed9754e)
		b'[unknown]' (6236f7ee69ac)
		b'[unknown]' (6236f7ee9125)
		b'[unknown]' (6236f7eec3a0)
		b'[unknown]' (6236f7eed325)
		b'[unknown]' (6236f7eec7be)
		b'[unknown]' (6236f7eec86f)
		b'[unknown]' (6236f7ee8ad5)
		b'[unknown]' (6236f7ee8bc3)
		b'[unknown]' (6236f7ef1105)
		b'[unknown]' (6236f7ee7eb9)
		b'[unknown]' (6236f7ee7f5b)
		b'[unknown]' (6236f7ef3e5e)
		b'[unknown]' (6236f7ef49e5)
		b'[unknown]' (6236f7ef5066)
		b'[unknown]' (6236f7ef5df5)
		b'[unknown]' (6236f7ed7f38)
		b'[unknown]' (6236fea64b8d)
		b'[unknown]' (6236fea65171)
		b'[unknown]' (6236fea651e4)
		b'[unknown]' (6236fea65273)
		b'[unknown]' (6236fea652d7)
		b'[unknown]' (6236fea6581e)
		b'[unknown]' (6236fea65a0e)
		b'[unknown]' (6236fea65aad)
		b'[unknown]' (6236fea65b3b)
		b'[unknown]' (6236fea666ca)
		b'[unknown]' (6236fea6678b)
		b'[unknown]' (6236fea6797d)
		b'[unknown]' (6236f7d88dd2)
		b'[unknown]' (6236fea6b3d9)
		b'[unknown]' (6236fea6c3d5)
		b'[unknown]' (6236fea6b380)
		b'[unknown]' (6236fea6c529)
		b'[unknown]' (6236f7d88dd2)
		b'[unknown]' (6236fee6a91a)
		b'[unknown]' (6236fee67893)
		b'[unknown]' (6236fee6899a)
		b'[unknown]' (6236f8525afc)
		b'[unknown]' (6236fee6d592)
		b'[unknown]' (6236fee6e112)
		b'[unknown]' (6236f8525afc)
		b'[unknown]' (6236fee6d4db)
		b'[unknown]' (7c043a894ac3)

	Not found in mutex_ids. mutex (b'[unknown]') 504dffc25948 ::: wait time 3.18us ::: hold time 9.38us ::: enter count 1
		b'[unknown]' (6236f7d776a7)
		b'[unknown]' (6236f7d77cac)
		b'[unknown]' (6236f7d87796)
		b'[unknown]' (6236f9c9ca76)
		b'[unknown]' (6236f9d123fb)
		b'[unknown]' (6236f9d12573)
		b'[unknown]' (6236f9c58dd4)
		b'[unknown]' (6236f9d29d43)
		b'[unknown]' (6236f9c69c7d)
		b'[unknown]' (6236f9c666bd)
		b'[unknown]' (6236f9c6c8fb)
		b'[unknown]' (6236f9ca6b5f)
		b'[unknown]' (6236f9c955a7)
		b'[unknown]' (6236fd020db6)
		b'[unknown]' (6236fd020fc9)
		b'[unknown]' (6236fabeceba)
		b'[unknown]' (6236fbf8126a)
		b'[unknown]' (6236fabed75d)
		b'[unknown]' (6236fabcfebc)
		b'[unknown]' (6236fabd1315)
		b'[unknown]' (6236fa62547f)
		b'[unknown]' (6236fa6257e5)
		b'[unknown]' (6236fa625ca5)
		b'[unknown]' (6236fa6273ec)
		b'[unknown]' (6236fa62808a)
		b'[unknown]' (6236fa62c176)
		b'[unknown]' (6236fa3321c9)
		b'[unknown]' (6236fa33dd18)
		b'[unknown]' (6236fa33e46b)
		b'[unknown]' (6236fa33dd70)
		b'[unknown]' (6236fed9754e)
		b'[unknown]' (6236f7ee69ac)
		b'[unknown]' (6236f7ee9125)
		b'[unknown]' (6236f7eec3a0)
		b'[unknown]' (6236f7eed325)
		b'[unknown]' (6236f7eec7be)
		b'[unknown]' (6236f7eec86f)
		b'[unknown]' (6236f7ee8ad5)
		b'[unknown]' (6236f7ee8bc3)
		b'[unknown]' (6236f7ef1105)
		b'[unknown]' (6236f7ee7eb9)
		b'[unknown]' (6236f7ee7f5b)
		b'[unknown]' (6236f7ef3e5e)
		b'[unknown]' (6236f7ef49e5)
		b'[unknown]' (6236f7ef5066)
		b'[unknown]' (6236f7ef5df5)
		b'[unknown]' (6236f7ed7f38)
		b'[unknown]' (6236fea64b8d)
		b'[unknown]' (6236fea65171)
		b'[unknown]' (6236fea651e4)
		b'[unknown]' (6236fea65273)
		b'[unknown]' (6236fea652d7)
		b'[unknown]' (6236fea6581e)
		b'[unknown]' (6236fea65a0e)
		b'[unknown]' (6236fea65aad)
		b'[unknown]' (6236fea65b3b)
		b'[unknown]' (6236fea666ca)
		b'[unknown]' (6236fea6678b)
		b'[unknown]' (6236fea6797d)
		b'[unknown]' (6236f7d88dd2)
		b'[unknown]' (6236fea6b3d9)
		b'[unknown]' (6236fea6c3d5)
		b'[unknown]' (6236fea6b380)
		b'[unknown]' (6236fea6c529)
		b'[unknown]' (6236f7d88dd2)
		b'[unknown]' (6236fee6a91a)
		b'[unknown]' (6236fee67893)
		b'[unknown]' (6236fee6899a)
		b'[unknown]' (6236f8525afc)
		b'[unknown]' (6236fee6d592)
		b'[unknown]' (6236fee6e112)
		b'[unknown]' (6236f8525afc)
		b'[unknown]' (6236fee6d4db)
		b'[unknown]' (7c043a894ac3)

	Not found in mutex_ids. mutex (b'[unknown]') 504dffb10308 ::: wait time 3.17us ::: hold time 11.95us ::: enter count 1
		b'[unknown]' (6236f7d776a7)
		b'[unknown]' (6236f7d77cac)
		b'[unknown]' (6236f7d87796)
		b'[unknown]' (6236fd14611f)
		b'[unknown]' (6236fd146c46)
		b'[unknown]' (6236fd146e4d)
		b'[unknown]' (6236fabc9e97)
		b'[unknown]' (6236fabcf9a5)
		b'[unknown]' (6236fabd1315)
		b'[unknown]' (6236fa62547f)
		b'[unknown]' (6236fa6257e5)
		b'[unknown]' (6236fa625ca5)
		b'[unknown]' (6236fa6273ec)
		b'[unknown]' (6236fa62808a)
		b'[unknown]' (6236fa62c176)
		b'[unknown]' (6236fa3321c9)
		b'[unknown]' (6236fa33dd18)
		b'[unknown]' (6236fa33e46b)
		b'[unknown]' (6236fa33dd70)
		b'[unknown]' (6236fed9754e)
		b'[unknown]' (6236f7ee69ac)
		b'[unknown]' (6236f7ee9125)
		b'[unknown]' (6236f7eec3a0)
		b'[unknown]' (6236f7eed325)
		b'[unknown]' (6236f7eec7be)
		b'[unknown]' (6236f7eec86f)
		b'[unknown]' (6236f7ee8ad5)
		b'[unknown]' (6236f7ee8bc3)
		b'[unknown]' (6236f7ef1105)
		b'[unknown]' (6236f7ee7eb9)
		b'[unknown]' (6236f7ee7f5b)
		b'[unknown]' (6236f7ef3e5e)
		b'[unknown]' (6236f7ef49e5)
		b'[unknown]' (6236f7ef5066)
		b'[unknown]' (6236f7ef5df5)
		b'[unknown]' (6236f7ed7f38)
		b'[unknown]' (6236fea64b8d)
		b'[unknown]' (6236fea65171)
		b'[unknown]' (6236fea651e4)
		b'[unknown]' (6236fea65273)
		b'[unknown]' (6236fea652d7)
		b'[unknown]' (6236fea6581e)
		b'[unknown]' (6236fea65a0e)
		b'[unknown]' (6236fea65aad)
		b'[unknown]' (6236fea65b3b)
		b'[unknown]' (6236fea666ca)
		b'[unknown]' (6236fea6678b)
		b'[unknown]' (6236fea6797d)
		b'[unknown]' (6236f7d88dd2)
		b'[unknown]' (6236fea6b3d9)
		b'[unknown]' (6236fea6c3d5)
		b'[unknown]' (6236fea6b380)
		b'[unknown]' (6236fea6c529)
		b'[unknown]' (6236f7d88dd2)
		b'[unknown]' (6236fee6a91a)
		b'[unknown]' (6236fee67893)
		b'[unknown]' (6236fee6899a)
		b'[unknown]' (6236f8525afc)
		b'[unknown]' (6236fee6d592)
		b'[unknown]' (6236fee6e112)
		b'[unknown]' (6236f8525afc)
		b'[unknown]' (6236fee6d4db)
		b'[unknown]' (7c043a894ac3)

	Not found in mutex_ids. mutex (b'[unknown]') 504df9790428 ::: wait time 3.17us ::: hold time 8.44us ::: enter count 1
		b'[unknown]' (6236f7d776a7)
		b'[unknown]' (6236f7d77cac)
		b'[unknown]' (6236f7d80eca)
		b'[unknown]' (6236feea0bc6)
		b'[unknown]' (6236fee9a247)
		b'[unknown]' (6236fee97c33)
		b'[unknown]' (6236fee836b1)
		b'[unknown]' (6236f86e50d5)
		b'[unknown]' (6236fd146c79)
		b'[unknown]' (6236fd146e4d)
		b'[unknown]' (6236fabc9e97)
		b'[unknown]' (6236fabcf9a5)
		b'[unknown]' (6236fabd1315)
		b'[unknown]' (6236fa62547f)
		b'[unknown]' (6236fa6257e5)
		b'[unknown]' (6236fa625ca5)
		b'[unknown]' (6236fa6273ec)
		b'[unknown]' (6236fa62808a)
		b'[unknown]' (6236fa62c176)
		b'[unknown]' (6236fa3321c9)
		b'[unknown]' (6236fa33dd18)
		b'[unknown]' (6236fa33e46b)
		b'[unknown]' (6236fa33dd70)
		b'[unknown]' (6236fed9754e)
		b'[unknown]' (6236f7ee69ac)
		b'[unknown]' (6236f7ee9125)
		b'[unknown]' (6236f7eec3a0)
		b'[unknown]' (6236f7eed325)
		b'[unknown]' (6236f7eec7be)
		b'[unknown]' (6236f7eec86f)
		b'[unknown]' (6236f7ee8ad5)
		b'[unknown]' (6236f7ee8bc3)
		b'[unknown]' (6236f7ef1105)
		b'[unknown]' (6236f7ee7eb9)
		b'[unknown]' (6236f7ee7f5b)
		b'[unknown]' (6236f7ef3e5e)
		b'[unknown]' (6236f7ef49e5)
		b'[unknown]' (6236f7ef5066)
		b'[unknown]' (6236f7ef5df5)
		b'[unknown]' (6236f7ed7f38)
		b'[unknown]' (6236fea64b8d)
		b'[unknown]' (6236fea65171)
		b'[unknown]' (6236fea651e4)
		b'[unknown]' (6236fea65273)
		b'[unknown]' (6236fea652d7)
		b'[unknown]' (6236fea6581e)
		b'[unknown]' (6236fea65a0e)
		b'[unknown]' (6236fea65aad)
		b'[unknown]' (6236fea65b3b)
		b'[unknown]' (6236fea666ca)
		b'[unknown]' (6236fea6678b)
		b'[unknown]' (6236fea6797d)
		b'[unknown]' (6236f7d88dd2)
		b'[unknown]' (6236fea6b3d9)
		b'[unknown]' (6236fea6c3d5)
		b'[unknown]' (6236fea6b380)
		b'[unknown]' (6236fea6c529)
		b'[unknown]' (6236f7d88dd2)
		b'[unknown]' (6236fee6a91a)
		b'[unknown]' (6236fee67893)
		b'[unknown]' (6236fee6899a)
		b'[unknown]' (6236f8525afc)
		b'[unknown]' (6236fee6d592)
		b'[unknown]' (6236fee6e112)
		b'[unknown]' (6236f8525afc)
		b'[unknown]' (6236fee6d4db)
		b'[unknown]' (7c043a894ac3)

	Not found in mutex_ids. mutex (b'[unknown]') 6237072b1468 ::: wait time 3.15us ::: hold time 17.44us ::: enter count 1
		b'[unknown]' (6236f7d776a7)
		b'[unknown]' (6236f7d77cac)
		b'[unknown]' (6236f7d9daa5)
		b'[unknown]' (6236f7d87c9d)
		b'[unknown]' (6236ffda9a23)
		b'[unknown]' (6236ffda9755)
		b'[unknown]' (6236ffda9792)
		b'[unknown]' (6236ffda8ee9)
		b'[unknown]' (6236fabcf698)
		b'[unknown]' (6236fabd1315)
		b'[unknown]' (6236fa62547f)
		b'[unknown]' (6236fa6257e5)
		b'[unknown]' (6236fa625ca5)
		b'[unknown]' (6236fa6273ec)
		b'[unknown]' (6236fa62808a)
		b'[unknown]' (6236fa62c176)
		b'[unknown]' (6236fa3321c9)
		b'[unknown]' (6236fa33dd18)
		b'[unknown]' (6236fa33e46b)
		b'[unknown]' (6236fa33dd70)
		b'[unknown]' (6236fed9754e)
		b'[unknown]' (6236f7ee69ac)
		b'[unknown]' (6236f7ee9125)
		b'[unknown]' (6236f7eec3a0)
		b'[unknown]' (6236f7eed325)
		b'[unknown]' (6236f7eec7be)
		b'[unknown]' (6236f7eec86f)
		b'[unknown]' (6236f7ee8ad5)
		b'[unknown]' (6236f7ee8bc3)
		b'[unknown]' (6236f7ef1105)
		b'[unknown]' (6236f7ee7eb9)
		b'[unknown]' (6236f7ee7f5b)
		b'[unknown]' (6236f7ef3e5e)
		b'[unknown]' (6236f7ef49e5)
		b'[unknown]' (6236f7ef5066)
		b'[unknown]' (6236f7ef5df5)
		b'[unknown]' (6236f7ed7f38)
		b'[unknown]' (6236fea64b8d)
		b'[unknown]' (6236fea65171)
		b'[unknown]' (6236fea651e4)
		b'[unknown]' (6236fea65273)
		b'[unknown]' (6236fea652d7)
		b'[unknown]' (6236fea6581e)
		b'[unknown]' (6236fea65a0e)
		b'[unknown]' (6236fea65aad)
		b'[unknown]' (6236fea65b3b)
		b'[unknown]' (6236fea666ca)
		b'[unknown]' (6236fea6678b)
		b'[unknown]' (6236fea6797d)
		b'[unknown]' (6236f7d88dd2)
		b'[unknown]' (6236fea6b3d9)
		b'[unknown]' (6236fea6c3d5)
		b'[unknown]' (6236fea6b380)
		b'[unknown]' (6236fea6c529)
		b'[unknown]' (6236f7d88dd2)
		b'[unknown]' (6236fee6a91a)
		b'[unknown]' (6236fee67893)
		b'[unknown]' (6236fee6899a)
		b'[unknown]' (6236f8525afc)
		b'[unknown]' (6236fee6d592)
		b'[unknown]' (6236fee6e112)
		b'[unknown]' (6236f8525afc)
		b'[unknown]' (6236fee6d4db)
		b'[unknown]' (7c043a894ac3)

	Not found in mutex_ids. mutex (b'[unknown]') 504df9790428 ::: wait time 3.14us ::: hold time 9.32us ::: enter count 1
		b'[unknown]' (6236f7d776a7)
		b'[unknown]' (6236f7d77cac)
		b'[unknown]' (6236f7d80eca)
		b'[unknown]' (6236feea0bc6)
		b'[unknown]' (6236fee9a247)
		b'[unknown]' (6236fee97c33)
		b'[unknown]' (6236fee84be4)
		b'[unknown]' (6236fa625105)
		b'[unknown]' (6236fa6257e5)
		b'[unknown]' (6236fa625ca5)
		b'[unknown]' (6236fa6273ec)
		b'[unknown]' (6236fa62808a)
		b'[unknown]' (6236fa62c176)
		b'[unknown]' (6236fa3321c9)
		b'[unknown]' (6236fa33dd18)
		b'[unknown]' (6236fa33e46b)
		b'[unknown]' (6236fa33dd70)
		b'[unknown]' (6236fed9754e)
		b'[unknown]' (6236f7ee69ac)
		b'[unknown]' (6236f7ee9125)
		b'[unknown]' (6236f7eec3a0)
		b'[unknown]' (6236f7eed325)
		b'[unknown]' (6236f7eec7be)
		b'[unknown]' (6236f7eec86f)
		b'[unknown]' (6236f7ee8ad5)
		b'[unknown]' (6236f7ee8bc3)
		b'[unknown]' (6236f7ef1105)
		b'[unknown]' (6236f7ee7eb9)
		b'[unknown]' (6236f7ee7f5b)
		b'[unknown]' (6236f7ef3e5e)
		b'[unknown]' (6236f7ef49e5)
		b'[unknown]' (6236f7ef5066)
		b'[unknown]' (6236f7ef5df5)
		b'[unknown]' (6236f7ed7f38)
		b'[unknown]' (6236fea64b8d)
		b'[unknown]' (6236fea65171)
		b'[unknown]' (6236fea651e4)
		b'[unknown]' (6236fea65273)
		b'[unknown]' (6236fea652d7)
		b'[unknown]' (6236fea6581e)
		b'[unknown]' (6236fea65a0e)
		b'[unknown]' (6236fea65aad)
		b'[unknown]' (6236fea65b3b)
		b'[unknown]' (6236fea666ca)
		b'[unknown]' (6236fea6678b)
		b'[unknown]' (6236fea6797d)
		b'[unknown]' (6236f7d88dd2)
		b'[unknown]' (6236fea6b3d9)
		b'[unknown]' (6236fea6c3d5)
		b'[unknown]' (6236fea6b380)
		b'[unknown]' (6236fea6c529)
		b'[unknown]' (6236f7d88dd2)
		b'[unknown]' (6236fee6a91a)
		b'[unknown]' (6236fee67893)
		b'[unknown]' (6236fee6899a)
		b'[unknown]' (6236f8525afc)
		b'[unknown]' (6236fee6d592)
		b'[unknown]' (6236fee6e112)
		b'[unknown]' (6236f8525afc)
		b'[unknown]' (6236fee6d4db)
		b'[unknown]' (7c043a894ac3)

	Not found in mutex_ids. mutex (b'[unknown]') 504df9790428 ::: wait time 3.14us ::: hold time 8.68us ::: enter count 1
		b'[unknown]' (6236f7d776a7)
		b'[unknown]' (6236f7d77cac)
		b'[unknown]' (6236f7d80eca)
		b'[unknown]' (6236feea0bc6)
		b'[unknown]' (6236fee9b7d2)
		b'[unknown]' (6236fee97f34)
		b'[unknown]' (6236fee84a84)
		b'[unknown]' (6236f7dd36a6)
		b'[unknown]' (6236fcd8a808)
		b'[unknown]' (6236fcd8a37b)
		b'[unknown]' (6236f7d9cab7)
		b'[unknown]' (6236f7d862a3)
		b'[unknown]' (6236fcd735cc)
		b'[unknown]' (6236fcd735ec)
		b'[unknown]' (6236fcd73972)
		b'[unknown]' (6236fcd84c9e)
		b'[unknown]' (6236fcd83414)
		b'[unknown]' (6236fcd8163b)
		b'[unknown]' (6236fcd7f951)
		b'[unknown]' (6236fcd7cc48)
		b'[unknown]' (6236fcd78cdd)
		b'[unknown]' (6236fcd6d02c)
		b'[unknown]' (6236fcd65d21)
		b'[unknown]' (6236f8676266)
		b'[unknown]' (6236f8675bab)
		b'[unknown]' (6236f8ad4d6a)
		b'[unknown]' (6236fa6273c8)
		b'[unknown]' (6236fa62808a)
		b'[unknown]' (6236fa62c176)
		b'[unknown]' (6236fa3321c9)
		b'[unknown]' (6236fa33dd18)
		b'[unknown]' (6236fa33e46b)
		b'[unknown]' (6236fa33dd70)
		b'[unknown]' (6236fed9754e)
		b'[unknown]' (6236f7ee69ac)
		b'[unknown]' (6236f7ee9125)
		b'[unknown]' (6236f7eec3a0)
		b'[unknown]' (6236f7eed325)
		b'[unknown]' (6236f7eec7be)
		b'[unknown]' (6236f7eec86f)
		b'[unknown]' (6236f7ee8ad5)
		b'[unknown]' (6236f7ee8bc3)
		b'[unknown]' (6236f7ef1105)
		b'[unknown]' (6236f7ee7eb9)
		b'[unknown]' (6236f7ee7f5b)
		b'[unknown]' (6236f7ef3e5e)
		b'[unknown]' (6236f7ef49e5)
		b'[unknown]' (6236f7ef5066)
		b'[unknown]' (6236f7ef5df5)
		b'[unknown]' (6236f7ed7f38)
		b'[unknown]' (6236fea64b8d)
		b'[unknown]' (6236fea65171)
		b'[unknown]' (6236fea651e4)
		b'[unknown]' (6236fea65273)
		b'[unknown]' (6236fea652d7)
		b'[unknown]' (6236fea6581e)
		b'[unknown]' (6236fea65a0e)
		b'[unknown]' (6236fea65aad)
		b'[unknown]' (6236fea65b3b)
		b'[unknown]' (6236fea666ca)
		b'[unknown]' (6236fea6678b)
		b'[unknown]' (6236fea6797d)
		b'[unknown]' (6236f7d88dd2)
		b'[unknown]' (6236fea6b3d9)
		b'[unknown]' (6236fea6c3d5)
		b'[unknown]' (6236fea6b380)
		b'[unknown]' (6236fea6c529)
		b'[unknown]' (6236f7d88dd2)
		b'[unknown]' (6236fee6a91a)
		b'[unknown]' (6236fee67893)
		b'[unknown]' (6236fee6899a)
		b'[unknown]' (6236f8525afc)
		b'[unknown]' (6236fee6d592)
		b'[unknown]' (6236fee6e112)
		b'[unknown]' (6236f8525afc)
		b'[unknown]' (6236fee6d4db)
		b'[unknown]' (7c043a894ac3)

	Not found in mutex_ids. mutex (b'[unknown]') 504dffac50b8 ::: wait time 3.14us ::: hold time 57.16us ::: enter count 1
		b'[unknown]' (6236f9e588c3)
		b'[unknown]' (6236f9e7fa45)
		b'[unknown]' (6236f9e80c42)
		b'[unknown]' (6236f9d55a4c)
		b'[unknown]' (6236f9d0f7ac)
		b'[unknown]' (6236f9d1a377)
		b'[unknown]' (6236f9cd0340)
		b'[unknown]' (6236f9ca6397)
		b'[unknown]' (6236f9c9477a)
		b'[unknown]' (6236fce6a495)
		b'[unknown]' (6236fabcedde)
		b'[unknown]' (6236fabcfc72)
		b'[unknown]' (6236fabd1315)
		b'[unknown]' (6236fa62547f)
		b'[unknown]' (6236fa6257e5)
		b'[unknown]' (6236fa625ca5)
		b'[unknown]' (6236fa6273ec)
		b'[unknown]' (6236fa62808a)
		b'[unknown]' (6236fa62c176)
		b'[unknown]' (6236fa3321c9)
		b'[unknown]' (6236fa33dd18)
		b'[unknown]' (6236fa33e46b)
		b'[unknown]' (6236fa33dd70)
		b'[unknown]' (6236fed9754e)
		b'[unknown]' (6236f7ee69ac)
		b'[unknown]' (6236f7ee9125)
		b'[unknown]' (6236f7eec3a0)
		b'[unknown]' (6236f7eed325)
		b'[unknown]' (6236f7eec7be)
		b'[unknown]' (6236f7eec86f)
		b'[unknown]' (6236f7ee8ad5)
		b'[unknown]' (6236f7ee8bc3)
		b'[unknown]' (6236f7ef1105)
		b'[unknown]' (6236f7ee7eb9)
		b'[unknown]' (6236f7ee7f5b)
		b'[unknown]' (6236f7ef3e5e)
		b'[unknown]' (6236f7ef49e5)
		b'[unknown]' (6236f7ef5066)
		b'[unknown]' (6236f7ef5df5)
		b'[unknown]' (6236f7ed7f38)
		b'[unknown]' (6236fea64b8d)
		b'[unknown]' (6236fea65171)
		b'[unknown]' (6236fea651e4)
		b'[unknown]' (6236fea65273)
		b'[unknown]' (6236fea652d7)
		b'[unknown]' (6236fea6581e)
		b'[unknown]' (6236fea65a0e)
		b'[unknown]' (6236fea65aad)
		b'[unknown]' (6236fea65b3b)
		b'[unknown]' (6236fea666ca)
		b'[unknown]' (6236fea6678b)
		b'[unknown]' (6236fea6797d)
		b'[unknown]' (6236f7d88dd2)
		b'[unknown]' (6236fea6b3d9)
		b'[unknown]' (6236fea6c3d5)
		b'[unknown]' (6236fea6b380)
		b'[unknown]' (6236fea6c529)
		b'[unknown]' (6236f7d88dd2)
		b'[unknown]' (6236fee6a91a)
		b'[unknown]' (6236fee67893)
		b'[unknown]' (6236fee6899a)
		b'[unknown]' (6236f8525afc)
		b'[unknown]' (6236fee6d592)
		b'[unknown]' (6236fee6e112)
		b'[unknown]' (6236f8525afc)
		b'[unknown]' (6236fee6d4db)
		b'[unknown]' (7c043a894ac3)

	Not found in mutex_ids. mutex (b'[unknown]') 504dff61a970 ::: wait time 3.13us ::: hold time 101.23us ::: enter count 1
		b'[unknown]' (6236fe999c56)
		b'[unknown]' (6236fe999cda)
		b'[unknown]' (623700213a1e)
		b'[unknown]' (623700215f85)
		b'[unknown]' (6236fe9b2ec0)
		b'[unknown]' (6236fe9a466a)
		b'[unknown]' (6236fe99dc60)
		b'[unknown]' (6236fe99ba0c)
		b'[unknown]' (6236fe99bb66)
		b'[unknown]' (6236fe99bb86)
		b'[unknown]' (6236fea472c2)
		b'[unknown]' (6236f7d9cab7)
		b'[unknown]' (6236f7d862a3)
		b'[unknown]' (6236f7d80602)
		b'[unknown]' (6236f7d80622)
		b'[unknown]' (6236ff9d37f2)
		b'[unknown]' (6236ff9d381e)
		b'[unknown]' (6236ff9f7a5a)
		b'[unknown]' (6236f7d89dbe)
		b'[unknown]' (6236ff9d6ed8)
		b'[unknown]' (6236ff9d6f04)
		b'[unknown]' (6236f7d7a5f4)
		b'[unknown]' (6236f7d8d00b)
		b'[unknown]' (6236fea6fba2)
		b'[unknown]' (6236fea6fbdc)
		b'[unknown]' (6236fea6d9ba)
		b'[unknown]' (6236fea67128)
		b'[unknown]' (6236fea63059)
		b'[unknown]' (6236fea63028)
		b'[unknown]' (6236fea62eeb)
		b'[unknown]' (6236f7d9cab7)
		b'[unknown]' (6236f7d862a3)
		b'[unknown]' (6236fea6b28a)
		b'[unknown]' (6236fea6b2aa)
		b'[unknown]' (6236fea6b450)
		b'[unknown]' (6236fea7011c)
		b'[unknown]' (6236fea70148)
		b'[unknown]' (6236f7d9ec2e)
		b'[unknown]' (6236f7d88d3e)
		b'[unknown]' (6236f7d7e6a0)
		b'[unknown]' (6236f85dbf47)
		b'[unknown]' (6236f85dab98)
		b'[unknown]' (6236f85d9ee5)
		b'[unknown]' (6236fee6a936)
		b'[unknown]' (6236fee67893)
		b'[unknown]' (6236fee6899a)
		b'[unknown]' (6236f8525afc)
		b'[unknown]' (6236fee6d592)
		b'[unknown]' (6236fee6e112)
		b'[unknown]' (6236f8525afc)
		b'[unknown]' (6236fee6d4db)
		b'[unknown]' (7c043a894ac3)

	Not found in mutex_ids. mutex (b'[unknown]') 504dffc397c0 ::: wait time 3.13us ::: hold time 8.87us ::: enter count 1
		b'[unknown]' (6236f7d776a7)
		b'[unknown]' (6236f7d77cac)
		b'[unknown]' (6236f7d9daa5)
		b'[unknown]' (6236f7d87c9d)
		b'[unknown]' (6236f8efa707)
		b'[unknown]' (6236f8ef8ec9)
		b'[unknown]' (6236fc0b1710)
		b'[unknown]' (6236fc0b114c)
		b'[unknown]' (6236fc0af2b9)
		b'[unknown]' (6236fc0af049)
		b'[unknown]' (6236fbf92a10)
		b'[unknown]' (6236fbf92a3b)
		b'[unknown]' (6236fbf929ca)
		b'[unknown]' (6236fbf9288d)
		b'[unknown]' (6236f7d9cab7)
		b'[unknown]' (6236f7d862a3)
		b'[unknown]' (6236f89831bc)
		b'[unknown]' (6236fbf8daaa)
		b'[unknown]' (6236fbf8c9cc)
		b'[unknown]' (6236fbf8ad1b)
		b'[unknown]' (6236fbf8b03d)
		b'[unknown]' (6236fbf8082d)
		b'[unknown]' (6236fbf8130d)
		b'[unknown]' (6236fabed75d)
		b'[unknown]' (6236fabcfebc)
		b'[unknown]' (6236fabd1315)
		b'[unknown]' (6236fa62547f)
		b'[unknown]' (6236fa6257e5)
		b'[unknown]' (6236fa625ca5)
		b'[unknown]' (6236fa6273ec)
		b'[unknown]' (6236fa62808a)
		b'[unknown]' (6236fa62c176)
		b'[unknown]' (6236fa3321c9)
		b'[unknown]' (6236fa33dd18)
		b'[unknown]' (6236fa33e46b)
		b'[unknown]' (6236fa33dd70)
		b'[unknown]' (6236fed9754e)
		b'[unknown]' (6236f7ee69ac)
		b'[unknown]' (6236f7ee9125)
		b'[unknown]' (6236f7eec3a0)
		b'[unknown]' (6236f7eed325)
		b'[unknown]' (6236f7eec7be)
		b'[unknown]' (6236f7eec86f)
		b'[unknown]' (6236f7ee8ad5)
		b'[unknown]' (6236f7ee8bc3)
		b'[unknown]' (6236f7ef1105)
		b'[unknown]' (6236f7ee7eb9)
		b'[unknown]' (6236f7ee7f5b)
		b'[unknown]' (6236f7ef3e5e)
		b'[unknown]' (6236f7ef49e5)
		b'[unknown]' (6236f7ef5066)
		b'[unknown]' (6236f7ef5df5)
		b'[unknown]' (6236f7ed7f38)
		b'[unknown]' (6236fea64b8d)
		b'[unknown]' (6236fea65171)
		b'[unknown]' (6236fea651e4)
		b'[unknown]' (6236fea65273)
		b'[unknown]' (6236fea652d7)
		b'[unknown]' (6236fea6581e)
		b'[unknown]' (6236fea65a0e)
		b'[unknown]' (6236fea65aad)
		b'[unknown]' (6236fea65b3b)
		b'[unknown]' (6236fea666ca)
		b'[unknown]' (6236fea6678b)
		b'[unknown]' (6236fea6797d)
		b'[unknown]' (6236f7d88dd2)
		b'[unknown]' (6236fea6b3d9)
		b'[unknown]' (6236fea6c3d5)
		b'[unknown]' (6236fea6b380)
		b'[unknown]' (6236fea6c529)
		b'[unknown]' (6236f7d88dd2)
		b'[unknown]' (6236fee6a91a)
		b'[unknown]' (6236fee67893)
		b'[unknown]' (6236fee6899a)
		b'[unknown]' (6236f8525afc)
		b'[unknown]' (6236fee6d592)
		b'[unknown]' (6236fee6e112)
		b'[unknown]' (6236f8525afc)
		b'[unknown]' (6236fee6d4db)
		b'[unknown]' (7c043a894ac3)

	Not found in mutex_ids. mutex (b'[unknown]') 504dffc3b070 ::: wait time 3.12us ::: hold time 8.85us ::: enter count 1
		b'[unknown]' (6236f9ad3c3a)
		b'[unknown]' (6236f9ad6190)
		b'[unknown]' (6236fee87b95)
		b'[unknown]' (6236fee9b71f)
		b'[unknown]' (6236fee97f34)
		b'[unknown]' (6236fee84cbf)
		b'[unknown]' (6236fa625519)
		b'[unknown]' (6236fa6257e5)
		b'[unknown]' (6236fa625ca5)
		b'[unknown]' (6236fa6273ec)
		b'[unknown]' (6236fa62808a)
		b'[unknown]' (6236fa62c176)
		b'[unknown]' (6236fa3321c9)
		b'[unknown]' (6236fa33dd18)
		b'[unknown]' (6236fa33e46b)
		b'[unknown]' (6236fa33dd70)
		b'[unknown]' (6236fed9754e)
		b'[unknown]' (6236f7ee69ac)
		b'[unknown]' (6236f7ee9125)
		b'[unknown]' (6236f7eec3a0)
		b'[unknown]' (6236f7eed325)
		b'[unknown]' (6236f7eec7be)
		b'[unknown]' (6236f7eec86f)
		b'[unknown]' (6236f7ee8ad5)
		b'[unknown]' (6236f7ee8bc3)
		b'[unknown]' (6236f7ef1105)
		b'[unknown]' (6236f7ee7eb9)
		b'[unknown]' (6236f7ee7f5b)
		b'[unknown]' (6236f7ef3e5e)
		b'[unknown]' (6236f7ef49e5)
		b'[unknown]' (6236f7ef5066)
		b'[unknown]' (6236f7ef5df5)
		b'[unknown]' (6236f7ed7f38)
		b'[unknown]' (6236fea64b8d)
		b'[unknown]' (6236fea65171)
		b'[unknown]' (6236fea651e4)
		b'[unknown]' (6236fea65273)
		b'[unknown]' (6236fea652d7)
		b'[unknown]' (6236fea6581e)
		b'[unknown]' (6236fea65a0e)
		b'[unknown]' (6236fea65aad)
		b'[unknown]' (6236fea65b3b)
		b'[unknown]' (6236fea666ca)
		b'[unknown]' (6236fea6678b)
		b'[unknown]' (6236fea6797d)
		b'[unknown]' (6236f7d88dd2)
		b'[unknown]' (6236fea6b3d9)
		b'[unknown]' (6236fea6c3d5)
		b'[unknown]' (6236fea6b380)
		b'[unknown]' (6236fea6c529)
		b'[unknown]' (6236f7d88dd2)
		b'[unknown]' (6236fee6a91a)
		b'[unknown]' (6236fee67893)
		b'[unknown]' (6236fee6899a)
		b'[unknown]' (6236f8525afc)
		b'[unknown]' (6236fee6d592)
		b'[unknown]' (6236fee6e112)
		b'[unknown]' (6236f8525afc)
		b'[unknown]' (6236fee6d4db)
		b'[unknown]' (7c043a894ac3)

	Not found in mutex_ids. mutex (b'[unknown]') 504dff963ba8 ::: wait time 3.12us ::: hold time 177.45us ::: enter count 1
		b'[unknown]' (6236f7d776a7)
		b'[unknown]' (6236f7d77cac)
		b'[unknown]' (6236f7d87796)
		b'[unknown]' (6236f9cda2bb)
		b'[unknown]' (6236f9cdac71)
		b'[unknown]' (6236f9cd39f4)
		b'[unknown]' (6236f9cd354b)
		b'[unknown]' (6236fd111330)
		b'[unknown]' (6236fce813e9)
		b'[unknown]' (6236fce83735)
		b'[unknown]' (6236fa6263f8)
		b'[unknown]' (6236fa627794)
		b'[unknown]' (6236fa627a6a)
		b'[unknown]' (6236fa628429)
		b'[unknown]' (6236fa62c176)
		b'[unknown]' (6236fa3321c9)
		b'[unknown]' (6236fa33dd18)
		b'[unknown]' (6236fa33e46b)
		b'[unknown]' (6236fa33dd70)
		b'[unknown]' (6236fed9754e)
		b'[unknown]' (6236f7ee69ac)
		b'[unknown]' (6236f7ee9125)
		b'[unknown]' (6236f7eec3a0)
		b'[unknown]' (6236f7eed325)
		b'[unknown]' (6236f7eec7be)
		b'[unknown]' (6236f7eec86f)
		b'[unknown]' (6236f7ee8ad5)
		b'[unknown]' (6236f7ee8bc3)
		b'[unknown]' (6236f7ef1105)
		b'[unknown]' (6236f7ee7eb9)
		b'[unknown]' (6236f7ee7f5b)
		b'[unknown]' (6236f7ef3e5e)
		b'[unknown]' (6236f7ef49e5)
		b'[unknown]' (6236f7ef5066)
		b'[unknown]' (6236f7ef5df5)
		b'[unknown]' (6236f7ed7f38)
		b'[unknown]' (6236fea64b8d)
		b'[unknown]' (6236fea65171)
		b'[unknown]' (6236fea651e4)
		b'[unknown]' (6236fea65273)
		b'[unknown]' (6236fea652d7)
		b'[unknown]' (6236fea6581e)
		b'[unknown]' (6236fea65a0e)
		b'[unknown]' (6236fea65aad)
		b'[unknown]' (6236fea65b3b)
		b'[unknown]' (6236fea666ca)
		b'[unknown]' (6236fea6678b)
		b'[unknown]' (6236fea6797d)
		b'[unknown]' (6236f7d88dd2)
		b'[unknown]' (6236fea6b3d9)
		b'[unknown]' (6236fea6c3d5)
		b'[unknown]' (6236fea6b380)
		b'[unknown]' (6236fea6c529)
		b'[unknown]' (6236f7d88dd2)
		b'[unknown]' (6236fee6a91a)
		b'[unknown]' (6236fee67893)
		b'[unknown]' (6236fee6899a)
		b'[unknown]' (6236f8525afc)
		b'[unknown]' (6236fee6d592)
		b'[unknown]' (6236fee6e112)
		b'[unknown]' (6236f8525afc)
		b'[unknown]' (6236fee6d4db)
		b'[unknown]' (7c043a894ac3)

	Not found in mutex_ids. mutex (b'[unknown]') 504df9790428 ::: wait time 3.12us ::: hold time 8.19us ::: enter count 1
		b'[unknown]' (6236f7d776a7)
		b'[unknown]' (6236f7d77cac)
		b'[unknown]' (6236f7d80eca)
		b'[unknown]' (6236feea0bc6)
		b'[unknown]' (6236fee9948d)
		b'[unknown]' (6236feea0838)
		b'[unknown]' (6236fee9ba64)
		b'[unknown]' (6236fee996a4)
		b'[unknown]' (6236fcda7553)
		b'[unknown]' (6236fcda7490)
		b'[unknown]' (6236fabed4d9)
		b'[unknown]' (6236fabcfebc)
		b'[unknown]' (6236fabd1315)
		b'[unknown]' (6236fa62547f)
		b'[unknown]' (6236fa6257e5)
		b'[unknown]' (6236fa625ca5)
		b'[unknown]' (6236fa6273ec)
		b'[unknown]' (6236fa62808a)
		b'[unknown]' (6236fa62c176)
		b'[unknown]' (6236fa3321c9)
		b'[unknown]' (6236fa33dd18)
		b'[unknown]' (6236fa33e46b)
		b'[unknown]' (6236fa33dd70)
		b'[unknown]' (6236fed9754e)
		b'[unknown]' (6236f7ee69ac)
		b'[unknown]' (6236f7ee9125)
		b'[unknown]' (6236f7eec3a0)
		b'[unknown]' (6236f7eed325)
		b'[unknown]' (6236f7eec7be)
		b'[unknown]' (6236f7eec86f)
		b'[unknown]' (6236f7ee8ad5)
		b'[unknown]' (6236f7ee8bc3)
		b'[unknown]' (6236f7ef1105)
		b'[unknown]' (6236f7ee7eb9)
		b'[unknown]' (6236f7ee7f5b)
		b'[unknown]' (6236f7ef3e5e)
		b'[unknown]' (6236f7ef49e5)
		b'[unknown]' (6236f7ef5066)
		b'[unknown]' (6236f7ef5df5)
		b'[unknown]' (6236f7ed7f38)
		b'[unknown]' (6236fea64b8d)
		b'[unknown]' (6236fea65171)
		b'[unknown]' (6236fea651e4)
		b'[unknown]' (6236fea65273)
		b'[unknown]' (6236fea652d7)
		b'[unknown]' (6236fea6581e)
		b'[unknown]' (6236fea65a0e)
		b'[unknown]' (6236fea65aad)
		b'[unknown]' (6236fea65b3b)
		b'[unknown]' (6236fea666ca)
		b'[unknown]' (6236fea6678b)
		b'[unknown]' (6236fea6797d)
		b'[unknown]' (6236f7d88dd2)
		b'[unknown]' (6236fea6b3d9)
		b'[unknown]' (6236fea6c3d5)
		b'[unknown]' (6236fea6b380)
		b'[unknown]' (6236fea6c529)
		b'[unknown]' (6236f7d88dd2)
		b'[unknown]' (6236fee6a91a)
		b'[unknown]' (6236fee67893)
		b'[unknown]' (6236fee6899a)
		b'[unknown]' (6236f8525afc)
		b'[unknown]' (6236fee6d592)
		b'[unknown]' (6236fee6e112)
		b'[unknown]' (6236f8525afc)
		b'[unknown]' (6236fee6d4db)
		b'[unknown]' (7c043a894ac3)

	Not found in mutex_ids. mutex (b'[unknown]') 504df9790428 ::: wait time 3.12us ::: hold time 7.77us ::: enter count 1
		b'[unknown]' (6236f7d776a7)
		b'[unknown]' (6236f7d77cac)
		b'[unknown]' (6236f7d80eca)
		b'[unknown]' (6236feea0bc6)
		b'[unknown]' (6236fee9b7d2)
		b'[unknown]' (6236fee97f34)
		b'[unknown]' (6236fee84a84)
		b'[unknown]' (6236f7d835a8)
		b'[unknown]' (6236fa625528)
		b'[unknown]' (6236fa6257e5)
		b'[unknown]' (6236fa625ca5)
		b'[unknown]' (6236fa6273ec)
		b'[unknown]' (6236fa62808a)
		b'[unknown]' (6236fa62c176)
		b'[unknown]' (6236fa3321c9)
		b'[unknown]' (6236fa33dd18)
		b'[unknown]' (6236fa33e46b)
		b'[unknown]' (6236fa33dd70)
		b'[unknown]' (6236fed9754e)
		b'[unknown]' (6236f7ee69ac)
		b'[unknown]' (6236f7ee9125)
		b'[unknown]' (6236f7eec3a0)
		b'[unknown]' (6236f7eed325)
		b'[unknown]' (6236f7eec7be)
		b'[unknown]' (6236f7eec86f)
		b'[unknown]' (6236f7ee8ad5)
		b'[unknown]' (6236f7ee8bc3)
		b'[unknown]' (6236f7ef1105)
		b'[unknown]' (6236f7ee7eb9)
		b'[unknown]' (6236f7ee7f5b)
		b'[unknown]' (6236f7ef3e5e)
		b'[unknown]' (6236f7ef49e5)
		b'[unknown]' (6236f7ef5066)
		b'[unknown]' (6236f7ef5df5)
		b'[unknown]' (6236f7ed7f38)
		b'[unknown]' (6236fea64b8d)
		b'[unknown]' (6236fea65171)
		b'[unknown]' (6236fea651e4)
		b'[unknown]' (6236fea65273)
		b'[unknown]' (6236fea652d7)
		b'[unknown]' (6236fea6581e)
		b'[unknown]' (6236fea65a0e)
		b'[unknown]' (6236fea65aad)
		b'[unknown]' (6236fea65b3b)
		b'[unknown]' (6236fea666ca)
		b'[unknown]' (6236fea6678b)
		b'[unknown]' (6236fea6797d)
		b'[unknown]' (6236f7d88dd2)
		b'[unknown]' (6236fea6b3d9)
		b'[unknown]' (6236fea6c3d5)
		b'[unknown]' (6236fea6b380)
		b'[unknown]' (6236fea6c529)
		b'[unknown]' (6236f7d88dd2)
		b'[unknown]' (6236fee6a91a)
		b'[unknown]' (6236fee67893)
		b'[unknown]' (6236fee6899a)
		b'[unknown]' (6236f8525afc)
		b'[unknown]' (6236fee6d592)
		b'[unknown]' (6236fee6e112)
		b'[unknown]' (6236f8525afc)
		b'[unknown]' (6236fee6d4db)
		b'[unknown]' (7c043a894ac3)

	Not found in mutex_ids. mutex (b'[unknown]') 504dffac51a0 ::: wait time 3.12us ::: hold time 9.45us ::: enter count 1
		b'[unknown]' (6236f9e1401d)
		b'[unknown]' (6236f9e15709)
		b'[unknown]' (6236f9e16155)
		b'[unknown]' (6236f9ef8a8d)
		b'[unknown]' (6236fa0e8ef4)
		b'[unknown]' (6236f9f58a4d)
		b'[unknown]' (6236f9d669ed)
		b'[unknown]' (6236f9e8a6ec)
		b'[unknown]' (6236f9e431e4)
		b'[unknown]' (6236f9e48204)
		b'[unknown]' (6236f9e48853)
		b'[unknown]' (6236f9e44556)
		b'[unknown]' (6236f9e4660e)
		b'[unknown]' (6236f9e48348)
		b'[unknown]' (6236f9e48853)
		b'[unknown]' (6236f9e61631)
		b'[unknown]' (6236f9e61f53)
		b'[unknown]' (6236f9c66490)
		b'[unknown]' (6236f9c94e55)
		b'[unknown]' (6236fce6a92b)
		b'[unknown]' (6236fab86073)
		b'[unknown]' (6236fbf8113e)
		b'[unknown]' (6236fabed75d)
		b'[unknown]' (6236fabcfebc)
		b'[unknown]' (6236fabd1315)
		b'[unknown]' (6236fa62547f)
		b'[unknown]' (6236fa6257e5)
		b'[unknown]' (6236fa625ca5)
		b'[unknown]' (6236fa6273ec)
		b'[unknown]' (6236fa62808a)
		b'[unknown]' (6236fa62c176)
		b'[unknown]' (6236fa3321c9)
		b'[unknown]' (6236fa33dd18)
		b'[unknown]' (6236fa33e46b)
		b'[unknown]' (6236fa33dd70)
		b'[unknown]' (6236fed9754e)
		b'[unknown]' (6236f7ee69ac)
		b'[unknown]' (6236f7ee9125)
		b'[unknown]' (6236f7eec3a0)
		b'[unknown]' (6236f7eed325)
		b'[unknown]' (6236f7eec7be)
		b'[unknown]' (6236f7eec86f)
		b'[unknown]' (6236f7ee8ad5)
		b'[unknown]' (6236f7ee8bc3)
		b'[unknown]' (6236f7ef1105)
		b'[unknown]' (6236f7ee7eb9)
		b'[unknown]' (6236f7ee7f5b)
		b'[unknown]' (6236f7ef3e5e)
		b'[unknown]' (6236f7ef49e5)
		b'[unknown]' (6236f7ef5066)
		b'[unknown]' (6236f7ef5df5)
		b'[unknown]' (6236f7ed7f38)
		b'[unknown]' (6236fea64b8d)
		b'[unknown]' (6236fea65171)
		b'[unknown]' (6236fea651e4)
		b'[unknown]' (6236fea65273)
		b'[unknown]' (6236fea652d7)
		b'[unknown]' (6236fea6581e)
		b'[unknown]' (6236fea65a0e)
		b'[unknown]' (6236fea65aad)
		b'[unknown]' (6236fea65b3b)
		b'[unknown]' (6236fea666ca)
		b'[unknown]' (6236fea6678b)
		b'[unknown]' (6236fea6797d)
		b'[unknown]' (6236f7d88dd2)
		b'[unknown]' (6236fea6b3d9)
		b'[unknown]' (6236fea6c3d5)
		b'[unknown]' (6236fea6b380)
		b'[unknown]' (6236fea6c529)
		b'[unknown]' (6236f7d88dd2)
		b'[unknown]' (6236fee6a91a)
		b'[unknown]' (6236fee67893)
		b'[unknown]' (6236fee6899a)
		b'[unknown]' (6236f8525afc)
		b'[unknown]' (6236fee6d592)
		b'[unknown]' (6236fee6e112)
		b'[unknown]' (6236f8525afc)
		b'[unknown]' (6236fee6d4db)
		b'[unknown]' (7c043a894ac3)

	Not found in mutex_ids. mutex (b'[unknown]') 504df9790428 ::: wait time 3.12us ::: hold time 6.92us ::: enter count 1
		b'[unknown]' (6236f7d776a7)
		b'[unknown]' (6236f7d77cac)
		b'[unknown]' (6236f7d80eca)
		b'[unknown]' (6236feea0bc6)
		b'[unknown]' (6236fee98135)
		b'[unknown]' (6236fee9a10d)
		b'[unknown]' (6236fee97c33)
		b'[unknown]' (6236fee84be4)
		b'[unknown]' (6236fa625105)
		b'[unknown]' (6236fa6257e5)
		b'[unknown]' (6236fa625ca5)
		b'[unknown]' (6236fa6273ec)
		b'[unknown]' (6236fa62808a)
		b'[unknown]' (6236fa62c176)
		b'[unknown]' (6236fa3321c9)
		b'[unknown]' (6236fa33dd18)
		b'[unknown]' (6236fa33e46b)
		b'[unknown]' (6236fa33dd70)
		b'[unknown]' (6236fed9754e)
		b'[unknown]' (6236f7ee69ac)
		b'[unknown]' (6236f7ee9125)
		b'[unknown]' (6236f7eec3a0)
		b'[unknown]' (6236f7eed325)
		b'[unknown]' (6236f7eec7be)
		b'[unknown]' (6236f7eec86f)
		b'[unknown]' (6236f7ee8ad5)
		b'[unknown]' (6236f7ee8bc3)
		b'[unknown]' (6236f7ef1105)
		b'[unknown]' (6236f7ee7eb9)
		b'[unknown]' (6236f7ee7f5b)
		b'[unknown]' (6236f7ef3e5e)
		b'[unknown]' (6236f7ef49e5)
		b'[unknown]' (6236f7ef5066)
		b'[unknown]' (6236f7ef5df5)
		b'[unknown]' (6236f7ed7f38)
		b'[unknown]' (6236fea64b8d)
		b'[unknown]' (6236fea65171)
		b'[unknown]' (6236fea651e4)
		b'[unknown]' (6236fea65273)
		b'[unknown]' (6236fea652d7)
		b'[unknown]' (6236fea6581e)
		b'[unknown]' (6236fea65a0e)
		b'[unknown]' (6236fea65aad)
		b'[unknown]' (6236fea65b3b)
		b'[unknown]' (6236fea666ca)
		b'[unknown]' (6236fea6678b)
		b'[unknown]' (6236fea6797d)
		b'[unknown]' (6236f7d88dd2)
		b'[unknown]' (6236fea6b3d9)
		b'[unknown]' (6236fea6c3d5)
		b'[unknown]' (6236fea6b380)
		b'[unknown]' (6236fea6c529)
		b'[unknown]' (6236f7d88dd2)
		b'[unknown]' (6236fee6a91a)
		b'[unknown]' (6236fee67893)
		b'[unknown]' (6236fee6899a)
		b'[unknown]' (6236f8525afc)
		b'[unknown]' (6236fee6d592)
		b'[unknown]' (6236fee6e112)
		b'[unknown]' (6236f8525afc)
		b'[unknown]' (6236fee6d4db)
		b'[unknown]' (7c043a894ac3)

	Not found in mutex_ids. mutex (b'[unknown]') 504df9790428 ::: wait time 3.12us ::: hold time 8.97us ::: enter count 1
		b'[unknown]' (6236f7d776a7)
		b'[unknown]' (6236f7d77cac)
		b'[unknown]' (6236f7d80eca)
		b'[unknown]' (6236feea0bc6)
		b'[unknown]' (6236fee9948d)
		b'[unknown]' (6236f7efb57c)
		b'[unknown]' (6236fee99786)
		b'[unknown]' (6236fcda7515)
		b'[unknown]' (6236fcda7490)
		b'[unknown]' (6236fbf81c45)
		b'[unknown]' (6236fabed952)
		b'[unknown]' (6236fabcfebc)
		b'[unknown]' (6236fabd1315)
		b'[unknown]' (6236fa62547f)
		b'[unknown]' (6236fa6257e5)
		b'[unknown]' (6236fa625ca5)
		b'[unknown]' (6236fa6273ec)
		b'[unknown]' (6236fa62808a)
		b'[unknown]' (6236fa62c176)
		b'[unknown]' (6236fa3321c9)
		b'[unknown]' (6236fa33dd18)
		b'[unknown]' (6236fa33e46b)
		b'[unknown]' (6236fa33dd70)
		b'[unknown]' (6236fed9754e)
		b'[unknown]' (6236f7ee69ac)
		b'[unknown]' (6236f7ee9125)
		b'[unknown]' (6236f7eec3a0)
		b'[unknown]' (6236f7eed325)
		b'[unknown]' (6236f7eec7be)
		b'[unknown]' (6236f7eec86f)
		b'[unknown]' (6236f7ee8ad5)
		b'[unknown]' (6236f7ee8bc3)
		b'[unknown]' (6236f7ef1105)
		b'[unknown]' (6236f7ee7eb9)
		b'[unknown]' (6236f7ee7f5b)
		b'[unknown]' (6236f7ef3e5e)
		b'[unknown]' (6236f7ef49e5)
		b'[unknown]' (6236f7ef5066)
		b'[unknown]' (6236f7ef5df5)
		b'[unknown]' (6236f7ed7f38)
		b'[unknown]' (6236fea64b8d)
		b'[unknown]' (6236fea65171)
		b'[unknown]' (6236fea651e4)
		b'[unknown]' (6236fea65273)
		b'[unknown]' (6236fea652d7)
		b'[unknown]' (6236fea6581e)
		b'[unknown]' (6236fea65a0e)
		b'[unknown]' (6236fea65aad)
		b'[unknown]' (6236fea65b3b)
		b'[unknown]' (6236fea666ca)
		b'[unknown]' (6236fea6678b)
		b'[unknown]' (6236fea6797d)
		b'[unknown]' (6236f7d88dd2)
		b'[unknown]' (6236fea6b3d9)
		b'[unknown]' (6236fea6c3d5)
		b'[unknown]' (6236fea6b380)
		b'[unknown]' (6236fea6c529)
		b'[unknown]' (6236f7d88dd2)
		b'[unknown]' (6236fee6a91a)
		b'[unknown]' (6236fee67893)
		b'[unknown]' (6236fee6899a)
		b'[unknown]' (6236f8525afc)
		b'[unknown]' (6236fee6d592)
		b'[unknown]' (6236fee6e112)
		b'[unknown]' (6236f8525afc)
		b'[unknown]' (6236fee6d4db)
		b'[unknown]' (7c043a894ac3)

	Not found in mutex_ids. mutex (b'[unknown]') 504dffc39080 ::: wait time 3.11us ::: hold time 8.64us ::: enter count 1
		b'[unknown]' (6236f7d776a7)
		b'[unknown]' (6236f7d77cac)
		b'[unknown]' (6236f7d9daa5)
		b'[unknown]' (6236f7d87c9d)
		b'[unknown]' (6236f8efa707)
		b'[unknown]' (6236f8ef8ec9)
		b'[unknown]' (6236fc0b1710)
		b'[unknown]' (6236fc0b114c)
		b'[unknown]' (6236fc0af2b9)
		b'[unknown]' (6236fc0af049)
		b'[unknown]' (6236fbf92a10)
		b'[unknown]' (6236fbf92a3b)
		b'[unknown]' (6236fbf929ca)
		b'[unknown]' (6236fbf9288d)
		b'[unknown]' (6236f7d9cab7)
		b'[unknown]' (6236f7d862a3)
		b'[unknown]' (6236f89831bc)
		b'[unknown]' (6236fbf8daaa)
		b'[unknown]' (6236fbf8c9cc)
		b'[unknown]' (6236fbf8ad1b)
		b'[unknown]' (6236fbf8b03d)
		b'[unknown]' (6236fbf8082d)
		b'[unknown]' (6236fbf8130d)
		b'[unknown]' (6236fabed75d)
		b'[unknown]' (6236fabcfebc)
		b'[unknown]' (6236fabd1315)
		b'[unknown]' (6236fa62547f)
		b'[unknown]' (6236fa6257e5)
		b'[unknown]' (6236fa625ca5)
		b'[unknown]' (6236fa6273ec)
		b'[unknown]' (6236fa62808a)
		b'[unknown]' (6236fa62c176)
		b'[unknown]' (6236fa3321c9)
		b'[unknown]' (6236fa33dd18)
		b'[unknown]' (6236fa33e46b)
		b'[unknown]' (6236fa33dd70)
		b'[unknown]' (6236fed9754e)
		b'[unknown]' (6236f7ee69ac)
		b'[unknown]' (6236f7ee9125)
		b'[unknown]' (6236f7eec3a0)
		b'[unknown]' (6236f7eed325)
		b'[unknown]' (6236f7eec7be)
		b'[unknown]' (6236f7eec86f)
		b'[unknown]' (6236f7ee8ad5)
		b'[unknown]' (6236f7ee8bc3)
		b'[unknown]' (6236f7ef1105)
		b'[unknown]' (6236f7ee7eb9)
		b'[unknown]' (6236f7ee7f5b)
		b'[unknown]' (6236f7ef3e5e)
		b'[unknown]' (6236f7ef49e5)
		b'[unknown]' (6236f7ef5066)
		b'[unknown]' (6236f7ef5df5)
		b'[unknown]' (6236f7ed7f38)
		b'[unknown]' (6236fea64b8d)
		b'[unknown]' (6236fea65171)
		b'[unknown]' (6236fea651e4)
		b'[unknown]' (6236fea65273)
		b'[unknown]' (6236fea652d7)
		b'[unknown]' (6236fea6581e)
		b'[unknown]' (6236fea65a0e)
		b'[unknown]' (6236fea65aad)
		b'[unknown]' (6236fea65b3b)
		b'[unknown]' (6236fea666ca)
		b'[unknown]' (6236fea6678b)
		b'[unknown]' (6236fea6797d)
		b'[unknown]' (6236f7d88dd2)
		b'[unknown]' (6236fea6b3d9)
		b'[unknown]' (6236fea6c3d5)
		b'[unknown]' (6236fea6b380)
		b'[unknown]' (6236fea6c529)
		b'[unknown]' (6236f7d88dd2)
		b'[unknown]' (6236fee6a91a)
		b'[unknown]' (6236fee67893)
		b'[unknown]' (6236fee6899a)
		b'[unknown]' (6236f8525afc)
		b'[unknown]' (6236fee6d592)
		b'[unknown]' (6236fee6e112)
		b'[unknown]' (6236f8525afc)
		b'[unknown]' (6236fee6d4db)
		b'[unknown]' (7c043a894ac3)

	Not found in mutex_ids. mutex (b'[unknown]') 504df9790428 ::: wait time 3.11us ::: hold time 8.13us ::: enter count 1
		b'[unknown]' (6236f7d776a7)
		b'[unknown]' (6236f7d77cac)
		b'[unknown]' (6236f7d80eca)
		b'[unknown]' (6236feea0bc6)
		b'[unknown]' (6236fee9948d)
		b'[unknown]' (6236f7eacf5e)
		b'[unknown]' (6236fee9ba34)
		b'[unknown]' (6236fee996a4)
		b'[unknown]' (6236fcda7553)
		b'[unknown]' (6236fcda7490)
		b'[unknown]' (6236fbf81c45)
		b'[unknown]' (6236fabed952)
		b'[unknown]' (6236fabcfebc)
		b'[unknown]' (6236fabd1315)
		b'[unknown]' (6236fa62547f)
		b'[unknown]' (6236fa6257e5)
		b'[unknown]' (6236fa625ca5)
		b'[unknown]' (6236fa6273ec)
		b'[unknown]' (6236fa62808a)
		b'[unknown]' (6236fa62c176)
		b'[unknown]' (6236fa3321c9)
		b'[unknown]' (6236fa33dd18)
		b'[unknown]' (6236fa33e46b)
		b'[unknown]' (6236fa33dd70)
		b'[unknown]' (6236fed9754e)
		b'[unknown]' (6236f7ee69ac)
		b'[unknown]' (6236f7ee9125)
		b'[unknown]' (6236f7eec3a0)
		b'[unknown]' (6236f7eed325)
		b'[unknown]' (6236f7eec7be)
		b'[unknown]' (6236f7eec86f)
		b'[unknown]' (6236f7ee8ad5)
		b'[unknown]' (6236f7ee8bc3)
		b'[unknown]' (6236f7ef1105)
		b'[unknown]' (6236f7ee7eb9)
		b'[unknown]' (6236f7ee7f5b)
		b'[unknown]' (6236f7ef3e5e)
		b'[unknown]' (6236f7ef49e5)
		b'[unknown]' (6236f7ef5066)
		b'[unknown]' (6236f7ef5df5)
		b'[unknown]' (6236f7ed7f38)
		b'[unknown]' (6236fea64b8d)
		b'[unknown]' (6236fea65171)
		b'[unknown]' (6236fea651e4)
		b'[unknown]' (6236fea65273)
		b'[unknown]' (6236fea652d7)
		b'[unknown]' (6236fea6581e)
		b'[unknown]' (6236fea65a0e)
		b'[unknown]' (6236fea65aad)
		b'[unknown]' (6236fea65b3b)
		b'[unknown]' (6236fea666ca)
		b'[unknown]' (6236fea6678b)
		b'[unknown]' (6236fea6797d)
		b'[unknown]' (6236f7d88dd2)
		b'[unknown]' (6236fea6b3d9)
		b'[unknown]' (6236fea6c3d5)
		b'[unknown]' (6236fea6b380)
		b'[unknown]' (6236fea6c529)
		b'[unknown]' (6236f7d88dd2)
		b'[unknown]' (6236fee6a91a)
		b'[unknown]' (6236fee67893)
		b'[unknown]' (6236fee6899a)
		b'[unknown]' (6236f8525afc)
		b'[unknown]' (6236fee6d592)
		b'[unknown]' (6236fee6e112)
		b'[unknown]' (6236f8525afc)
		b'[unknown]' (6236fee6d4db)
		b'[unknown]' (7c043a894ac3)

	Not found in mutex_ids. mutex (b'[unknown]') 504df9790428 ::: wait time 3.11us ::: hold time 8.21us ::: enter count 1
		b'[unknown]' (6236f7d776a7)
		b'[unknown]' (6236f7d77cac)
		b'[unknown]' (6236f7d80eca)
		b'[unknown]' (6236feea0bc6)
		b'[unknown]' (6236fee9948d)
		b'[unknown]' (6236f7eacf5e)
		b'[unknown]' (6236fee9ba34)
		b'[unknown]' (6236fee996a4)
		b'[unknown]' (6236fabcf458)
		b'[unknown]' (6236fabd1315)
		b'[unknown]' (6236fa62547f)
		b'[unknown]' (6236fa6257e5)
		b'[unknown]' (6236fa625ca5)
		b'[unknown]' (6236fa6273ec)
		b'[unknown]' (6236fa62808a)
		b'[unknown]' (6236fa62c176)
		b'[unknown]' (6236fa3321c9)
		b'[unknown]' (6236fa33dd18)
		b'[unknown]' (6236fa33e46b)
		b'[unknown]' (6236fa33dd70)
		b'[unknown]' (6236fed9754e)
		b'[unknown]' (6236f7ee69ac)
		b'[unknown]' (6236f7ee9125)
		b'[unknown]' (6236f7eec3a0)
		b'[unknown]' (6236f7eed325)
		b'[unknown]' (6236f7eec7be)
		b'[unknown]' (6236f7eec86f)
		b'[unknown]' (6236f7ee8ad5)
		b'[unknown]' (6236f7ee8bc3)
		b'[unknown]' (6236f7ef1105)
		b'[unknown]' (6236f7ee7eb9)
		b'[unknown]' (6236f7ee7f5b)
		b'[unknown]' (6236f7ef3e5e)
		b'[unknown]' (6236f7ef49e5)
		b'[unknown]' (6236f7ef5066)
		b'[unknown]' (6236f7ef5df5)
		b'[unknown]' (6236f7ed7f38)
		b'[unknown]' (6236fea64b8d)
		b'[unknown]' (6236fea65171)
		b'[unknown]' (6236fea651e4)
		b'[unknown]' (6236fea65273)
		b'[unknown]' (6236fea652d7)
		b'[unknown]' (6236fea6581e)
		b'[unknown]' (6236fea65a0e)
		b'[unknown]' (6236fea65aad)
		b'[unknown]' (6236fea65b3b)
		b'[unknown]' (6236fea666ca)
		b'[unknown]' (6236fea6678b)
		b'[unknown]' (6236fea6797d)
		b'[unknown]' (6236f7d88dd2)
		b'[unknown]' (6236fea6b3d9)
		b'[unknown]' (6236fea6c3d5)
		b'[unknown]' (6236fea6b380)
		b'[unknown]' (6236fea6c529)
		b'[unknown]' (6236f7d88dd2)
		b'[unknown]' (6236fee6a91a)
		b'[unknown]' (6236fee67893)
		b'[unknown]' (6236fee6899a)
		b'[unknown]' (6236f8525afc)
		b'[unknown]' (6236fee6d592)
		b'[unknown]' (6236fee6e112)
		b'[unknown]' (6236f8525afc)
		b'[unknown]' (6236fee6d4db)
		b'[unknown]' (7c043a894ac3)

	Not found in mutex_ids. mutex (b'[unknown]') 504dffac51a0 ::: wait time 3.10us ::: hold time 9.29us ::: enter count 1
		b'[unknown]' (6236f9e1401d)
		b'[unknown]' (6236f9e15709)
		b'[unknown]' (6236f9e15e48)
		b'[unknown]' (6236f9ef8a8d)
		b'[unknown]' (6236fa0e8ef4)
		b'[unknown]' (6236f9f58a4d)
		b'[unknown]' (6236f9d669ed)
		b'[unknown]' (6236f9e8a6ec)
		b'[unknown]' (6236f9e431e4)
		b'[unknown]' (6236f9e48204)
		b'[unknown]' (6236f9e48853)
		b'[unknown]' (6236f9e44556)
		b'[unknown]' (6236f9e4660e)
		b'[unknown]' (6236f9e48348)
		b'[unknown]' (6236f9e48853)
		b'[unknown]' (6236f9e61631)
		b'[unknown]' (6236f9e61f53)
		b'[unknown]' (6236f9c66490)
		b'[unknown]' (6236f9c94e55)
		b'[unknown]' (6236fce6a92b)
		b'[unknown]' (6236fab86073)
		b'[unknown]' (6236fbf8113e)
		b'[unknown]' (6236fabed75d)
		b'[unknown]' (6236fabcfebc)
		b'[unknown]' (6236fabd1315)
		b'[unknown]' (6236fa62547f)
		b'[unknown]' (6236fa6257e5)
		b'[unknown]' (6236fa625ca5)
		b'[unknown]' (6236fa6273ec)
		b'[unknown]' (6236fa62808a)
		b'[unknown]' (6236fa62c176)
		b'[unknown]' (6236fa3321c9)
		b'[unknown]' (6236fa33dd18)
		b'[unknown]' (6236fa33e46b)
		b'[unknown]' (6236fa33dd70)
		b'[unknown]' (6236fed9754e)
		b'[unknown]' (6236f7ee69ac)
		b'[unknown]' (6236f7ee9125)
		b'[unknown]' (6236f7eec3a0)
		b'[unknown]' (6236f7eed325)
		b'[unknown]' (6236f7eec7be)
		b'[unknown]' (6236f7eec86f)
		b'[unknown]' (6236f7ee8ad5)
		b'[unknown]' (6236f7ee8bc3)
		b'[unknown]' (6236f7ef1105)
		b'[unknown]' (6236f7ee7eb9)
		b'[unknown]' (6236f7ee7f5b)
		b'[unknown]' (6236f7ef3e5e)
		b'[unknown]' (6236f7ef49e5)
		b'[unknown]' (6236f7ef5066)
		b'[unknown]' (6236f7ef5df5)
		b'[unknown]' (6236f7ed7f38)
		b'[unknown]' (6236fea64b8d)
		b'[unknown]' (6236fea65171)
		b'[unknown]' (6236fea651e4)
		b'[unknown]' (6236fea65273)
		b'[unknown]' (6236fea652d7)
		b'[unknown]' (6236fea6581e)
		b'[unknown]' (6236fea65a0e)
		b'[unknown]' (6236fea65aad)
		b'[unknown]' (6236fea65b3b)
		b'[unknown]' (6236fea666ca)
		b'[unknown]' (6236fea6678b)
		b'[unknown]' (6236fea6797d)
		b'[unknown]' (6236f7d88dd2)
		b'[unknown]' (6236fea6b3d9)
		b'[unknown]' (6236fea6c3d5)
		b'[unknown]' (6236fea6b380)
		b'[unknown]' (6236fea6c529)
		b'[unknown]' (6236f7d88dd2)
		b'[unknown]' (6236fee6a91a)
		b'[unknown]' (6236fee67893)
		b'[unknown]' (6236fee6899a)
		b'[unknown]' (6236f8525afc)
		b'[unknown]' (6236fee6d592)
		b'[unknown]' (6236fee6e112)
		b'[unknown]' (6236f8525afc)
		b'[unknown]' (6236fee6d4db)
		b'[unknown]' (7c043a894ac3)

	Not found in mutex_ids. mutex (b'[unknown]') 504dffac50b8 ::: wait time 3.10us ::: hold time 65.40us ::: enter count 1
		b'[unknown]' (6236f9e588c3)
		b'[unknown]' (6236f9e7fa45)
		b'[unknown]' (6236f9e80c42)
		b'[unknown]' (6236f9d55a4c)
		b'[unknown]' (6236f9d0f7ac)
		b'[unknown]' (6236f9cda482)
		b'[unknown]' (6236f9cda37e)
		b'[unknown]' (6236f9cdac71)
		b'[unknown]' (6236f9cd39f4)
		b'[unknown]' (6236f9cd354b)
		b'[unknown]' (6236fd111330)
		b'[unknown]' (6236fce813e9)
		b'[unknown]' (6236fce83735)
		b'[unknown]' (6236fa6263f8)
		b'[unknown]' (6236fa627794)
		b'[unknown]' (6236fa627a6a)
		b'[unknown]' (6236fa628429)
		b'[unknown]' (6236fa62c176)
		b'[unknown]' (6236fa3321c9)
		b'[unknown]' (6236fa33dd18)
		b'[unknown]' (6236fa33e46b)
		b'[unknown]' (6236fa33dd70)
		b'[unknown]' (6236fed9754e)
		b'[unknown]' (6236f7ee69ac)
		b'[unknown]' (6236f7ee9125)
		b'[unknown]' (6236f7eec3a0)
		b'[unknown]' (6236f7eed325)
		b'[unknown]' (6236f7eec7be)
		b'[unknown]' (6236f7eec86f)
		b'[unknown]' (6236f7ee8ad5)
		b'[unknown]' (6236f7ee8bc3)
		b'[unknown]' (6236f7ef1105)
		b'[unknown]' (6236f7ee7eb9)
		b'[unknown]' (6236f7ee7f5b)
		b'[unknown]' (6236f7ef3e5e)
		b'[unknown]' (6236f7ef49e5)
		b'[unknown]' (6236f7ef5066)
		b'[unknown]' (6236f7ef5df5)
		b'[unknown]' (6236f7ed7f38)
		b'[unknown]' (6236fea64b8d)
		b'[unknown]' (6236fea65171)
		b'[unknown]' (6236fea651e4)
		b'[unknown]' (6236fea65273)
		b'[unknown]' (6236fea652d7)
		b'[unknown]' (6236fea6581e)
		b'[unknown]' (6236fea65a0e)
		b'[unknown]' (6236fea65aad)
		b'[unknown]' (6236fea65b3b)
		b'[unknown]' (6236fea666ca)
		b'[unknown]' (6236fea6678b)
		b'[unknown]' (6236fea6797d)
		b'[unknown]' (6236f7d88dd2)
		b'[unknown]' (6236fea6b3d9)
		b'[unknown]' (6236fea6c3d5)
		b'[unknown]' (6236fea6b380)
		b'[unknown]' (6236fea6c529)
		b'[unknown]' (6236f7d88dd2)
		b'[unknown]' (6236fee6a91a)
		b'[unknown]' (6236fee67893)
		b'[unknown]' (6236fee6899a)
		b'[unknown]' (6236f8525afc)
		b'[unknown]' (6236fee6d592)
		b'[unknown]' (6236fee6e112)
		b'[unknown]' (6236f8525afc)
		b'[unknown]' (6236fee6d4db)
		b'[unknown]' (7c043a894ac3)

	Not found in mutex_ids. mutex (b'[unknown]') 504dff8da6f0 ::: wait time 3.10us ::: hold time 11.07us ::: enter count 1
		b'[unknown]' (6236f7d776a7)
		b'[unknown]' (6236f7d77cac)
		b'[unknown]' (6236f7d87796)
		b'[unknown]' (6236fce65445)
		b'[unknown]' (6236fce66932)
		b'[unknown]' (6236fce6a1e2)
		b'[unknown]' (6236fabcedde)
		b'[unknown]' (6236fabcfc72)
		b'[unknown]' (6236fabd1315)
		b'[unknown]' (6236fa62547f)
		b'[unknown]' (6236fa6257e5)
		b'[unknown]' (6236fa625ca5)
		b'[unknown]' (6236fa6273ec)
		b'[unknown]' (6236fa62808a)
		b'[unknown]' (6236fa62c176)
		b'[unknown]' (6236fa3321c9)
		b'[unknown]' (6236fa33dd18)
		b'[unknown]' (6236fa33e46b)
		b'[unknown]' (6236fa33dd70)
		b'[unknown]' (6236fed9754e)
		b'[unknown]' (6236f7ee69ac)
		b'[unknown]' (6236f7ee9125)
		b'[unknown]' (6236f7eec3a0)
		b'[unknown]' (6236f7eed325)
		b'[unknown]' (6236f7eec7be)
		b'[unknown]' (6236f7eec86f)
		b'[unknown]' (6236f7ee8ad5)
		b'[unknown]' (6236f7ee8bc3)
		b'[unknown]' (6236f7ef1105)
		b'[unknown]' (6236f7ee7eb9)
		b'[unknown]' (6236f7ee7f5b)
		b'[unknown]' (6236f7ef3e5e)
		b'[unknown]' (6236f7ef49e5)
		b'[unknown]' (6236f7ef5066)
		b'[unknown]' (6236f7ef5df5)
		b'[unknown]' (6236f7ed7f38)
		b'[unknown]' (6236fea64b8d)
		b'[unknown]' (6236fea65171)
		b'[unknown]' (6236fea651e4)
		b'[unknown]' (6236fea65273)
		b'[unknown]' (6236fea652d7)
		b'[unknown]' (6236fea6581e)
		b'[unknown]' (6236fea65a0e)
		b'[unknown]' (6236fea65aad)
		b'[unknown]' (6236fea65b3b)
		b'[unknown]' (6236fea666ca)
		b'[unknown]' (6236fea6678b)
		b'[unknown]' (6236fea6797d)
		b'[unknown]' (6236f7d88dd2)
		b'[unknown]' (6236fea6b3d9)
		b'[unknown]' (6236fea6c3d5)
		b'[unknown]' (6236fea6b380)
		b'[unknown]' (6236fea6c529)
		b'[unknown]' (6236f7d88dd2)
		b'[unknown]' (6236fee6a91a)
		b'[unknown]' (6236fee67893)
		b'[unknown]' (6236fee6899a)
		b'[unknown]' (6236f8525afc)
		b'[unknown]' (6236fee6d592)
		b'[unknown]' (6236fee6e112)
		b'[unknown]' (6236f8525afc)
		b'[unknown]' (6236fee6d4db)
		b'[unknown]' (7c043a894ac3)

	Not found in mutex_ids. mutex (b'[unknown]') 504dffaad2b0 ::: wait time 3.09us ::: hold time 15.44us ::: enter count 1
		b'[unknown]' (6236f7d776a7)
		b'[unknown]' (6236f7d77cac)
		b'[unknown]' (6236f7d87796)
		b'[unknown]' (6236f9d118e2)
		b'[unknown]' (6236f9d29c95)
		b'[unknown]' (6236f9cd021b)
		b'[unknown]' (6236f9ca6397)
		b'[unknown]' (6236f9c9477a)
		b'[unknown]' (6236fce6a495)
		b'[unknown]' (6236fabcedde)
		b'[unknown]' (6236fabcfc72)
		b'[unknown]' (6236fabd1315)
		b'[unknown]' (6236fa62547f)
		b'[unknown]' (6236fa6257e5)
		b'[unknown]' (6236fa625ca5)
		b'[unknown]' (6236fa6273ec)
		b'[unknown]' (6236fa62808a)
		b'[unknown]' (6236fa62c176)
		b'[unknown]' (6236fa3321c9)
		b'[unknown]' (6236fa33dd18)
		b'[unknown]' (6236fa33e46b)
		b'[unknown]' (6236fa33dd70)
		b'[unknown]' (6236fed9754e)
		b'[unknown]' (6236f7ee69ac)
		b'[unknown]' (6236f7ee9125)
		b'[unknown]' (6236f7eec3a0)
		b'[unknown]' (6236f7eed325)
		b'[unknown]' (6236f7eec7be)
		b'[unknown]' (6236f7eec86f)
		b'[unknown]' (6236f7ee8ad5)
		b'[unknown]' (6236f7ee8bc3)
		b'[unknown]' (6236f7ef1105)
		b'[unknown]' (6236f7ee7eb9)
		b'[unknown]' (6236f7ee7f5b)
		b'[unknown]' (6236f7ef3e5e)
		b'[unknown]' (6236f7ef49e5)
		b'[unknown]' (6236f7ef5066)
		b'[unknown]' (6236f7ef5df5)
		b'[unknown]' (6236f7ed7f38)
		b'[unknown]' (6236fea64b8d)
		b'[unknown]' (6236fea65171)
		b'[unknown]' (6236fea651e4)
		b'[unknown]' (6236fea65273)
		b'[unknown]' (6236fea652d7)
		b'[unknown]' (6236fea6581e)
		b'[unknown]' (6236fea65a0e)
		b'[unknown]' (6236fea65aad)
		b'[unknown]' (6236fea65b3b)
		b'[unknown]' (6236fea666ca)
		b'[unknown]' (6236fea6678b)
		b'[unknown]' (6236fea6797d)
		b'[unknown]' (6236f7d88dd2)
		b'[unknown]' (6236fea6b3d9)
		b'[unknown]' (6236fea6c3d5)
		b'[unknown]' (6236fea6b380)
		b'[unknown]' (6236fea6c529)
		b'[unknown]' (6236f7d88dd2)
		b'[unknown]' (6236fee6a91a)
		b'[unknown]' (6236fee67893)
		b'[unknown]' (6236fee6899a)
		b'[unknown]' (6236f8525afc)
		b'[unknown]' (6236fee6d592)
		b'[unknown]' (6236fee6e112)
		b'[unknown]' (6236f8525afc)
		b'[unknown]' (6236fee6d4db)
		b'[unknown]' (7c043a894ac3)

	Not found in mutex_ids. mutex (b'[unknown]') 504df9790428 ::: wait time 3.09us ::: hold time 7.87us ::: enter count 1
		b'[unknown]' (6236f7d776a7)
		b'[unknown]' (6236f7d77cac)
		b'[unknown]' (6236f7d80eca)
		b'[unknown]' (6236feea0bc6)
		b'[unknown]' (6236fee9948d)
		b'[unknown]' (6236feea0838)
		b'[unknown]' (6236fee9ba64)
		b'[unknown]' (6236fee9956f)
		b'[unknown]' (6236fd146e14)
		b'[unknown]' (6236fabc9e97)
		b'[unknown]' (6236fabcf9a5)
		b'[unknown]' (6236fabd1315)
		b'[unknown]' (6236fa62547f)
		b'[unknown]' (6236fa6257e5)
		b'[unknown]' (6236fa625ca5)
		b'[unknown]' (6236fa6273ec)
		b'[unknown]' (6236fa62808a)
		b'[unknown]' (6236fa62c176)
		b'[unknown]' (6236fa3321c9)
		b'[unknown]' (6236fa33dd18)
		b'[unknown]' (6236fa33e46b)
		b'[unknown]' (6236fa33dd70)
		b'[unknown]' (6236fed9754e)
		b'[unknown]' (6236f7ee69ac)
		b'[unknown]' (6236f7ee9125)
		b'[unknown]' (6236f7eec3a0)
		b'[unknown]' (6236f7eed325)
		b'[unknown]' (6236f7eec7be)
		b'[unknown]' (6236f7eec86f)
		b'[unknown]' (6236f7ee8ad5)
		b'[unknown]' (6236f7ee8bc3)
		b'[unknown]' (6236f7ef1105)
		b'[unknown]' (6236f7ee7eb9)
		b'[unknown]' (6236f7ee7f5b)
		b'[unknown]' (6236f7ef3e5e)
		b'[unknown]' (6236f7ef49e5)
		b'[unknown]' (6236f7ef5066)
		b'[unknown]' (6236f7ef5df5)
		b'[unknown]' (6236f7ed7f38)
		b'[unknown]' (6236fea64b8d)
		b'[unknown]' (6236fea65171)
		b'[unknown]' (6236fea651e4)
		b'[unknown]' (6236fea65273)
		b'[unknown]' (6236fea652d7)
		b'[unknown]' (6236fea6581e)
		b'[unknown]' (6236fea65a0e)
		b'[unknown]' (6236fea65aad)
		b'[unknown]' (6236fea65b3b)
		b'[unknown]' (6236fea666ca)
		b'[unknown]' (6236fea6678b)
		b'[unknown]' (6236fea6797d)
		b'[unknown]' (6236f7d88dd2)
		b'[unknown]' (6236fea6b3d9)
		b'[unknown]' (6236fea6c3d5)
		b'[unknown]' (6236fea6b380)
		b'[unknown]' (6236fea6c529)
		b'[unknown]' (6236f7d88dd2)
		b'[unknown]' (6236fee6a91a)
		b'[unknown]' (6236fee67893)
		b'[unknown]' (6236fee6899a)
		b'[unknown]' (6236f8525afc)
		b'[unknown]' (6236fee6d592)
		b'[unknown]' (6236fee6e112)
		b'[unknown]' (6236f8525afc)
		b'[unknown]' (6236fee6d4db)
		b'[unknown]' (7c043a894ac3)

	Not found in mutex_ids. mutex (b'[unknown]') 504df9790428 ::: wait time 3.08us ::: hold time 11.38us ::: enter count 1
		b'[unknown]' (6236f7d776a7)
		b'[unknown]' (6236f7d77cac)
		b'[unknown]' (6236f7d80eca)
		b'[unknown]' (6236feea0bc6)
		b'[unknown]' (6236fee9948d)
		b'[unknown]' (6236f7eacf5e)
		b'[unknown]' (6236fee9ba34)
		b'[unknown]' (6236fee996a4)
		b'[unknown]' (6236fce6a11c)
		b'[unknown]' (6236fabcedde)
		b'[unknown]' (6236fabcfc72)
		b'[unknown]' (6236fabd1315)
		b'[unknown]' (6236fa62547f)
		b'[unknown]' (6236fa6257e5)
		b'[unknown]' (6236fa625ca5)
		b'[unknown]' (6236fa6273ec)
		b'[unknown]' (6236fa62808a)
		b'[unknown]' (6236fa62c176)
		b'[unknown]' (6236fa3321c9)
		b'[unknown]' (6236fa33dd18)
		b'[unknown]' (6236fa33e46b)
		b'[unknown]' (6236fa33dd70)
		b'[unknown]' (6236fed9754e)
		b'[unknown]' (6236f7ee69ac)
		b'[unknown]' (6236f7ee9125)
		b'[unknown]' (6236f7eec3a0)
		b'[unknown]' (6236f7eed325)
		b'[unknown]' (6236f7eec7be)
		b'[unknown]' (6236f7eec86f)
		b'[unknown]' (6236f7ee8ad5)
		b'[unknown]' (6236f7ee8bc3)
		b'[unknown]' (6236f7ef1105)
		b'[unknown]' (6236f7ee7eb9)
		b'[unknown]' (6236f7ee7f5b)
		b'[unknown]' (6236f7ef3e5e)
		b'[unknown]' (6236f7ef49e5)
		b'[unknown]' (6236f7ef5066)
		b'[unknown]' (6236f7ef5df5)
		b'[unknown]' (6236f7ed7f38)
		b'[unknown]' (6236fea64b8d)
		b'[unknown]' (6236fea65171)
		b'[unknown]' (6236fea651e4)
		b'[unknown]' (6236fea65273)
		b'[unknown]' (6236fea652d7)
		b'[unknown]' (6236fea6581e)
		b'[unknown]' (6236fea65a0e)
		b'[unknown]' (6236fea65aad)
		b'[unknown]' (6236fea65b3b)
		b'[unknown]' (6236fea666ca)
		b'[unknown]' (6236fea6678b)
		b'[unknown]' (6236fea6797d)
		b'[unknown]' (6236f7d88dd2)
		b'[unknown]' (6236fea6b3d9)
		b'[unknown]' (6236fea6c3d5)
		b'[unknown]' (6236fea6b380)
		b'[unknown]' (6236fea6c529)
		b'[unknown]' (6236f7d88dd2)
		b'[unknown]' (6236fee6a91a)
		b'[unknown]' (6236fee67893)
		b'[unknown]' (6236fee6899a)
		b'[unknown]' (6236f8525afc)
		b'[unknown]' (6236fee6d592)
		b'[unknown]' (6236fee6e112)
		b'[unknown]' (6236f8525afc)
		b'[unknown]' (6236fee6d4db)
		b'[unknown]' (7c043a894ac3)

	Not found in mutex_ids. mutex (b'[unknown]') 62370727d800 ::: wait time 3.08us ::: hold time 18.82us ::: enter count 1
		b'[unknown]' (6236f7d776a7)
		b'[unknown]' (6236f7d77cac)
		b'[unknown]' (6236f7d87796)
		b'[unknown]' (6236feea7c19)
		b'[unknown]' (6236feea7a92)
		b'[unknown]' (6236fcda4f6a)
		b'[unknown]' (6236fcdaea50)
		b'[unknown]' (6236fcddaf99)
		b'[unknown]' (6236fcdca24a)
		b'[unknown]' (6236fcdbe8b0)
		b'[unknown]' (6236fcdb4523)
		b'[unknown]' (6236fcdaeeaf)
		b'[unknown]' (6236fcddb431)
		b'[unknown]' (6236fcdcaa99)
		b'[unknown]' (6236fcdbeea7)
		b'[unknown]' (6236fcdb4523)
		b'[unknown]' (6236fcd99627)
		b'[unknown]' (6236fcd99c1e)
		b'[unknown]' (6236fcdb0d06)
		b'[unknown]' (6236ffa43977)
		b'[unknown]' (6236ffa43250)
		b'[unknown]' (6236f9d0042d)
		b'[unknown]' (6236f9d00c28)
		b'[unknown]' (6236ffa43352)
		b'[unknown]' (6236ffa3d62a)
		b'[unknown]' (6236fa6254dd)
		b'[unknown]' (6236fa6257e5)
		b'[unknown]' (6236fa625ca5)
		b'[unknown]' (6236fa6273ec)
		b'[unknown]' (6236fa62808a)
		b'[unknown]' (6236fa62c176)
		b'[unknown]' (6236fa3321c9)
		b'[unknown]' (6236fa33dd18)
		b'[unknown]' (6236fa33e46b)
		b'[unknown]' (6236fa33dd70)
		b'[unknown]' (6236fed9754e)
		b'[unknown]' (6236f7ee69ac)
		b'[unknown]' (6236f7ee9125)
		b'[unknown]' (6236f7eec3a0)
		b'[unknown]' (6236f7eed325)
		b'[unknown]' (6236f7eec7be)
		b'[unknown]' (6236f7eec86f)
		b'[unknown]' (6236f7ee8ad5)
		b'[unknown]' (6236f7ee8bc3)
		b'[unknown]' (6236f7ef1105)
		b'[unknown]' (6236f7ee7eb9)
		b'[unknown]' (6236f7ee7f5b)
		b'[unknown]' (6236f7ef3e5e)
		b'[unknown]' (6236f7ef49e5)
		b'[unknown]' (6236f7ef5066)
		b'[unknown]' (6236f7ef5df5)
		b'[unknown]' (6236f7ed7f38)
		b'[unknown]' (6236fea64b8d)
		b'[unknown]' (6236fea65171)
		b'[unknown]' (6236fea651e4)
		b'[unknown]' (6236fea65273)
		b'[unknown]' (6236fea652d7)
		b'[unknown]' (6236fea6581e)
		b'[unknown]' (6236fea65a0e)
		b'[unknown]' (6236fea65aad)
		b'[unknown]' (6236fea65b3b)
		b'[unknown]' (6236fea666ca)
		b'[unknown]' (6236fea6678b)
		b'[unknown]' (6236fea6797d)
		b'[unknown]' (6236f7d88dd2)
		b'[unknown]' (6236fea6b3d9)
		b'[unknown]' (6236fea6c3d5)
		b'[unknown]' (6236fea6b380)
		b'[unknown]' (6236fea6c529)
		b'[unknown]' (6236f7d88dd2)
		b'[unknown]' (6236fee6a91a)
		b'[unknown]' (6236fee67893)
		b'[unknown]' (6236fee6899a)
		b'[unknown]' (6236f8525afc)
		b'[unknown]' (6236fee6d592)
		b'[unknown]' (6236fee6e112)
		b'[unknown]' (6236f8525afc)
		b'[unknown]' (6236fee6d4db)
		b'[unknown]' (7c043a894ac3)

	Not found in mutex_ids. mutex (b'[unknown]') 504dffac56f0 ::: wait time 3.07us ::: hold time 108.86us ::: enter count 1
		b'[unknown]' (6236f9ef614b)
		b'[unknown]' (6236f9ef873c)
		b'[unknown]' (6236fa0e8ef4)
		b'[unknown]' (6236f9f58a4d)
		b'[unknown]' (6236f9d669ed)
		b'[unknown]' (6236f9e8a6ec)
		b'[unknown]' (6236f9e431e4)
		b'[unknown]' (6236f9e48204)
		b'[unknown]' (6236f9e48853)
		b'[unknown]' (6236f9e44556)
		b'[unknown]' (6236f9e4660e)
		b'[unknown]' (6236f9e48348)
		b'[unknown]' (6236f9e48853)
		b'[unknown]' (6236f9e61631)
		b'[unknown]' (6236f9e61f53)
		b'[unknown]' (6236f9c930bc)
		b'[unknown]' (6236fce6a31e)
		b'[unknown]' (6236fabcedde)
		b'[unknown]' (6236fabcfc72)
		b'[unknown]' (6236fabd1315)
		b'[unknown]' (6236fa62547f)
		b'[unknown]' (6236fa6257e5)
		b'[unknown]' (6236fa625ca5)
		b'[unknown]' (6236fa6273ec)
		b'[unknown]' (6236fa62808a)
		b'[unknown]' (6236fa62c176)
		b'[unknown]' (6236fa3321c9)
		b'[unknown]' (6236fa33dd18)
		b'[unknown]' (6236fa33e46b)
		b'[unknown]' (6236fa33dd70)
		b'[unknown]' (6236fed9754e)
		b'[unknown]' (6236f7ee69ac)
		b'[unknown]' (6236f7ee9125)
		b'[unknown]' (6236f7eec3a0)
		b'[unknown]' (6236f7eed325)
		b'[unknown]' (6236f7eec7be)
		b'[unknown]' (6236f7eec86f)
		b'[unknown]' (6236f7ee8ad5)
		b'[unknown]' (6236f7ee8bc3)
		b'[unknown]' (6236f7ef1105)
		b'[unknown]' (6236f7ee7eb9)
		b'[unknown]' (6236f7ee7f5b)
		b'[unknown]' (6236f7ef3e5e)
		b'[unknown]' (6236f7ef49e5)
		b'[unknown]' (6236f7ef5066)
		b'[unknown]' (6236f7ef5df5)
		b'[unknown]' (6236f7ed7f38)
		b'[unknown]' (6236fea64b8d)
		b'[unknown]' (6236fea65171)
		b'[unknown]' (6236fea651e4)
		b'[unknown]' (6236fea65273)
		b'[unknown]' (6236fea652d7)
		b'[unknown]' (6236fea6581e)
		b'[unknown]' (6236fea65a0e)
		b'[unknown]' (6236fea65aad)
		b'[unknown]' (6236fea65b3b)
		b'[unknown]' (6236fea666ca)
		b'[unknown]' (6236fea6678b)
		b'[unknown]' (6236fea6797d)
		b'[unknown]' (6236f7d88dd2)
		b'[unknown]' (6236fea6b3d9)
		b'[unknown]' (6236fea6c3d5)
		b'[unknown]' (6236fea6b380)
		b'[unknown]' (6236fea6c529)
		b'[unknown]' (6236f7d88dd2)
		b'[unknown]' (6236fee6a91a)
		b'[unknown]' (6236fee67893)
		b'[unknown]' (6236fee6899a)
		b'[unknown]' (6236f8525afc)
		b'[unknown]' (6236fee6d592)
		b'[unknown]' (6236fee6e112)
		b'[unknown]' (6236f8525afc)
		b'[unknown]' (6236fee6d4db)
		b'[unknown]' (7c043a894ac3)

	Not found in mutex_ids. mutex (b'[unknown]') 504df9790428 ::: wait time 3.06us ::: hold time 8.94us ::: enter count 1
		b'[unknown]' (6236f7d776a7)
		b'[unknown]' (6236f7d77cac)
		b'[unknown]' (6236f7d80eca)
		b'[unknown]' (6236feea0bc6)
		b'[unknown]' (6236fee9948d)
		b'[unknown]' (6236fee9970e)
		b'[unknown]' (6236fcda7553)
		b'[unknown]' (6236fcda7490)
		b'[unknown]' (6236fbf81c45)
		b'[unknown]' (6236fabed952)
		b'[unknown]' (6236fabcfebc)
		b'[unknown]' (6236fabd1315)
		b'[unknown]' (6236fa62547f)
		b'[unknown]' (6236fa6257e5)
		b'[unknown]' (6236fa625ca5)
		b'[unknown]' (6236fa6273ec)
		b'[unknown]' (6236fa62808a)
		b'[unknown]' (6236fa62c176)
		b'[unknown]' (6236fa3321c9)
		b'[unknown]' (6236fa33dd18)
		b'[unknown]' (6236fa33e46b)
		b'[unknown]' (6236fa33dd70)
		b'[unknown]' (6236fed9754e)
		b'[unknown]' (6236f7ee69ac)
		b'[unknown]' (6236f7ee9125)
		b'[unknown]' (6236f7eec3a0)
		b'[unknown]' (6236f7eed325)
		b'[unknown]' (6236f7eec7be)
		b'[unknown]' (6236f7eec86f)
		b'[unknown]' (6236f7ee8ad5)
		b'[unknown]' (6236f7ee8bc3)
		b'[unknown]' (6236f7ef1105)
		b'[unknown]' (6236f7ee7eb9)
		b'[unknown]' (6236f7ee7f5b)
		b'[unknown]' (6236f7ef3e5e)
		b'[unknown]' (6236f7ef49e5)
		b'[unknown]' (6236f7ef5066)
		b'[unknown]' (6236f7ef5df5)
		b'[unknown]' (6236f7ed7f38)
		b'[unknown]' (6236fea64b8d)
		b'[unknown]' (6236fea65171)
		b'[unknown]' (6236fea651e4)
		b'[unknown]' (6236fea65273)
		b'[unknown]' (6236fea652d7)
		b'[unknown]' (6236fea6581e)
		b'[unknown]' (6236fea65a0e)
		b'[unknown]' (6236fea65aad)
		b'[unknown]' (6236fea65b3b)
		b'[unknown]' (6236fea666ca)
		b'[unknown]' (6236fea6678b)
		b'[unknown]' (6236fea6797d)
		b'[unknown]' (6236f7d88dd2)
		b'[unknown]' (6236fea6b3d9)
		b'[unknown]' (6236fea6c3d5)
		b'[unknown]' (6236fea6b380)
		b'[unknown]' (6236fea6c529)
		b'[unknown]' (6236f7d88dd2)
		b'[unknown]' (6236fee6a91a)
		b'[unknown]' (6236fee67893)
		b'[unknown]' (6236fee6899a)
		b'[unknown]' (6236f8525afc)
		b'[unknown]' (6236fee6d592)
		b'[unknown]' (6236fee6e112)
		b'[unknown]' (6236f8525afc)
		b'[unknown]' (6236fee6d4db)
		b'[unknown]' (7c043a894ac3)

	Not found in mutex_ids. mutex (b'[unknown]') 504dff5fa110 ::: wait time 3.06us ::: hold time 11.90us ::: enter count 1
		b'[unknown]' (6236f9de9418)
		b'[unknown]' (6236f9de9766)
		b'[unknown]' (6236f9debc77)
		b'[unknown]' (6236f9de1017)
		b'[unknown]' (6236f9de0ad7)
		b'[unknown]' (6236f9ee9067)
		b'[unknown]' (6236f9ee9619)
		b'[unknown]' (6236f9e080f3)
		b'[unknown]' (6236f9e484f0)
		b'[unknown]' (6236f9e48853)
		b'[unknown]' (6236f9e61631)
		b'[unknown]' (6236f9e61f53)
		b'[unknown]' (6236f9c930bc)
		b'[unknown]' (6236fce6a31e)
		b'[unknown]' (6236fabcedde)
		b'[unknown]' (6236fabcfc72)
		b'[unknown]' (6236fabd1315)
		b'[unknown]' (6236fa62547f)
		b'[unknown]' (6236fa6257e5)
		b'[unknown]' (6236fa625ca5)
		b'[unknown]' (6236fa6273ec)
		b'[unknown]' (6236fa62808a)
		b'[unknown]' (6236fa62c176)
		b'[unknown]' (6236fa3321c9)
		b'[unknown]' (6236fa33dd18)
		b'[unknown]' (6236fa33e46b)
		b'[unknown]' (6236fa33dd70)
		b'[unknown]' (6236fed9754e)
		b'[unknown]' (6236f7ee69ac)
		b'[unknown]' (6236f7ee9125)
		b'[unknown]' (6236f7eec3a0)
		b'[unknown]' (6236f7eed325)
		b'[unknown]' (6236f7eec7be)
		b'[unknown]' (6236f7eec86f)
		b'[unknown]' (6236f7ee8ad5)
		b'[unknown]' (6236f7ee8bc3)
		b'[unknown]' (6236f7ef1105)
		b'[unknown]' (6236f7ee7eb9)
		b'[unknown]' (6236f7ee7f5b)
		b'[unknown]' (6236f7ef3e5e)
		b'[unknown]' (6236f7ef49e5)
		b'[unknown]' (6236f7ef5066)
		b'[unknown]' (6236f7ef5df5)
		b'[unknown]' (6236f7ed7f38)
		b'[unknown]' (6236fea64b8d)
		b'[unknown]' (6236fea65171)
		b'[unknown]' (6236fea651e4)
		b'[unknown]' (6236fea65273)
		b'[unknown]' (6236fea652d7)
		b'[unknown]' (6236fea6581e)
		b'[unknown]' (6236fea65a0e)
		b'[unknown]' (6236fea65aad)
		b'[unknown]' (6236fea65b3b)
		b'[unknown]' (6236fea666ca)
		b'[unknown]' (6236fea6678b)
		b'[unknown]' (6236fea6797d)
		b'[unknown]' (6236f7d88dd2)
		b'[unknown]' (6236fea6b3d9)
		b'[unknown]' (6236fea6c3d5)
		b'[unknown]' (6236fea6b380)
		b'[unknown]' (6236fea6c529)
		b'[unknown]' (6236f7d88dd2)
		b'[unknown]' (6236fee6a91a)
		b'[unknown]' (6236fee67893)
		b'[unknown]' (6236fee6899a)
		b'[unknown]' (6236f8525afc)
		b'[unknown]' (6236fee6d592)
		b'[unknown]' (6236fee6e112)
		b'[unknown]' (6236f8525afc)
		b'[unknown]' (6236fee6d4db)
		b'[unknown]' (7c043a894ac3)

	Not found in mutex_ids. mutex (b'[unknown]') 504dffac6428 ::: wait time 3.06us ::: hold time 8.75us ::: enter count 1
		b'[unknown]' (6236f9d72d71)
		b'[unknown]' (6236f9d73b35)
		b'[unknown]' (6236f9dbfb5f)
		b'[unknown]' (6236f9d66871)
		b'[unknown]' (6236f9e8a6ec)
		b'[unknown]' (6236f9e431e4)
		b'[unknown]' (6236f9e48204)
		b'[unknown]' (6236f9e48853)
		b'[unknown]' (6236f9e44556)
		b'[unknown]' (6236f9e4660e)
		b'[unknown]' (6236f9e48348)
		b'[unknown]' (6236f9e48853)
		b'[unknown]' (6236f9e61631)
		b'[unknown]' (6236f9e61f53)
		b'[unknown]' (6236f9c930bc)
		b'[unknown]' (6236fce6a31e)
		b'[unknown]' (6236fabcedde)
		b'[unknown]' (6236fabcfc72)
		b'[unknown]' (6236fabd1315)
		b'[unknown]' (6236fa62547f)
		b'[unknown]' (6236fa6257e5)
		b'[unknown]' (6236fa625ca5)
		b'[unknown]' (6236fa6273ec)
		b'[unknown]' (6236fa62808a)
		b'[unknown]' (6236fa62c176)
		b'[unknown]' (6236fa3321c9)
		b'[unknown]' (6236fa33dd18)
		b'[unknown]' (6236fa33e46b)
		b'[unknown]' (6236fa33dd70)
		b'[unknown]' (6236fed9754e)
		b'[unknown]' (6236f7ee69ac)
		b'[unknown]' (6236f7ee9125)
		b'[unknown]' (6236f7eec3a0)
		b'[unknown]' (6236f7eed325)
		b'[unknown]' (6236f7eec7be)
		b'[unknown]' (6236f7eec86f)
		b'[unknown]' (6236f7ee8ad5)
		b'[unknown]' (6236f7ee8bc3)
		b'[unknown]' (6236f7ef1105)
		b'[unknown]' (6236f7ee7eb9)
		b'[unknown]' (6236f7ee7f5b)
		b'[unknown]' (6236f7ef3e5e)
		b'[unknown]' (6236f7ef49e5)
		b'[unknown]' (6236f7ef5066)
		b'[unknown]' (6236f7ef5df5)
		b'[unknown]' (6236f7ed7f38)
		b'[unknown]' (6236fea64b8d)
		b'[unknown]' (6236fea65171)
		b'[unknown]' (6236fea651e4)
		b'[unknown]' (6236fea65273)
		b'[unknown]' (6236fea652d7)
		b'[unknown]' (6236fea6581e)
		b'[unknown]' (6236fea65a0e)
		b'[unknown]' (6236fea65aad)
		b'[unknown]' (6236fea65b3b)
		b'[unknown]' (6236fea666ca)
		b'[unknown]' (6236fea6678b)
		b'[unknown]' (6236fea6797d)
		b'[unknown]' (6236f7d88dd2)
		b'[unknown]' (6236fea6b3d9)
		b'[unknown]' (6236fea6c3d5)
		b'[unknown]' (6236fea6b380)
		b'[unknown]' (6236fea6c529)
		b'[unknown]' (6236f7d88dd2)
		b'[unknown]' (6236fee6a91a)
		b'[unknown]' (6236fee67893)
		b'[unknown]' (6236fee6899a)
		b'[unknown]' (6236f8525afc)
		b'[unknown]' (6236fee6d592)
		b'[unknown]' (6236fee6e112)
		b'[unknown]' (6236f8525afc)
		b'[unknown]' (6236fee6d4db)
		b'[unknown]' (7c043a894ac3)

	Not found in mutex_ids. mutex (b'[unknown]') 504df9790428 ::: wait time 3.04us ::: hold time 7.78us ::: enter count 1
		b'[unknown]' (6236f7d776a7)
		b'[unknown]' (6236f7d77cac)
		b'[unknown]' (6236f7d80eca)
		b'[unknown]' (6236feea0bc6)
		b'[unknown]' (6236fee9948d)
		b'[unknown]' (6236f7eacf5e)
		b'[unknown]' (6236fee9ba34)
		b'[unknown]' (6236fee9956f)
		b'[unknown]' (6236fabbb7da)
		b'[unknown]' (6236fcd474a9)
		b'[unknown]' (6236fcd47542)
		b'[unknown]' (6236fcd4743e)
		b'[unknown]' (6236fcd47924)
		b'[unknown]' (6236fa6250ce)
		b'[unknown]' (6236fa6257e5)
		b'[unknown]' (6236fa625ca5)
		b'[unknown]' (6236fa6273ec)
		b'[unknown]' (6236fa62808a)
		b'[unknown]' (6236fa62c176)
		b'[unknown]' (6236fa3321c9)
		b'[unknown]' (6236fa33dd18)
		b'[unknown]' (6236fa33e46b)
		b'[unknown]' (6236fa33dd70)
		b'[unknown]' (6236fed9754e)
		b'[unknown]' (6236f7ee69ac)
		b'[unknown]' (6236f7ee9125)
		b'[unknown]' (6236f7eec3a0)
		b'[unknown]' (6236f7eed325)
		b'[unknown]' (6236f7eec7be)
		b'[unknown]' (6236f7eec86f)
		b'[unknown]' (6236f7ee8ad5)
		b'[unknown]' (6236f7ee8bc3)
		b'[unknown]' (6236f7ef1105)
		b'[unknown]' (6236f7ee7eb9)
		b'[unknown]' (6236f7ee7f5b)
		b'[unknown]' (6236f7ef3e5e)
		b'[unknown]' (6236f7ef49e5)
		b'[unknown]' (6236f7ef5066)
		b'[unknown]' (6236f7ef5df5)
		b'[unknown]' (6236f7ed7f38)
		b'[unknown]' (6236fea64b8d)
		b'[unknown]' (6236fea65171)
		b'[unknown]' (6236fea651e4)
		b'[unknown]' (6236fea65273)
		b'[unknown]' (6236fea652d7)
		b'[unknown]' (6236fea6581e)
		b'[unknown]' (6236fea65a0e)
		b'[unknown]' (6236fea65aad)
		b'[unknown]' (6236fea65b3b)
		b'[unknown]' (6236fea666ca)
		b'[unknown]' (6236fea6678b)
		b'[unknown]' (6236fea6797d)
		b'[unknown]' (6236f7d88dd2)
		b'[unknown]' (6236fea6b3d9)
		b'[unknown]' (6236fea6c3d5)
		b'[unknown]' (6236fea6b380)
		b'[unknown]' (6236fea6c529)
		b'[unknown]' (6236f7d88dd2)
		b'[unknown]' (6236fee6a91a)
		b'[unknown]' (6236fee67893)
		b'[unknown]' (6236fee6899a)
		b'[unknown]' (6236f8525afc)
		b'[unknown]' (6236fee6d592)
		b'[unknown]' (6236fee6e112)
		b'[unknown]' (6236f8525afc)
		b'[unknown]' (6236fee6d4db)
		b'[unknown]' (7c043a894ac3)

	Not found in mutex_ids. mutex (b'[unknown]') 504df9790428 ::: wait time 3.03us ::: hold time 9.03us ::: enter count 1
		b'[unknown]' (6236f7d776a7)
		b'[unknown]' (6236f7d77cac)
		b'[unknown]' (6236f7d80eca)
		b'[unknown]' (6236feea0bc6)
		b'[unknown]' (6236fee9b7d2)
		b'[unknown]' (6236fee97f34)
		b'[unknown]' (6236fee83719)
		b'[unknown]' (6236f86e50f4)
		b'[unknown]' (6236f8b18bb2)
		b'[unknown]' (6236f8b43b38)
		b'[unknown]' (6236fabc9f36)
		b'[unknown]' (6236fabcf9a5)
		b'[unknown]' (6236fabd1315)
		b'[unknown]' (6236fa62547f)
		b'[unknown]' (6236fa6257e5)
		b'[unknown]' (6236fa625ca5)
		b'[unknown]' (6236fa6273ec)
		b'[unknown]' (6236fa62808a)
		b'[unknown]' (6236fa62c176)
		b'[unknown]' (6236fa3321c9)
		b'[unknown]' (6236fa33dd18)
		b'[unknown]' (6236fa33e46b)
		b'[unknown]' (6236fa33dd70)
		b'[unknown]' (6236fed9754e)
		b'[unknown]' (6236f7ee69ac)
		b'[unknown]' (6236f7ee9125)
		b'[unknown]' (6236f7eec3a0)
		b'[unknown]' (6236f7eed325)
		b'[unknown]' (6236f7eec7be)
		b'[unknown]' (6236f7eec86f)
		b'[unknown]' (6236f7ee8ad5)
		b'[unknown]' (6236f7ee8bc3)
		b'[unknown]' (6236f7ef1105)
		b'[unknown]' (6236f7ee7eb9)
		b'[unknown]' (6236f7ee7f5b)
		b'[unknown]' (6236f7ef3e5e)
		b'[unknown]' (6236f7ef49e5)
		b'[unknown]' (6236f7ef5066)
		b'[unknown]' (6236f7ef5df5)
		b'[unknown]' (6236f7ed7f38)
		b'[unknown]' (6236fea64b8d)
		b'[unknown]' (6236fea65171)
		b'[unknown]' (6236fea651e4)
		b'[unknown]' (6236fea65273)
		b'[unknown]' (6236fea652d7)
		b'[unknown]' (6236fea6581e)
		b'[unknown]' (6236fea65a0e)
		b'[unknown]' (6236fea65aad)
		b'[unknown]' (6236fea65b3b)
		b'[unknown]' (6236fea666ca)
		b'[unknown]' (6236fea6678b)
		b'[unknown]' (6236fea6797d)
		b'[unknown]' (6236f7d88dd2)
		b'[unknown]' (6236fea6b3d9)
		b'[unknown]' (6236fea6c3d5)
		b'[unknown]' (6236fea6b380)
		b'[unknown]' (6236fea6c529)
		b'[unknown]' (6236f7d88dd2)
		b'[unknown]' (6236fee6a91a)
		b'[unknown]' (6236fee67893)
		b'[unknown]' (6236fee6899a)
		b'[unknown]' (6236f8525afc)
		b'[unknown]' (6236fee6d592)
		b'[unknown]' (6236fee6e112)
		b'[unknown]' (6236f8525afc)
		b'[unknown]' (6236fee6d4db)
		b'[unknown]' (7c043a894ac3)

	Not found in mutex_ids. mutex (b'[unknown]') 62370727d848 ::: wait time 3.03us ::: hold time 16.20us ::: enter count 1
		b'[unknown]' (ec84e9)
		b'[unknown]' (f2a534)
		b'[unknown]' (f2da94)
		b'[unknown]' (f2dbe0)
		b'[unknown]' (18eed86)
		b'[unknown]' (18eedf3)
		b'[unknown]' (f2ed73)
		b'[unknown]' (eafab5)
		b'[unknown]' (ebe4d0)
		b'[unknown]' (ebeeb0)
		b'[unknown]' (ec1e2e)
		b'[unknown]' (e8336a)
		b'[unknown]' (11fc0b6)
		b'[unknown]' (15f0b19)
		b'[unknown]' (158105a)
		b'[unknown]' (1580b0f)
		b'[unknown]' (7cedaa986d33)
		b'[unknown]' (7cedaa991ee7)
		b'[unknown]' (7cedaa9a677a)
		b'[unknown]' (7cedaa9df21d)
		b'[unknown]' (7cedaa95e71e)
		b'[unknown]' (7cedaa90705f)
		b'[unknown]' (7cedaa93618b)
		b'[unknown]' (7cedaa90b019)
		b'[unknown]' (7cedaa9d9238)
		b'[unknown]' (7cedaa8f4652)
		b'[unknown]' (15817d8)
		b'[unknown]' (1581563)
		b'[unknown]' (e22ea8)
		b'[unknown]' (e23cff)
		b'[unknown]' (d13ba2)
		b'[unknown]' (a43295)
		b'[unknown]' (a54019)
		b'[unknown]' (be0c7d)
		b'[unknown]' (156c99d)
		b'[unknown]' (156e30b)
		b'[unknown]' (1575dc6)
		b'[unknown]' (1563d18)
		b'[unknown]' (a43dd5)
		b'[unknown]' (b4bab6)
		b'[unknown]' (acd3f2)
		b'[unknown]' (7cedb9829d90)

	Not found in mutex_ids. mutex (b'[unknown]') 504dff61aae8 ::: wait time 3.02us ::: hold time 7.88us ::: enter count 1
		b'[unknown]' (6236f9dbad00)
		b'[unknown]' (6236f9dbfc92)
		b'[unknown]' (6236f9d66871)
		b'[unknown]' (6236f9e8a6ec)
		b'[unknown]' (6236f9e431e4)
		b'[unknown]' (6236f9e48204)
		b'[unknown]' (6236f9e48853)
		b'[unknown]' (6236f9e44556)
		b'[unknown]' (6236f9e4660e)
		b'[unknown]' (6236f9e48348)
		b'[unknown]' (6236f9e48853)
		b'[unknown]' (6236f9e61631)
		b'[unknown]' (6236f9e61f53)
		b'[unknown]' (6236f9c930bc)
		b'[unknown]' (6236fce6a31e)
		b'[unknown]' (6236fabcedde)
		b'[unknown]' (6236fabcfc72)
		b'[unknown]' (6236fabd1315)
		b'[unknown]' (6236fa62547f)
		b'[unknown]' (6236fa6257e5)
		b'[unknown]' (6236fa625ca5)
		b'[unknown]' (6236fa6273ec)
		b'[unknown]' (6236fa62808a)
		b'[unknown]' (6236fa62c176)
		b'[unknown]' (6236fa3321c9)
		b'[unknown]' (6236fa33dd18)
		b'[unknown]' (6236fa33e46b)
		b'[unknown]' (6236fa33dd70)
		b'[unknown]' (6236fed9754e)
		b'[unknown]' (6236f7ee69ac)
		b'[unknown]' (6236f7ee9125)
		b'[unknown]' (6236f7eec3a0)
		b'[unknown]' (6236f7eed325)
		b'[unknown]' (6236f7eec7be)
		b'[unknown]' (6236f7eec86f)
		b'[unknown]' (6236f7ee8ad5)
		b'[unknown]' (6236f7ee8bc3)
		b'[unknown]' (6236f7ef1105)
		b'[unknown]' (6236f7ee7eb9)
		b'[unknown]' (6236f7ee7f5b)
		b'[unknown]' (6236f7ef3e5e)
		b'[unknown]' (6236f7ef49e5)
		b'[unknown]' (6236f7ef5066)
		b'[unknown]' (6236f7ef5df5)
		b'[unknown]' (6236f7ed7f38)
		b'[unknown]' (6236fea64b8d)
		b'[unknown]' (6236fea65171)
		b'[unknown]' (6236fea651e4)
		b'[unknown]' (6236fea65273)
		b'[unknown]' (6236fea652d7)
		b'[unknown]' (6236fea6581e)
		b'[unknown]' (6236fea65a0e)
		b'[unknown]' (6236fea65aad)
		b'[unknown]' (6236fea65b3b)
		b'[unknown]' (6236fea666ca)
		b'[unknown]' (6236fea6678b)
		b'[unknown]' (6236fea6797d)
		b'[unknown]' (6236f7d88dd2)
		b'[unknown]' (6236fea6b3d9)
		b'[unknown]' (6236fea6c3d5)
		b'[unknown]' (6236fea6b380)
		b'[unknown]' (6236fea6c529)
		b'[unknown]' (6236f7d88dd2)
		b'[unknown]' (6236fee6a91a)
		b'[unknown]' (6236fee67893)
		b'[unknown]' (6236fee6899a)
		b'[unknown]' (6236f8525afc)
		b'[unknown]' (6236fee6d592)
		b'[unknown]' (6236fee6e112)
		b'[unknown]' (6236f8525afc)
		b'[unknown]' (6236fee6d4db)
		b'[unknown]' (7c043a894ac3)

	Not found in mutex_ids. mutex (b'[unknown]') 504df9790428 ::: wait time 3.01us ::: hold time 8.05us ::: enter count 1
		b'[unknown]' (6236f7d776a7)
		b'[unknown]' (6236f7d77cac)
		b'[unknown]' (6236f7d80eca)
		b'[unknown]' (6236feea0bc6)
		b'[unknown]' (6236fee9948d)
		b'[unknown]' (6236fee9970e)
		b'[unknown]' (6236fce6a11c)
		b'[unknown]' (6236fabcedde)
		b'[unknown]' (6236fabcfc72)
		b'[unknown]' (6236fabd1315)
		b'[unknown]' (6236fa62547f)
		b'[unknown]' (6236fa6257e5)
		b'[unknown]' (6236fa625ca5)
		b'[unknown]' (6236fa6273ec)
		b'[unknown]' (6236fa62808a)
		b'[unknown]' (6236fa62c176)
		b'[unknown]' (6236fa3321c9)
		b'[unknown]' (6236fa33dd18)
		b'[unknown]' (6236fa33e46b)
		b'[unknown]' (6236fa33dd70)
		b'[unknown]' (6236fed9754e)
		b'[unknown]' (6236f7ee69ac)
		b'[unknown]' (6236f7ee9125)
		b'[unknown]' (6236f7eec3a0)
		b'[unknown]' (6236f7eed325)
		b'[unknown]' (6236f7eec7be)
		b'[unknown]' (6236f7eec86f)
		b'[unknown]' (6236f7ee8ad5)
		b'[unknown]' (6236f7ee8bc3)
		b'[unknown]' (6236f7ef1105)
		b'[unknown]' (6236f7ee7eb9)
		b'[unknown]' (6236f7ee7f5b)
		b'[unknown]' (6236f7ef3e5e)
		b'[unknown]' (6236f7ef49e5)
		b'[unknown]' (6236f7ef5066)
		b'[unknown]' (6236f7ef5df5)
		b'[unknown]' (6236f7ed7f38)
		b'[unknown]' (6236fea64b8d)
		b'[unknown]' (6236fea65171)
		b'[unknown]' (6236fea651e4)
		b'[unknown]' (6236fea65273)
		b'[unknown]' (6236fea652d7)
		b'[unknown]' (6236fea6581e)
		b'[unknown]' (6236fea65a0e)
		b'[unknown]' (6236fea65aad)
		b'[unknown]' (6236fea65b3b)
		b'[unknown]' (6236fea666ca)
		b'[unknown]' (6236fea6678b)
		b'[unknown]' (6236fea6797d)
		b'[unknown]' (6236f7d88dd2)
		b'[unknown]' (6236fea6b3d9)
		b'[unknown]' (6236fea6c3d5)
		b'[unknown]' (6236fea6b380)
		b'[unknown]' (6236fea6c529)
		b'[unknown]' (6236f7d88dd2)
		b'[unknown]' (6236fee6a91a)
		b'[unknown]' (6236fee67893)
		b'[unknown]' (6236fee6899a)
		b'[unknown]' (6236f8525afc)
		b'[unknown]' (6236fee6d592)
		b'[unknown]' (6236fee6e112)
		b'[unknown]' (6236f8525afc)
		b'[unknown]' (6236fee6d4db)
		b'[unknown]' (7c043a894ac3)

	Not found in mutex_ids. mutex (b'[unknown]') 504dff61a970 ::: wait time 3.01us ::: hold time 8.64us ::: enter count 1
		b'[unknown]' (7d9052c38b49)
		b'[unknown]' (7d9052c3ff48)
		b'[unknown]' (7d9083ee62b3)

	Not found in mutex_ids. mutex (b'[unknown]') 504df9790428 ::: wait time 3.00us ::: hold time 8.31us ::: enter count 1
		b'[unknown]' (6236f7d776a7)
		b'[unknown]' (6236f7d77cac)
		b'[unknown]' (6236f7d80eca)
		b'[unknown]' (6236feea0bc6)
		b'[unknown]' (6236fee9948d)
		b'[unknown]' (6236feea0838)
		b'[unknown]' (6236fee9ba64)
		b'[unknown]' (6236fee996a4)
		b'[unknown]' (6236fcda7515)
		b'[unknown]' (6236fcda7490)
		b'[unknown]' (6236fabed4d9)
		b'[unknown]' (6236fabcfebc)
		b'[unknown]' (6236fabd1315)
		b'[unknown]' (6236fa62547f)
		b'[unknown]' (6236fa6257e5)
		b'[unknown]' (6236fa625ca5)
		b'[unknown]' (6236fa6273ec)
		b'[unknown]' (6236fa62808a)
		b'[unknown]' (6236fa62c176)
		b'[unknown]' (6236fa3321c9)
		b'[unknown]' (6236fa33dd18)
		b'[unknown]' (6236fa33e46b)
		b'[unknown]' (6236fa33dd70)
		b'[unknown]' (6236fed9754e)
		b'[unknown]' (6236f7ee69ac)
		b'[unknown]' (6236f7ee9125)
		b'[unknown]' (6236f7eec3a0)
		b'[unknown]' (6236f7eed325)
		b'[unknown]' (6236f7eec7be)
		b'[unknown]' (6236f7eec86f)
		b'[unknown]' (6236f7ee8ad5)
		b'[unknown]' (6236f7ee8bc3)
		b'[unknown]' (6236f7ef1105)
		b'[unknown]' (6236f7ee7eb9)
		b'[unknown]' (6236f7ee7f5b)
		b'[unknown]' (6236f7ef3e5e)
		b'[unknown]' (6236f7ef49e5)
		b'[unknown]' (6236f7ef5066)
		b'[unknown]' (6236f7ef5df5)
		b'[unknown]' (6236f7ed7f38)
		b'[unknown]' (6236fea64b8d)
		b'[unknown]' (6236fea65171)
		b'[unknown]' (6236fea651e4)
		b'[unknown]' (6236fea65273)
		b'[unknown]' (6236fea652d7)
		b'[unknown]' (6236fea6581e)
		b'[unknown]' (6236fea65a0e)
		b'[unknown]' (6236fea65aad)
		b'[unknown]' (6236fea65b3b)
		b'[unknown]' (6236fea666ca)
		b'[unknown]' (6236fea6678b)
		b'[unknown]' (6236fea6797d)
		b'[unknown]' (6236f7d88dd2)
		b'[unknown]' (6236fea6b3d9)
		b'[unknown]' (6236fea6c3d5)
		b'[unknown]' (6236fea6b380)
		b'[unknown]' (6236fea6c529)
		b'[unknown]' (6236f7d88dd2)
		b'[unknown]' (6236fee6a91a)
		b'[unknown]' (6236fee67893)
		b'[unknown]' (6236fee6899a)
		b'[unknown]' (6236f8525afc)
		b'[unknown]' (6236fee6d592)
		b'[unknown]' (6236fee6e112)
		b'[unknown]' (6236f8525afc)
		b'[unknown]' (6236fee6d4db)
		b'[unknown]' (7c043a894ac3)

	Not found in mutex_ids. mutex (b'[unknown]') 504dffeb49d8 ::: wait time 3.00us ::: hold time 36.30us ::: enter count 1
		b'[unknown]' (6236f7d776a7)
		b'[unknown]' (6236f7d77cac)
		b'[unknown]' (6236f7d87796)
		b'[unknown]' (6236ffd27b39)
		b'[unknown]' (6236ffd2759d)
		b'[unknown]' (6236ffd26ead)
		b'[unknown]' (6236ffd25a4a)
		b'[unknown]' (6236ffd2454c)
		b'[unknown]' (6236ffd104f0)
		b'[unknown]' (62370064b484)
		b'[unknown]' (6236ffcfcdd1)
		b'[unknown]' (6236ffcfbf3d)
		b'[unknown]' (6236ffcfaaee)
		b'[unknown]' (6236ffcfae5a)
		b'[unknown]' (6236fbf85a67)
		b'[unknown]' (6236fbf85269)
		b'[unknown]' (6236fbf86235)
		b'[unknown]' (6236fbf85c9e)
		b'[unknown]' (6236fbf85358)
		b'[unknown]' (6236fbf853a7)
		b'[unknown]' (6236fbf85545)
		b'[unknown]' (6236fbf81959)
		b'[unknown]' (6236fbf82370)
		b'[unknown]' (6236ffa43bd4)
		b'[unknown]' (6236ffa43250)
		b'[unknown]' (6236f9d0042d)
		b'[unknown]' (6236f9d00c28)
		b'[unknown]' (6236ffa43352)
		b'[unknown]' (6236ffa3d62a)
		b'[unknown]' (6236fa6254dd)
		b'[unknown]' (6236fa6257e5)
		b'[unknown]' (6236fa625ca5)
		b'[unknown]' (6236fa6273ec)
		b'[unknown]' (6236fa62808a)
		b'[unknown]' (6236fa62c176)
		b'[unknown]' (6236fa3321c9)
		b'[unknown]' (6236fa33dd18)
		b'[unknown]' (6236fa33e46b)
		b'[unknown]' (6236fa33dd70)
		b'[unknown]' (6236fed9754e)
		b'[unknown]' (6236f7ee69ac)
		b'[unknown]' (6236f7ee9125)
		b'[unknown]' (6236f7eec3a0)
		b'[unknown]' (6236f7eed325)
		b'[unknown]' (6236f7eec7be)
		b'[unknown]' (6236f7eec86f)
		b'[unknown]' (6236f7ee8ad5)
		b'[unknown]' (6236f7ee8bc3)
		b'[unknown]' (6236f7ef1105)
		b'[unknown]' (6236f7ee7eb9)
		b'[unknown]' (6236f7ee7f5b)
		b'[unknown]' (6236f7ef3e5e)
		b'[unknown]' (6236f7ef49e5)
		b'[unknown]' (6236f7ef5066)
		b'[unknown]' (6236f7ef5df5)
		b'[unknown]' (6236f7ed7f38)
		b'[unknown]' (6236fea64b8d)
		b'[unknown]' (6236fea65171)
		b'[unknown]' (6236fea651e4)
		b'[unknown]' (6236fea65273)
		b'[unknown]' (6236fea652d7)
		b'[unknown]' (6236fea6581e)
		b'[unknown]' (6236fea65a0e)
		b'[unknown]' (6236fea65aad)
		b'[unknown]' (6236fea65b3b)
		b'[unknown]' (6236fea666ca)
		b'[unknown]' (6236fea6678b)
		b'[unknown]' (6236fea6797d)
		b'[unknown]' (6236f7d88dd2)
		b'[unknown]' (6236fea6b3d9)
		b'[unknown]' (6236fea6c3d5)
		b'[unknown]' (6236fea6b380)
		b'[unknown]' (6236fea6c529)
		b'[unknown]' (6236f7d88dd2)
		b'[unknown]' (6236fee6a91a)
		b'[unknown]' (6236fee67893)
		b'[unknown]' (6236fee6899a)
		b'[unknown]' (6236f8525afc)
		b'[unknown]' (6236fee6d592)
		b'[unknown]' (6236fee6e112)
		b'[unknown]' (6236f8525afc)
		b'[unknown]' (6236fee6d4db)
		b'[unknown]' (7c043a894ac3)

	Not found in mutex_ids. mutex (b'[unknown]') 504dffc3b070 ::: wait time 3.00us ::: hold time 8.73us ::: enter count 1
		b'[unknown]' (6236f9ad3c3a)
		b'[unknown]' (6236f9ad6190)
		b'[unknown]' (6236fee87859)
		b'[unknown]' (6236fee9a513)
		b'[unknown]' (6236fee97c33)
		b'[unknown]' (6236fee84be4)
		b'[unknown]' (6236fa625105)
		b'[unknown]' (6236fa6257e5)
		b'[unknown]' (6236fa625ca5)
		b'[unknown]' (6236fa6273ec)
		b'[unknown]' (6236fa62808a)
		b'[unknown]' (6236fa62c176)
		b'[unknown]' (6236fa3321c9)
		b'[unknown]' (6236fa33dd18)
		b'[unknown]' (6236fa33e46b)
		b'[unknown]' (6236fa33dd70)
		b'[unknown]' (6236fed9754e)
		b'[unknown]' (6236f7ee69ac)
		b'[unknown]' (6236f7ee9125)
		b'[unknown]' (6236f7eec3a0)
		b'[unknown]' (6236f7eed325)
		b'[unknown]' (6236f7eec7be)
		b'[unknown]' (6236f7eec86f)
		b'[unknown]' (6236f7ee8ad5)
		b'[unknown]' (6236f7ee8bc3)
		b'[unknown]' (6236f7ef1105)
		b'[unknown]' (6236f7ee7eb9)
		b'[unknown]' (6236f7ee7f5b)
		b'[unknown]' (6236f7ef3e5e)
		b'[unknown]' (6236f7ef49e5)
		b'[unknown]' (6236f7ef5066)
		b'[unknown]' (6236f7ef5df5)
		b'[unknown]' (6236f7ed7f38)
		b'[unknown]' (6236fea64b8d)
		b'[unknown]' (6236fea65171)
		b'[unknown]' (6236fea651e4)
		b'[unknown]' (6236fea65273)
		b'[unknown]' (6236fea652d7)
		b'[unknown]' (6236fea6581e)
		b'[unknown]' (6236fea65a0e)
		b'[unknown]' (6236fea65aad)
		b'[unknown]' (6236fea65b3b)
		b'[unknown]' (6236fea666ca)
		b'[unknown]' (6236fea6678b)
		b'[unknown]' (6236fea6797d)
		b'[unknown]' (6236f7d88dd2)
		b'[unknown]' (6236fea6b3d9)
		b'[unknown]' (6236fea6c3d5)
		b'[unknown]' (6236fea6b380)
		b'[unknown]' (6236fea6c529)
		b'[unknown]' (6236f7d88dd2)
		b'[unknown]' (6236fee6a91a)
		b'[unknown]' (6236fee67893)
		b'[unknown]' (6236fee6899a)
		b'[unknown]' (6236f8525afc)
		b'[unknown]' (6236fee6d592)
		b'[unknown]' (6236fee6e112)
		b'[unknown]' (6236f8525afc)
		b'[unknown]' (6236fee6d4db)
		b'[unknown]' (7c043a894ac3)

	Not found in mutex_ids. mutex (b'[unknown]') 504dffac50b8 ::: wait time 3.00us ::: hold time 19.98us ::: enter count 1
		b'[unknown]' (6236f9e588c3)
		b'[unknown]' (6236f9e5b865)
		b'[unknown]' (6236f9e5b02d)
		b'[unknown]' (6236f9d0fa2a)
		b'[unknown]' (6236f9cdaa30)
		b'[unknown]' (6236f9cda37e)
		b'[unknown]' (6236f9cdac71)
		b'[unknown]' (6236f9cd39f4)
		b'[unknown]' (6236f9cd354b)
		b'[unknown]' (6236fd111330)
		b'[unknown]' (6236fce813e9)
		b'[unknown]' (6236fce83735)
		b'[unknown]' (6236fa6263f8)
		b'[unknown]' (6236fa627794)
		b'[unknown]' (6236fa627a6a)
		b'[unknown]' (6236fa628429)
		b'[unknown]' (6236fa62c176)
		b'[unknown]' (6236fa3321c9)
		b'[unknown]' (6236fa33dd18)
		b'[unknown]' (6236fa33e46b)
		b'[unknown]' (6236fa33dd70)
		b'[unknown]' (6236fed9754e)
		b'[unknown]' (6236f7ee69ac)
		b'[unknown]' (6236f7ee9125)
		b'[unknown]' (6236f7eec3a0)
		b'[unknown]' (6236f7eed325)
		b'[unknown]' (6236f7eec7be)
		b'[unknown]' (6236f7eec86f)
		b'[unknown]' (6236f7ee8ad5)
		b'[unknown]' (6236f7ee8bc3)
		b'[unknown]' (6236f7ef1105)
		b'[unknown]' (6236f7ee7eb9)
		b'[unknown]' (6236f7ee7f5b)
		b'[unknown]' (6236f7ef3e5e)
		b'[unknown]' (6236f7ef49e5)
		b'[unknown]' (6236f7ef5066)
		b'[unknown]' (6236f7ef5df5)
		b'[unknown]' (6236f7ed7f38)
		b'[unknown]' (6236fea64b8d)
		b'[unknown]' (6236fea65171)
		b'[unknown]' (6236fea651e4)
		b'[unknown]' (6236fea65273)
		b'[unknown]' (6236fea652d7)
		b'[unknown]' (6236fea6581e)
		b'[unknown]' (6236fea65a0e)
		b'[unknown]' (6236fea65aad)
		b'[unknown]' (6236fea65b3b)
		b'[unknown]' (6236fea666ca)
		b'[unknown]' (6236fea6678b)
		b'[unknown]' (6236fea6797d)
		b'[unknown]' (6236f7d88dd2)
		b'[unknown]' (6236fea6b3d9)
		b'[unknown]' (6236fea6c3d5)
		b'[unknown]' (6236fea6b380)
		b'[unknown]' (6236fea6c529)
		b'[unknown]' (6236f7d88dd2)
		b'[unknown]' (6236fee6a91a)
		b'[unknown]' (6236fee67893)
		b'[unknown]' (6236fee6899a)
		b'[unknown]' (6236f8525afc)
		b'[unknown]' (6236fee6d592)
		b'[unknown]' (6236fee6e112)
		b'[unknown]' (6236f8525afc)
		b'[unknown]' (6236fee6d4db)
		b'[unknown]' (7c043a894ac3)

	Not found in mutex_ids. mutex (b'[unknown]') 504dffc39700 ::: wait time 2.99us ::: hold time 8.52us ::: enter count 1
		b'[unknown]' (6236f7d776a7)
		b'[unknown]' (6236f7d77cac)
		b'[unknown]' (6236f7d9daa5)
		b'[unknown]' (6236f7d87c9d)
		b'[unknown]' (6236f8efa707)
		b'[unknown]' (6236f8ef8ec9)
		b'[unknown]' (6236fc0b1710)
		b'[unknown]' (6236fc0b114c)
		b'[unknown]' (6236fc0af2b9)
		b'[unknown]' (6236fc0af049)
		b'[unknown]' (6236fbf92a10)
		b'[unknown]' (6236fbf92a3b)
		b'[unknown]' (6236fbf929ca)
		b'[unknown]' (6236fbf9288d)
		b'[unknown]' (6236f7d9cab7)
		b'[unknown]' (6236f7d862a3)
		b'[unknown]' (6236f89831bc)
		b'[unknown]' (6236fbf8daaa)
		b'[unknown]' (6236fbf8c9cc)
		b'[unknown]' (6236fbf8ad1b)
		b'[unknown]' (6236fbf8b03d)
		b'[unknown]' (6236fbf8082d)
		b'[unknown]' (6236fbf8130d)
		b'[unknown]' (6236fabed75d)
		b'[unknown]' (6236fabcfebc)
		b'[unknown]' (6236fabd1315)
		b'[unknown]' (6236fa62547f)
		b'[unknown]' (6236fa6257e5)
		b'[unknown]' (6236fa625ca5)
		b'[unknown]' (6236fa6273ec)
		b'[unknown]' (6236fa62808a)
		b'[unknown]' (6236fa62c176)
		b'[unknown]' (6236fa3321c9)
		b'[unknown]' (6236fa33dd18)
		b'[unknown]' (6236fa33e46b)
		b'[unknown]' (6236fa33dd70)
		b'[unknown]' (6236fed9754e)
		b'[unknown]' (6236f7ee69ac)
		b'[unknown]' (6236f7ee9125)
		b'[unknown]' (6236f7eec3a0)
		b'[unknown]' (6236f7eed325)
		b'[unknown]' (6236f7eec7be)
		b'[unknown]' (6236f7eec86f)
		b'[unknown]' (6236f7ee8ad5)
		b'[unknown]' (6236f7ee8bc3)
		b'[unknown]' (6236f7ef1105)
		b'[unknown]' (6236f7ee7eb9)
		b'[unknown]' (6236f7ee7f5b)
		b'[unknown]' (6236f7ef3e5e)
		b'[unknown]' (6236f7ef49e5)
		b'[unknown]' (6236f7ef5066)
		b'[unknown]' (6236f7ef5df5)
		b'[unknown]' (6236f7ed7f38)
		b'[unknown]' (6236fea64b8d)
		b'[unknown]' (6236fea65171)
		b'[unknown]' (6236fea651e4)
		b'[unknown]' (6236fea65273)
		b'[unknown]' (6236fea652d7)
		b'[unknown]' (6236fea6581e)
		b'[unknown]' (6236fea65a0e)
		b'[unknown]' (6236fea65aad)
		b'[unknown]' (6236fea65b3b)
		b'[unknown]' (6236fea666ca)
		b'[unknown]' (6236fea6678b)
		b'[unknown]' (6236fea6797d)
		b'[unknown]' (6236f7d88dd2)
		b'[unknown]' (6236fea6b3d9)
		b'[unknown]' (6236fea6c3d5)
		b'[unknown]' (6236fea6b380)
		b'[unknown]' (6236fea6c529)
		b'[unknown]' (6236f7d88dd2)
		b'[unknown]' (6236fee6a91a)
		b'[unknown]' (6236fee67893)
		b'[unknown]' (6236fee6899a)
		b'[unknown]' (6236f8525afc)
		b'[unknown]' (6236fee6d592)
		b'[unknown]' (6236fee6e112)
		b'[unknown]' (6236f8525afc)
		b'[unknown]' (6236fee6d4db)
		b'[unknown]' (7c043a894ac3)

	Not found in mutex_ids. mutex (b'[unknown]') 504dff61ab48 ::: wait time 2.99us ::: hold time 8.20us ::: enter count 1
		b'[unknown]' (6236f7d776a7)
		b'[unknown]' (6236f7d77cac)
		b'[unknown]' (6236f7d9daa5)
		b'[unknown]' (6236f7d87c9d)
		b'[unknown]' (6236f7d8817f)
		b'[unknown]' (6236ffa3c0ec)
		b'[unknown]' (6236ffa3aa7e)
		b'[unknown]' (6236f95676d9)
		b'[unknown]' (6236f9566a17)
		b'[unknown]' (6236f9567af9)
		b'[unknown]' (6236f95679ea)
		b'[unknown]' (6236f9567743)
		b'[unknown]' (6236f956777d)
		b'[unknown]' (6236f95677ee)
		b'[unknown]' (6236f9568168)
		b'[unknown]' (6236f956812b)
		b'[unknown]' (6236f95680d8)
		b'[unknown]' (6236f95680ac)
		b'[unknown]' (6236f9568090)
		b'[unknown]' (7c043ace62b3)

	Not found in mutex_ids. mutex (b'[unknown]') 504dffc3b070 ::: wait time 2.98us ::: hold time 8.73us ::: enter count 1
		b'[unknown]' (6236f9ad3c3a)
		b'[unknown]' (6236f9ad6190)
		b'[unknown]' (6236fee87859)
		b'[unknown]' (6236fee9a513)
		b'[unknown]' (6236fee97c33)
		b'[unknown]' (6236fee836b1)
		b'[unknown]' (6236f86e50d5)
		b'[unknown]' (6236fd146c79)
		b'[unknown]' (6236fd146e4d)
		b'[unknown]' (6236fabc9e97)
		b'[unknown]' (6236fabcf9a5)
		b'[unknown]' (6236fabd1315)
		b'[unknown]' (6236fa62547f)
		b'[unknown]' (6236fa6257e5)
		b'[unknown]' (6236fa625ca5)
		b'[unknown]' (6236fa6273ec)
		b'[unknown]' (6236fa62808a)
		b'[unknown]' (6236fa62c176)
		b'[unknown]' (6236fa3321c9)
		b'[unknown]' (6236fa33dd18)
		b'[unknown]' (6236fa33e46b)
		b'[unknown]' (6236fa33dd70)
		b'[unknown]' (6236fed9754e)
		b'[unknown]' (6236f7ee69ac)
		b'[unknown]' (6236f7ee9125)
		b'[unknown]' (6236f7eec3a0)
		b'[unknown]' (6236f7eed325)
		b'[unknown]' (6236f7eec7be)
		b'[unknown]' (6236f7eec86f)
		b'[unknown]' (6236f7ee8ad5)
		b'[unknown]' (6236f7ee8bc3)
		b'[unknown]' (6236f7ef1105)
		b'[unknown]' (6236f7ee7eb9)
		b'[unknown]' (6236f7ee7f5b)
		b'[unknown]' (6236f7ef3e5e)
		b'[unknown]' (6236f7ef49e5)
		b'[unknown]' (6236f7ef5066)
		b'[unknown]' (6236f7ef5df5)
		b'[unknown]' (6236f7ed7f38)
		b'[unknown]' (6236fea64b8d)
		b'[unknown]' (6236fea65171)
		b'[unknown]' (6236fea651e4)
		b'[unknown]' (6236fea65273)
		b'[unknown]' (6236fea652d7)
		b'[unknown]' (6236fea6581e)
		b'[unknown]' (6236fea65a0e)
		b'[unknown]' (6236fea65aad)
		b'[unknown]' (6236fea65b3b)
		b'[unknown]' (6236fea666ca)
		b'[unknown]' (6236fea6678b)
		b'[unknown]' (6236fea6797d)
		b'[unknown]' (6236f7d88dd2)
		b'[unknown]' (6236fea6b3d9)
		b'[unknown]' (6236fea6c3d5)
		b'[unknown]' (6236fea6b380)
		b'[unknown]' (6236fea6c529)
		b'[unknown]' (6236f7d88dd2)
		b'[unknown]' (6236fee6a91a)
		b'[unknown]' (6236fee67893)
		b'[unknown]' (6236fee6899a)
		b'[unknown]' (6236f8525afc)
		b'[unknown]' (6236fee6d592)
		b'[unknown]' (6236fee6e112)
		b'[unknown]' (6236f8525afc)
		b'[unknown]' (6236fee6d4db)
		b'[unknown]' (7c043a894ac3)

	Not found in mutex_ids. mutex (b'[unknown]') 504df9790428 ::: wait time 2.98us ::: hold time 8.88us ::: enter count 1
		b'[unknown]' (6236f7d776a7)
		b'[unknown]' (6236f7d77cac)
		b'[unknown]' (6236f7d80eca)
		b'[unknown]' (6236feea0bc6)
		b'[unknown]' (6236fee9948d)
		b'[unknown]' (6236f7efb57c)
		b'[unknown]' (6236fee99786)
		b'[unknown]' (6236fcda7515)
		b'[unknown]' (6236fcda7490)
		b'[unknown]' (6236fabed4d9)
		b'[unknown]' (6236fabcfebc)
		b'[unknown]' (6236fabd1315)
		b'[unknown]' (6236fa62547f)
		b'[unknown]' (6236fa6257e5)
		b'[unknown]' (6236fa625ca5)
		b'[unknown]' (6236fa6273ec)
		b'[unknown]' (6236fa62808a)
		b'[unknown]' (6236fa62c176)
		b'[unknown]' (6236fa3321c9)
		b'[unknown]' (6236fa33dd18)
		b'[unknown]' (6236fa33e46b)
		b'[unknown]' (6236fa33dd70)
		b'[unknown]' (6236fed9754e)
		b'[unknown]' (6236f7ee69ac)
		b'[unknown]' (6236f7ee9125)
		b'[unknown]' (6236f7eec3a0)
		b'[unknown]' (6236f7eed325)
		b'[unknown]' (6236f7eec7be)
		b'[unknown]' (6236f7eec86f)
		b'[unknown]' (6236f7ee8ad5)
		b'[unknown]' (6236f7ee8bc3)
		b'[unknown]' (6236f7ef1105)
		b'[unknown]' (6236f7ee7eb9)
		b'[unknown]' (6236f7ee7f5b)
		b'[unknown]' (6236f7ef3e5e)
		b'[unknown]' (6236f7ef49e5)
		b'[unknown]' (6236f7ef5066)
		b'[unknown]' (6236f7ef5df5)
		b'[unknown]' (6236f7ed7f38)
		b'[unknown]' (6236fea64b8d)
		b'[unknown]' (6236fea65171)
		b'[unknown]' (6236fea651e4)
		b'[unknown]' (6236fea65273)
		b'[unknown]' (6236fea652d7)
		b'[unknown]' (6236fea6581e)
		b'[unknown]' (6236fea65a0e)
		b'[unknown]' (6236fea65aad)
		b'[unknown]' (6236fea65b3b)
		b'[unknown]' (6236fea666ca)
		b'[unknown]' (6236fea6678b)
		b'[unknown]' (6236fea6797d)
		b'[unknown]' (6236f7d88dd2)
		b'[unknown]' (6236fea6b3d9)
		b'[unknown]' (6236fea6c3d5)
		b'[unknown]' (6236fea6b380)
		b'[unknown]' (6236fea6c529)
		b'[unknown]' (6236f7d88dd2)
		b'[unknown]' (6236fee6a91a)
		b'[unknown]' (6236fee67893)
		b'[unknown]' (6236fee6899a)
		b'[unknown]' (6236f8525afc)
		b'[unknown]' (6236fee6d592)
		b'[unknown]' (6236fee6e112)
		b'[unknown]' (6236f8525afc)
		b'[unknown]' (6236fee6d4db)
		b'[unknown]' (7c043a894ac3)

	Not found in mutex_ids. mutex (b'[unknown]') 504dffc3b070 ::: wait time 2.98us ::: hold time 7.87us ::: enter count 1
		b'[unknown]' (6236f9ad3c3a)
		b'[unknown]' (6236f9ad6190)
		b'[unknown]' (6236fee87b95)
		b'[unknown]' (6236fee9b71f)
		b'[unknown]' (6236fee97f34)
		b'[unknown]' (6236fee84a84)
		b'[unknown]' (6236f7d835a8)
		b'[unknown]' (6236fa625528)
		b'[unknown]' (6236fa6257e5)
		b'[unknown]' (6236fa625ca5)
		b'[unknown]' (6236fa6273ec)
		b'[unknown]' (6236fa62808a)
		b'[unknown]' (6236fa62c176)
		b'[unknown]' (6236fa3321c9)
		b'[unknown]' (6236fa33dd18)
		b'[unknown]' (6236fa33e46b)
		b'[unknown]' (6236fa33dd70)
		b'[unknown]' (6236fed9754e)
		b'[unknown]' (6236f7ee69ac)
		b'[unknown]' (6236f7ee9125)
		b'[unknown]' (6236f7eec3a0)
		b'[unknown]' (6236f7eed325)
		b'[unknown]' (6236f7eec7be)
		b'[unknown]' (6236f7eec86f)
		b'[unknown]' (6236f7ee8ad5)
		b'[unknown]' (6236f7ee8bc3)
		b'[unknown]' (6236f7ef1105)
		b'[unknown]' (6236f7ee7eb9)
		b'[unknown]' (6236f7ee7f5b)
		b'[unknown]' (6236f7ef3e5e)
		b'[unknown]' (6236f7ef49e5)
		b'[unknown]' (6236f7ef5066)
		b'[unknown]' (6236f7ef5df5)
		b'[unknown]' (6236f7ed7f38)
		b'[unknown]' (6236fea64b8d)
		b'[unknown]' (6236fea65171)
		b'[unknown]' (6236fea651e4)
		b'[unknown]' (6236fea65273)
		b'[unknown]' (6236fea652d7)
		b'[unknown]' (6236fea6581e)
		b'[unknown]' (6236fea65a0e)
		b'[unknown]' (6236fea65aad)
		b'[unknown]' (6236fea65b3b)
		b'[unknown]' (6236fea666ca)
		b'[unknown]' (6236fea6678b)
		b'[unknown]' (6236fea6797d)
		b'[unknown]' (6236f7d88dd2)
		b'[unknown]' (6236fea6b3d9)
		b'[unknown]' (6236fea6c3d5)
		b'[unknown]' (6236fea6b380)
		b'[unknown]' (6236fea6c529)
		b'[unknown]' (6236f7d88dd2)
		b'[unknown]' (6236fee6a91a)
		b'[unknown]' (6236fee67893)
		b'[unknown]' (6236fee6899a)
		b'[unknown]' (6236f8525afc)
		b'[unknown]' (6236fee6d592)
		b'[unknown]' (6236fee6e112)
		b'[unknown]' (6236f8525afc)
		b'[unknown]' (6236fee6d4db)
		b'[unknown]' (7c043a894ac3)

	Not found in mutex_ids. mutex (b'[unknown]') 504dffc3b070 ::: wait time 2.98us ::: hold time 8.10us ::: enter count 1
		b'[unknown]' (6236f9ad3c3a)
		b'[unknown]' (6236f9ad6190)
		b'[unknown]' (6236fee87b95)
		b'[unknown]' (6236fee9b71f)
		b'[unknown]' (6236fee97f34)
		b'[unknown]' (6236fee83719)
		b'[unknown]' (6236f86e50f4)
		b'[unknown]' (6236f8b18bb2)
		b'[unknown]' (6236f8b43b38)
		b'[unknown]' (6236fabc9f36)
		b'[unknown]' (6236fabcf9a5)
		b'[unknown]' (6236fabd1315)
		b'[unknown]' (6236fa62547f)
		b'[unknown]' (6236fa6257e5)
		b'[unknown]' (6236fa625ca5)
		b'[unknown]' (6236fa6273ec)
		b'[unknown]' (6236fa62808a)
		b'[unknown]' (6236fa62c176)
		b'[unknown]' (6236fa3321c9)
		b'[unknown]' (6236fa33dd18)
		b'[unknown]' (6236fa33e46b)
		b'[unknown]' (6236fa33dd70)
		b'[unknown]' (6236fed9754e)
		b'[unknown]' (6236f7ee69ac)
		b'[unknown]' (6236f7ee9125)
		b'[unknown]' (6236f7eec3a0)
		b'[unknown]' (6236f7eed325)
		b'[unknown]' (6236f7eec7be)
		b'[unknown]' (6236f7eec86f)
		b'[unknown]' (6236f7ee8ad5)
		b'[unknown]' (6236f7ee8bc3)
		b'[unknown]' (6236f7ef1105)
		b'[unknown]' (6236f7ee7eb9)
		b'[unknown]' (6236f7ee7f5b)
		b'[unknown]' (6236f7ef3e5e)
		b'[unknown]' (6236f7ef49e5)
		b'[unknown]' (6236f7ef5066)
		b'[unknown]' (6236f7ef5df5)
		b'[unknown]' (6236f7ed7f38)
		b'[unknown]' (6236fea64b8d)
		b'[unknown]' (6236fea65171)
		b'[unknown]' (6236fea651e4)
		b'[unknown]' (6236fea65273)
		b'[unknown]' (6236fea652d7)
		b'[unknown]' (6236fea6581e)
		b'[unknown]' (6236fea65a0e)
		b'[unknown]' (6236fea65aad)
		b'[unknown]' (6236fea65b3b)
		b'[unknown]' (6236fea666ca)
		b'[unknown]' (6236fea6678b)
		b'[unknown]' (6236fea6797d)
		b'[unknown]' (6236f7d88dd2)
		b'[unknown]' (6236fea6b3d9)
		b'[unknown]' (6236fea6c3d5)
		b'[unknown]' (6236fea6b380)
		b'[unknown]' (6236fea6c529)
		b'[unknown]' (6236f7d88dd2)
		b'[unknown]' (6236fee6a91a)
		b'[unknown]' (6236fee67893)
		b'[unknown]' (6236fee6899a)
		b'[unknown]' (6236f8525afc)
		b'[unknown]' (6236fee6d592)
		b'[unknown]' (6236fee6e112)
		b'[unknown]' (6236f8525afc)
		b'[unknown]' (6236fee6d4db)
		b'[unknown]' (7c043a894ac3)

	Not found in mutex_ids. mutex (b'[unknown]') 504dffac50b8 ::: wait time 2.97us ::: hold time 386.86us ::: enter count 1
		b'[unknown]' (6236f9e588c3)
		b'[unknown]' (6236f9e7fa45)
		b'[unknown]' (6236f9e80c42)
		b'[unknown]' (6236f9d55a4c)
		b'[unknown]' (6236f9d0f7ac)
		b'[unknown]' (6236f9c92d80)
		b'[unknown]' (6236fce6a31e)
		b'[unknown]' (6236fabcedde)
		b'[unknown]' (6236fabcfc72)
		b'[unknown]' (6236fabd1315)
		b'[unknown]' (6236fa62547f)
		b'[unknown]' (6236fa6257e5)
		b'[unknown]' (6236fa625ca5)
		b'[unknown]' (6236fa6273ec)
		b'[unknown]' (6236fa62808a)
		b'[unknown]' (6236fa62c176)
		b'[unknown]' (6236fa3321c9)
		b'[unknown]' (6236fa33dd18)
		b'[unknown]' (6236fa33e46b)
		b'[unknown]' (6236fa33dd70)
		b'[unknown]' (6236fed9754e)
		b'[unknown]' (6236f7ee69ac)
		b'[unknown]' (6236f7ee9125)
		b'[unknown]' (6236f7eec3a0)
		b'[unknown]' (6236f7eed325)
		b'[unknown]' (6236f7eec7be)
		b'[unknown]' (6236f7eec86f)
		b'[unknown]' (6236f7ee8ad5)
		b'[unknown]' (6236f7ee8bc3)
		b'[unknown]' (6236f7ef1105)
		b'[unknown]' (6236f7ee7eb9)
		b'[unknown]' (6236f7ee7f5b)
		b'[unknown]' (6236f7ef3e5e)
		b'[unknown]' (6236f7ef49e5)
		b'[unknown]' (6236f7ef5066)
		b'[unknown]' (6236f7ef5df5)
		b'[unknown]' (6236f7ed7f38)
		b'[unknown]' (6236fea64b8d)
		b'[unknown]' (6236fea65171)
		b'[unknown]' (6236fea651e4)
		b'[unknown]' (6236fea65273)
		b'[unknown]' (6236fea652d7)
		b'[unknown]' (6236fea6581e)
		b'[unknown]' (6236fea65a0e)
		b'[unknown]' (6236fea65aad)
		b'[unknown]' (6236fea65b3b)
		b'[unknown]' (6236fea666ca)
		b'[unknown]' (6236fea6678b)
		b'[unknown]' (6236fea6797d)
		b'[unknown]' (6236f7d88dd2)
		b'[unknown]' (6236fea6b3d9)
		b'[unknown]' (6236fea6c3d5)
		b'[unknown]' (6236fea6b380)
		b'[unknown]' (6236fea6c529)
		b'[unknown]' (6236f7d88dd2)
		b'[unknown]' (6236fee6a91a)
		b'[unknown]' (6236fee67893)
		b'[unknown]' (6236fee6899a)
		b'[unknown]' (6236f8525afc)
		b'[unknown]' (6236fee6d592)
		b'[unknown]' (6236fee6e112)
		b'[unknown]' (6236f8525afc)
		b'[unknown]' (6236fee6d4db)
		b'[unknown]' (7c043a894ac3)

	Not found in mutex_ids. mutex (b'[unknown]') 504dff61aae8 ::: wait time 2.97us ::: hold time 8.09us ::: enter count 1
		b'[unknown]' (6236f7d776a7)
		b'[unknown]' (6236f7d77cac)
		b'[unknown]' (6236f7d9daa5)
		b'[unknown]' (6236f7d87c9d)
		b'[unknown]' (6236f7d8817f)
		b'[unknown]' (6236ffa3c0ec)
		b'[unknown]' (6236ffa3aa7e)
		b'[unknown]' (6236f95676d9)
		b'[unknown]' (6236f9566a17)
		b'[unknown]' (6236f9567af9)
		b'[unknown]' (6236f95679ea)
		b'[unknown]' (6236f9567743)
		b'[unknown]' (6236f956777d)
		b'[unknown]' (6236f95677ee)
		b'[unknown]' (6236f9568168)
		b'[unknown]' (6236f956812b)
		b'[unknown]' (6236f95680d8)
		b'[unknown]' (6236f95680ac)
		b'[unknown]' (6236f9568090)
		b'[unknown]' (7c043ace62b3)

	Not found in mutex_ids. mutex (b'[unknown]') 504dffc39380 ::: wait time 2.97us ::: hold time 8.93us ::: enter count 1
		b'[unknown]' (6236f7d776a7)
		b'[unknown]' (6236f7d77cac)
		b'[unknown]' (6236f7d9daa5)
		b'[unknown]' (6236f7d87c9d)
		b'[unknown]' (6236f8efa707)
		b'[unknown]' (6236f8ef8ec9)
		b'[unknown]' (6236fc0b1710)
		b'[unknown]' (6236fc0b114c)
		b'[unknown]' (6236fc0af2b9)
		b'[unknown]' (6236fc0af049)
		b'[unknown]' (6236fbf92a10)
		b'[unknown]' (6236fbf92a3b)
		b'[unknown]' (6236fbf929ca)
		b'[unknown]' (6236fbf9288d)
		b'[unknown]' (6236f7d9cab7)
		b'[unknown]' (6236f7d862a3)
		b'[unknown]' (6236f89831bc)
		b'[unknown]' (6236fbf8daaa)
		b'[unknown]' (6236fbf8c9cc)
		b'[unknown]' (6236fbf8ad1b)
		b'[unknown]' (6236fbf8b03d)
		b'[unknown]' (6236fbf8082d)
		b'[unknown]' (6236fbf8130d)
		b'[unknown]' (6236fabed75d)
		b'[unknown]' (6236fabcfebc)
		b'[unknown]' (6236fabd1315)
		b'[unknown]' (6236fa62547f)
		b'[unknown]' (6236fa6257e5)
		b'[unknown]' (6236fa625ca5)
		b'[unknown]' (6236fa6273ec)
		b'[unknown]' (6236fa62808a)
		b'[unknown]' (6236fa62c176)
		b'[unknown]' (6236fa3321c9)
		b'[unknown]' (6236fa33dd18)
		b'[unknown]' (6236fa33e46b)
		b'[unknown]' (6236fa33dd70)
		b'[unknown]' (6236fed9754e)
		b'[unknown]' (6236f7ee69ac)
		b'[unknown]' (6236f7ee9125)
		b'[unknown]' (6236f7eec3a0)
		b'[unknown]' (6236f7eed325)
		b'[unknown]' (6236f7eec7be)
		b'[unknown]' (6236f7eec86f)
		b'[unknown]' (6236f7ee8ad5)
		b'[unknown]' (6236f7ee8bc3)
		b'[unknown]' (6236f7ef1105)
		b'[unknown]' (6236f7ee7eb9)
		b'[unknown]' (6236f7ee7f5b)
		b'[unknown]' (6236f7ef3e5e)
		b'[unknown]' (6236f7ef49e5)
		b'[unknown]' (6236f7ef5066)
		b'[unknown]' (6236f7ef5df5)
		b'[unknown]' (6236f7ed7f38)
		b'[unknown]' (6236fea64b8d)
		b'[unknown]' (6236fea65171)
		b'[unknown]' (6236fea651e4)
		b'[unknown]' (6236fea65273)
		b'[unknown]' (6236fea652d7)
		b'[unknown]' (6236fea6581e)
		b'[unknown]' (6236fea65a0e)
		b'[unknown]' (6236fea65aad)
		b'[unknown]' (6236fea65b3b)
		b'[unknown]' (6236fea666ca)
		b'[unknown]' (6236fea6678b)
		b'[unknown]' (6236fea6797d)
		b'[unknown]' (6236f7d88dd2)
		b'[unknown]' (6236fea6b3d9)
		b'[unknown]' (6236fea6c3d5)
		b'[unknown]' (6236fea6b380)
		b'[unknown]' (6236fea6c529)
		b'[unknown]' (6236f7d88dd2)
		b'[unknown]' (6236fee6a91a)
		b'[unknown]' (6236fee67893)
		b'[unknown]' (6236fee6899a)
		b'[unknown]' (6236f8525afc)
		b'[unknown]' (6236fee6d592)
		b'[unknown]' (6236fee6e112)
		b'[unknown]' (6236f8525afc)
		b'[unknown]' (6236fee6d4db)
		b'[unknown]' (7c043a894ac3)

	Not found in mutex_ids. mutex (b'[unknown]') 504df9790428 ::: wait time 2.96us ::: hold time 9.37us ::: enter count 1
		b'[unknown]' (6236f7d776a7)
		b'[unknown]' (6236f7d77cac)
		b'[unknown]' (6236f7d80eca)
		b'[unknown]' (6236feea0bc6)
		b'[unknown]' (6236fee9b7d2)
		b'[unknown]' (6236fee97f34)
		b'[unknown]' (6236fee978bb)
		b'[unknown]' (6236fee83f43)
		b'[unknown]' (6236fee83ed8)
		b'[unknown]' (6236f7e894d4)
		b'[unknown]' (6236f7e89385)
		b'[unknown]' (6236f7e892d8)
		b'[unknown]' (6236f7e89298)
		b'[unknown]' (6236fee84aa4)
		b'[unknown]' (6236f7dd36a6)
		b'[unknown]' (6236fcd8a808)
		b'[unknown]' (6236fcd8a37b)
		b'[unknown]' (6236f7d9cab7)
		b'[unknown]' (6236f7d862a3)
		b'[unknown]' (6236fcd735cc)
		b'[unknown]' (6236fcd735ec)
		b'[unknown]' (6236fcd73972)
		b'[unknown]' (6236fcd84c9e)
		b'[unknown]' (6236fcd83414)
		b'[unknown]' (6236fcd8163b)
		b'[unknown]' (6236fcd7f951)
		b'[unknown]' (6236fcd7cc48)
		b'[unknown]' (6236fcd78cdd)
		b'[unknown]' (6236fcd6d02c)
		b'[unknown]' (6236fcd65d21)
		b'[unknown]' (6236f8676266)
		b'[unknown]' (6236f8675bab)
		b'[unknown]' (6236f8ad4d6a)
		b'[unknown]' (6236fa6273c8)
		b'[unknown]' (6236fa62808a)
		b'[unknown]' (6236fa62c176)
		b'[unknown]' (6236fa3321c9)
		b'[unknown]' (6236fa33dd18)
		b'[unknown]' (6236fa33e46b)
		b'[unknown]' (6236fa33dd70)
		b'[unknown]' (6236fed9754e)
		b'[unknown]' (6236f7ee69ac)
		b'[unknown]' (6236f7ee9125)
		b'[unknown]' (6236f7eec3a0)
		b'[unknown]' (6236f7eed325)
		b'[unknown]' (6236f7eec7be)
		b'[unknown]' (6236f7eec86f)
		b'[unknown]' (6236f7ee8ad5)
		b'[unknown]' (6236f7ee8bc3)
		b'[unknown]' (6236f7ef1105)
		b'[unknown]' (6236f7ee7eb9)
		b'[unknown]' (6236f7ee7f5b)
		b'[unknown]' (6236f7ef3e5e)
		b'[unknown]' (6236f7ef49e5)
		b'[unknown]' (6236f7ef5066)
		b'[unknown]' (6236f7ef5df5)
		b'[unknown]' (6236f7ed7f38)
		b'[unknown]' (6236fea64b8d)
		b'[unknown]' (6236fea65171)
		b'[unknown]' (6236fea651e4)
		b'[unknown]' (6236fea65273)
		b'[unknown]' (6236fea652d7)
		b'[unknown]' (6236fea6581e)
		b'[unknown]' (6236fea65a0e)
		b'[unknown]' (6236fea65aad)
		b'[unknown]' (6236fea65b3b)
		b'[unknown]' (6236fea666ca)
		b'[unknown]' (6236fea6678b)
		b'[unknown]' (6236fea6797d)
		b'[unknown]' (6236f7d88dd2)
		b'[unknown]' (6236fea6b3d9)
		b'[unknown]' (6236fea6c3d5)
		b'[unknown]' (6236fea6b380)
		b'[unknown]' (6236fea6c529)
		b'[unknown]' (6236f7d88dd2)
		b'[unknown]' (6236fee6a91a)
		b'[unknown]' (6236fee67893)
		b'[unknown]' (6236fee6899a)
		b'[unknown]' (6236f8525afc)
		b'[unknown]' (6236fee6d592)
		b'[unknown]' (6236fee6e112)
		b'[unknown]' (6236f8525afc)
		b'[unknown]' (6236fee6d4db)
		b'[unknown]' (7c043a894ac3)

	Not found in mutex_ids. mutex (b'[unknown]') 62370724b460 ::: wait time 2.96us ::: hold time 8.87us ::: enter count 1
		b'[unknown]' (6236f7d776a7)
		b'[unknown]' (6236f7d77cac)
		b'[unknown]' (6236f7d9daa5)
		b'[unknown]' (6236f7d87c9d)
		b'[unknown]' (6236fcd9936a)
		b'[unknown]' (6236fcd99c1e)
		b'[unknown]' (6236fcdb0d06)
		b'[unknown]' (6236ffa43977)
		b'[unknown]' (6236ffa43250)
		b'[unknown]' (6236f9d0042d)
		b'[unknown]' (6236f9d00c28)
		b'[unknown]' (6236ffa43352)
		b'[unknown]' (6236ffa3d62a)
		b'[unknown]' (6236fa6254dd)
		b'[unknown]' (6236fa6257e5)
		b'[unknown]' (6236fa625ca5)
		b'[unknown]' (6236fa6273ec)
		b'[unknown]' (6236fa62808a)
		b'[unknown]' (6236fa62c176)
		b'[unknown]' (6236fa3321c9)
		b'[unknown]' (6236fa33dd18)
		b'[unknown]' (6236fa33e46b)
		b'[unknown]' (6236fa33dd70)
		b'[unknown]' (6236fed9754e)
		b'[unknown]' (6236f7ee69ac)
		b'[unknown]' (6236f7ee9125)
		b'[unknown]' (6236f7eec3a0)
		b'[unknown]' (6236f7eed325)
		b'[unknown]' (6236f7eec7be)
		b'[unknown]' (6236f7eec86f)
		b'[unknown]' (6236f7ee8ad5)
		b'[unknown]' (6236f7ee8bc3)
		b'[unknown]' (6236f7ef1105)
		b'[unknown]' (6236f7ee7eb9)
		b'[unknown]' (6236f7ee7f5b)
		b'[unknown]' (6236f7ef3e5e)
		b'[unknown]' (6236f7ef49e5)
		b'[unknown]' (6236f7ef5066)
		b'[unknown]' (6236f7ef5df5)
		b'[unknown]' (6236f7ed7f38)
		b'[unknown]' (6236fea64b8d)
		b'[unknown]' (6236fea65171)
		b'[unknown]' (6236fea651e4)
		b'[unknown]' (6236fea65273)
		b'[unknown]' (6236fea652d7)
		b'[unknown]' (6236fea6581e)
		b'[unknown]' (6236fea65a0e)
		b'[unknown]' (6236fea65aad)
		b'[unknown]' (6236fea65b3b)
		b'[unknown]' (6236fea666ca)
		b'[unknown]' (6236fea6678b)
		b'[unknown]' (6236fea6797d)
		b'[unknown]' (6236f7d88dd2)
		b'[unknown]' (6236fea6b3d9)
		b'[unknown]' (6236fea6c3d5)
		b'[unknown]' (6236fea6b380)
		b'[unknown]' (6236fea6c529)
		b'[unknown]' (6236f7d88dd2)
		b'[unknown]' (6236fee6a91a)
		b'[unknown]' (6236fee67893)
		b'[unknown]' (6236fee6899a)
		b'[unknown]' (6236f8525afc)
		b'[unknown]' (6236fee6d592)
		b'[unknown]' (6236fee6e112)
		b'[unknown]' (6236f8525afc)
		b'[unknown]' (6236fee6d4db)
		b'[unknown]' (7c043a894ac3)

	Found in mutex_ids. mutex (#6) 504df8bf7080 ::: wait time 2.95us ::: hold time 8.10us ::: enter count 1
		b'[unknown]' (6236fa0d0fdc)
		b'[unknown]' (6236fa0d1541)
		b'[unknown]' (6236fa0e7105)
		b'[unknown]' (6236f9f58b11)
		b'[unknown]' (6236f9d669ed)
		b'[unknown]' (6236f9e8a6ec)
		b'[unknown]' (6236f9e431e4)
		b'[unknown]' (6236f9e48204)
		b'[unknown]' (6236f9e48853)
		b'[unknown]' (6236f9e44556)
		b'[unknown]' (6236f9e4660e)
		b'[unknown]' (6236f9e48348)
		b'[unknown]' (6236f9e48853)
		b'[unknown]' (6236f9e61631)
		b'[unknown]' (6236f9e61f53)
		b'[unknown]' (6236f9c66490)
		b'[unknown]' (6236f9c94e55)
		b'[unknown]' (6236fce6a92b)
		b'[unknown]' (6236fab86073)
		b'[unknown]' (6236fbf8113e)
		b'[unknown]' (6236fabed75d)
		b'[unknown]' (6236fabcfebc)
		b'[unknown]' (6236fabd1315)
		b'[unknown]' (6236fa62547f)
		b'[unknown]' (6236fa6257e5)
		b'[unknown]' (6236fa625ca5)
		b'[unknown]' (6236fa6273ec)
		b'[unknown]' (6236fa62808a)
		b'[unknown]' (6236fa62c176)
		b'[unknown]' (6236fa3321c9)
		b'[unknown]' (6236fa33dd18)
		b'[unknown]' (6236fa33e46b)
		b'[unknown]' (6236fa33dd70)
		b'[unknown]' (6236fed9754e)
		b'[unknown]' (6236f7ee69ac)
		b'[unknown]' (6236f7ee9125)
		b'[unknown]' (6236f7eec3a0)
		b'[unknown]' (6236f7eed325)
		b'[unknown]' (6236f7eec7be)
		b'[unknown]' (6236f7eec86f)
		b'[unknown]' (6236f7ee8ad5)
		b'[unknown]' (6236f7ee8bc3)
		b'[unknown]' (6236f7ef1105)
		b'[unknown]' (6236f7ee7eb9)
		b'[unknown]' (6236f7ee7f5b)
		b'[unknown]' (6236f7ef3e5e)
		b'[unknown]' (6236f7ef49e5)
		b'[unknown]' (6236f7ef5066)
		b'[unknown]' (6236f7ef5df5)
		b'[unknown]' (6236f7ed7f38)
		b'[unknown]' (6236fea64b8d)
		b'[unknown]' (6236fea65171)
		b'[unknown]' (6236fea651e4)
		b'[unknown]' (6236fea65273)
		b'[unknown]' (6236fea652d7)
		b'[unknown]' (6236fea6581e)
		b'[unknown]' (6236fea65a0e)
		b'[unknown]' (6236fea65aad)
		b'[unknown]' (6236fea65b3b)
		b'[unknown]' (6236fea666ca)
		b'[unknown]' (6236fea6678b)
		b'[unknown]' (6236fea6797d)
		b'[unknown]' (6236f7d88dd2)
		b'[unknown]' (6236fea6b3d9)
		b'[unknown]' (6236fea6c3d5)
		b'[unknown]' (6236fea6b380)
		b'[unknown]' (6236fea6c529)
		b'[unknown]' (6236f7d88dd2)
		b'[unknown]' (6236fee6a91a)
		b'[unknown]' (6236fee67893)
		b'[unknown]' (6236fee6899a)
		b'[unknown]' (6236f8525afc)
		b'[unknown]' (6236fee6d592)
		b'[unknown]' (6236fee6e112)
		b'[unknown]' (6236f8525afc)
		b'[unknown]' (6236fee6d4db)
		b'[unknown]' (7c043a894ac3)

	Not found in mutex_ids. mutex (b'[unknown]') 504dffac52a0 ::: wait time 2.95us ::: hold time 2248.97us ::: enter count 1
		b'[unknown]' (6236f7d776a7)
		b'[unknown]' (6236f7d77cac)
		b'[unknown]' (6236f7d9daa5)
		b'[unknown]' (6236f7d87c9d)
		b'[unknown]' (6236f9d1124f)
		b'[unknown]' (6236f9d011b2)
		b'[unknown]' (6236fb919200)
		b'[unknown]' (6236ff8d152a)
		b'[unknown]' (6236ff8d1755)
		b'[unknown]' (6236ff8d2bc9)
		b'[unknown]' (6236ff8d2abb)
		b'[unknown]' (6236ff8d290f)
		b'[unknown]' (6236ff8d2949)
		b'[unknown]' (6236ff8d29ba)
		b'[unknown]' (6236ff8d305c)
		b'[unknown]' (6236ff8d301f)
		b'[unknown]' (6236ff8d2fcc)
		b'[unknown]' (6236ff8d2fa0)
		b'[unknown]' (6236ff8d2f84)
		b'[unknown]' (7c043ace62b3)

	Not found in mutex_ids. mutex (b'[unknown]') 504dffac50b8 ::: wait time 2.95us ::: hold time 16.59us ::: enter count 1
		b'[unknown]' (6236f9e588c3)
		b'[unknown]' (6236f9e5b865)
		b'[unknown]' (6236f9e5b02d)
		b'[unknown]' (6236f9d0fa2a)
		b'[unknown]' (6236f9d1a804)
		b'[unknown]' (6236f9cd0340)
		b'[unknown]' (6236f9ca6397)
		b'[unknown]' (6236f9c9477a)
		b'[unknown]' (6236fce6a495)
		b'[unknown]' (6236fabcedde)
		b'[unknown]' (6236fabcfc72)
		b'[unknown]' (6236fabd1315)
		b'[unknown]' (6236fa62547f)
		b'[unknown]' (6236fa6257e5)
		b'[unknown]' (6236fa625ca5)
		b'[unknown]' (6236fa6273ec)
		b'[unknown]' (6236fa62808a)
		b'[unknown]' (6236fa62c176)
		b'[unknown]' (6236fa3321c9)
		b'[unknown]' (6236fa33dd18)
		b'[unknown]' (6236fa33e46b)
		b'[unknown]' (6236fa33dd70)
		b'[unknown]' (6236fed9754e)
		b'[unknown]' (6236f7ee69ac)
		b'[unknown]' (6236f7ee9125)
		b'[unknown]' (6236f7eec3a0)
		b'[unknown]' (6236f7eed325)
		b'[unknown]' (6236f7eec7be)
		b'[unknown]' (6236f7eec86f)
		b'[unknown]' (6236f7ee8ad5)
		b'[unknown]' (6236f7ee8bc3)
		b'[unknown]' (6236f7ef1105)
		b'[unknown]' (6236f7ee7eb9)
		b'[unknown]' (6236f7ee7f5b)
		b'[unknown]' (6236f7ef3e5e)
		b'[unknown]' (6236f7ef49e5)
		b'[unknown]' (6236f7ef5066)
		b'[unknown]' (6236f7ef5df5)
		b'[unknown]' (6236f7ed7f38)
		b'[unknown]' (6236fea64b8d)
		b'[unknown]' (6236fea65171)
		b'[unknown]' (6236fea651e4)
		b'[unknown]' (6236fea65273)
		b'[unknown]' (6236fea652d7)
		b'[unknown]' (6236fea6581e)
		b'[unknown]' (6236fea65a0e)
		b'[unknown]' (6236fea65aad)
		b'[unknown]' (6236fea65b3b)
		b'[unknown]' (6236fea666ca)
		b'[unknown]' (6236fea6678b)
		b'[unknown]' (6236fea6797d)
		b'[unknown]' (6236f7d88dd2)
		b'[unknown]' (6236fea6b3d9)
		b'[unknown]' (6236fea6c3d5)
		b'[unknown]' (6236fea6b380)
		b'[unknown]' (6236fea6c529)
		b'[unknown]' (6236f7d88dd2)
		b'[unknown]' (6236fee6a91a)
		b'[unknown]' (6236fee67893)
		b'[unknown]' (6236fee6899a)
		b'[unknown]' (6236f8525afc)
		b'[unknown]' (6236fee6d592)
		b'[unknown]' (6236fee6e112)
		b'[unknown]' (6236f8525afc)
		b'[unknown]' (6236fee6d4db)
		b'[unknown]' (7c043a894ac3)

	Not found in mutex_ids. mutex (b'[unknown]') 504dffac52a0 ::: wait time 2.94us ::: hold time 3035.85us ::: enter count 1
		b'[unknown]' (6236f9e588c3)
		b'[unknown]' (6236f9e58a9b)
		b'[unknown]' (6236f9e61474)
		b'[unknown]' (6236f9e61f53)
		b'[unknown]' (6236f9c930bc)
		b'[unknown]' (6236fce6a31e)
		b'[unknown]' (6236fabcedde)
		b'[unknown]' (6236fabcfc72)
		b'[unknown]' (6236fabd1315)
		b'[unknown]' (6236fa62547f)
		b'[unknown]' (6236fa6257e5)
		b'[unknown]' (6236fa625ca5)
		b'[unknown]' (6236fa6273ec)
		b'[unknown]' (6236fa62808a)
		b'[unknown]' (6236fa62c176)
		b'[unknown]' (6236fa3321c9)
		b'[unknown]' (6236fa33dd18)
		b'[unknown]' (6236fa33e46b)
		b'[unknown]' (6236fa33dd70)
		b'[unknown]' (6236fed9754e)
		b'[unknown]' (6236f7ee69ac)
		b'[unknown]' (6236f7ee9125)
		b'[unknown]' (6236f7eec3a0)
		b'[unknown]' (6236f7eed325)
		b'[unknown]' (6236f7eec7be)
		b'[unknown]' (6236f7eec86f)
		b'[unknown]' (6236f7ee8ad5)
		b'[unknown]' (6236f7ee8bc3)
		b'[unknown]' (6236f7ef1105)
		b'[unknown]' (6236f7ee7eb9)
		b'[unknown]' (6236f7ee7f5b)
		b'[unknown]' (6236f7ef3e5e)
		b'[unknown]' (6236f7ef49e5)
		b'[unknown]' (6236f7ef5066)
		b'[unknown]' (6236f7ef5df5)
		b'[unknown]' (6236f7ed7f38)
		b'[unknown]' (6236fea64b8d)
		b'[unknown]' (6236fea65171)
		b'[unknown]' (6236fea651e4)
		b'[unknown]' (6236fea65273)
		b'[unknown]' (6236fea652d7)
		b'[unknown]' (6236fea6581e)
		b'[unknown]' (6236fea65a0e)
		b'[unknown]' (6236fea65aad)
		b'[unknown]' (6236fea65b3b)
		b'[unknown]' (6236fea666ca)
		b'[unknown]' (6236fea6678b)
		b'[unknown]' (6236fea6797d)
		b'[unknown]' (6236f7d88dd2)
		b'[unknown]' (6236fea6b3d9)
		b'[unknown]' (6236fea6c3d5)
		b'[unknown]' (6236fea6b380)
		b'[unknown]' (6236fea6c529)
		b'[unknown]' (6236f7d88dd2)
		b'[unknown]' (6236fee6a91a)
		b'[unknown]' (6236fee67893)
		b'[unknown]' (6236fee6899a)
		b'[unknown]' (6236f8525afc)
		b'[unknown]' (6236fee6d592)
		b'[unknown]' (6236fee6e112)
		b'[unknown]' (6236f8525afc)
		b'[unknown]' (6236fee6d4db)
		b'[unknown]' (7c043a894ac3)

	Not found in mutex_ids. mutex (b'[unknown]') 504df9790428 ::: wait time 2.92us ::: hold time 9.34us ::: enter count 1
		b'[unknown]' (6236f7d776a7)
		b'[unknown]' (6236f7d77cac)
		b'[unknown]' (6236f7d80eca)
		b'[unknown]' (6236feea0bc6)
		b'[unknown]' (6236fee9948d)
		b'[unknown]' (6236f7ed9668)
		b'[unknown]' (6236fee97473)
		b'[unknown]' (6236fee83d5f)
		b'[unknown]' (6236fee83aa6)
		b'[unknown]' (6236fee860ca)
		b'[unknown]' (6236fee85c86)
		b'[unknown]' (6236fee85a16)
		b'[unknown]' (6236fee84742)
		b'[unknown]' (6236fcd47522)
		b'[unknown]' (6236fcd4743e)
		b'[unknown]' (6236fcd47924)
		b'[unknown]' (6236fa6250ce)
		b'[unknown]' (6236fa6257e5)
		b'[unknown]' (6236fa625ca5)
		b'[unknown]' (6236fa6273ec)
		b'[unknown]' (6236fa62808a)
		b'[unknown]' (6236fa62c176)
		b'[unknown]' (6236fa3321c9)
		b'[unknown]' (6236fa33dd18)
		b'[unknown]' (6236fa33e46b)
		b'[unknown]' (6236fa33dd70)
		b'[unknown]' (6236fed9754e)
		b'[unknown]' (6236f7ee69ac)
		b'[unknown]' (6236f7ee9125)
		b'[unknown]' (6236f7eec3a0)
		b'[unknown]' (6236f7eed325)
		b'[unknown]' (6236f7eec7be)
		b'[unknown]' (6236f7eec86f)
		b'[unknown]' (6236f7ee8ad5)
		b'[unknown]' (6236f7ee8bc3)
		b'[unknown]' (6236f7ef1105)
		b'[unknown]' (6236f7ee7eb9)
		b'[unknown]' (6236f7ee7f5b)
		b'[unknown]' (6236f7ef3e5e)
		b'[unknown]' (6236f7ef49e5)
		b'[unknown]' (6236f7ef5066)
		b'[unknown]' (6236f7ef5df5)
		b'[unknown]' (6236f7ed7f38)
		b'[unknown]' (6236fea64b8d)
		b'[unknown]' (6236fea65171)
		b'[unknown]' (6236fea651e4)
		b'[unknown]' (6236fea65273)
		b'[unknown]' (6236fea652d7)
		b'[unknown]' (6236fea6581e)
		b'[unknown]' (6236fea65a0e)
		b'[unknown]' (6236fea65aad)
		b'[unknown]' (6236fea65b3b)
		b'[unknown]' (6236fea666ca)
		b'[unknown]' (6236fea6678b)
		b'[unknown]' (6236fea6797d)
		b'[unknown]' (6236f7d88dd2)
		b'[unknown]' (6236fea6b3d9)
		b'[unknown]' (6236fea6c3d5)
		b'[unknown]' (6236fea6b380)
		b'[unknown]' (6236fea6c529)
		b'[unknown]' (6236f7d88dd2)
		b'[unknown]' (6236fee6a91a)
		b'[unknown]' (6236fee67893)
		b'[unknown]' (6236fee6899a)
		b'[unknown]' (6236f8525afc)
		b'[unknown]' (6236fee6d592)
		b'[unknown]' (6236fee6e112)
		b'[unknown]' (6236f8525afc)
		b'[unknown]' (6236fee6d4db)
		b'[unknown]' (7c043a894ac3)

	Not found in mutex_ids. mutex (b'[unknown]') 504dffc3b070 ::: wait time 2.92us ::: hold time 12.52us ::: enter count 1
		b'[unknown]' (6236f9ad3c3a)
		b'[unknown]' (6236f9ad6190)
		b'[unknown]' (6236fee879ba)
		b'[unknown]' (6236fee9a513)
		b'[unknown]' (6236fee97c33)
		b'[unknown]' (6236fee836b1)
		b'[unknown]' (6236f86e50d5)
		b'[unknown]' (6236fd146c79)
		b'[unknown]' (6236fd146e4d)
		b'[unknown]' (6236fabc9e97)
		b'[unknown]' (6236fabcf9a5)
		b'[unknown]' (6236fabd1315)
		b'[unknown]' (6236fa62547f)
		b'[unknown]' (6236fa6257e5)
		b'[unknown]' (6236fa625ca5)
		b'[unknown]' (6236fa6273ec)
		b'[unknown]' (6236fa62808a)
		b'[unknown]' (6236fa62c176)
		b'[unknown]' (6236fa3321c9)
		b'[unknown]' (6236fa33dd18)
		b'[unknown]' (6236fa33e46b)
		b'[unknown]' (6236fa33dd70)
		b'[unknown]' (6236fed9754e)
		b'[unknown]' (6236f7ee69ac)
		b'[unknown]' (6236f7ee9125)
		b'[unknown]' (6236f7eec3a0)
		b'[unknown]' (6236f7eed325)
		b'[unknown]' (6236f7eec7be)
		b'[unknown]' (6236f7eec86f)
		b'[unknown]' (6236f7ee8ad5)
		b'[unknown]' (6236f7ee8bc3)
		b'[unknown]' (6236f7ef1105)
		b'[unknown]' (6236f7ee7eb9)
		b'[unknown]' (6236f7ee7f5b)
		b'[unknown]' (6236f7ef3e5e)
		b'[unknown]' (6236f7ef49e5)
		b'[unknown]' (6236f7ef5066)
		b'[unknown]' (6236f7ef5df5)
		b'[unknown]' (6236f7ed7f38)
		b'[unknown]' (6236fea64b8d)
		b'[unknown]' (6236fea65171)
		b'[unknown]' (6236fea651e4)
		b'[unknown]' (6236fea65273)
		b'[unknown]' (6236fea652d7)
		b'[unknown]' (6236fea6581e)
		b'[unknown]' (6236fea65a0e)
		b'[unknown]' (6236fea65aad)
		b'[unknown]' (6236fea65b3b)
		b'[unknown]' (6236fea666ca)
		b'[unknown]' (6236fea6678b)
		b'[unknown]' (6236fea6797d)
		b'[unknown]' (6236f7d88dd2)
		b'[unknown]' (6236fea6b3d9)
		b'[unknown]' (6236fea6c3d5)
		b'[unknown]' (6236fea6b380)
		b'[unknown]' (6236fea6c529)
		b'[unknown]' (6236f7d88dd2)
		b'[unknown]' (6236fee6a91a)
		b'[unknown]' (6236fee67893)
		b'[unknown]' (6236fee6899a)
		b'[unknown]' (6236f8525afc)
		b'[unknown]' (6236fee6d592)
		b'[unknown]' (6236fee6e112)
		b'[unknown]' (6236f8525afc)
		b'[unknown]' (6236fee6d4db)
		b'[unknown]' (7c043a894ac3)

	Not found in mutex_ids. mutex (b'[unknown]') 504df9790428 ::: wait time 2.92us ::: hold time 7.50us ::: enter count 1
		b'[unknown]' (6236f9ad3c3a)
		b'[unknown]' (6236f9ad6190)
		b'[unknown]' (6236fee87859)
		b'[unknown]' (6236fee9a513)
		b'[unknown]' (6236fee977b7)
		b'[unknown]' (6236fee83d5f)
		b'[unknown]' (6236fee83aa6)
		b'[unknown]' (6236fee860ca)
		b'[unknown]' (6236fee85c86)
		b'[unknown]' (6236fee85a16)
		b'[unknown]' (6236fee84742)
		b'[unknown]' (6236fcd47522)
		b'[unknown]' (6236fcd4743e)
		b'[unknown]' (6236fcd47924)
		b'[unknown]' (6236f867c9e8)
		b'[unknown]' (6236f867c13c)
		b'[unknown]' (6236f867b8e0)
		b'[unknown]' (6236fae90e61)
		b'[unknown]' (6236fae92ec4)
		b'[unknown]' (6236fae93707)
		b'[unknown]' (6236fae93c68)
		b'[unknown]' (6236fae93fa9)
		b'[unknown]' (6236fa22d08c)
		b'[unknown]' (6236fa23dc82)
		b'[unknown]' (6236fa23dfe5)
		b'[unknown]' (6236fa23dcda)
		b'[unknown]' (6236fed9754e)
		b'[unknown]' (6236f7ee69ac)
		b'[unknown]' (6236f7ee9125)
		b'[unknown]' (6236f7eec3a0)
		b'[unknown]' (6236f7eed325)
		b'[unknown]' (6236f7eec7be)
		b'[unknown]' (6236f7eec86f)
		b'[unknown]' (6236f7ee8ad5)
		b'[unknown]' (6236f7ee8bc3)
		b'[unknown]' (6236f7ef1105)
		b'[unknown]' (6236f7ee7eb9)
		b'[unknown]' (6236f7ee7f5b)
		b'[unknown]' (6236f7ef3e5e)
		b'[unknown]' (6236f7ef49e5)
		b'[unknown]' (6236f7ef5066)
		b'[unknown]' (6236f7ef5df5)
		b'[unknown]' (6236f7ed7f38)
		b'[unknown]' (6236fea64b8d)
		b'[unknown]' (6236fea65171)
		b'[unknown]' (6236fea651e4)
		b'[unknown]' (6236fea65273)
		b'[unknown]' (6236fea652d7)
		b'[unknown]' (6236fea6581e)
		b'[unknown]' (6236fea65a0e)
		b'[unknown]' (6236fea65aad)
		b'[unknown]' (6236fea65b3b)
		b'[unknown]' (6236fea666ca)
		b'[unknown]' (6236fea6678b)
		b'[unknown]' (6236fea6797d)
		b'[unknown]' (6236f7d88dd2)
		b'[unknown]' (6236fea6b3d9)
		b'[unknown]' (6236fea6c3d5)
		b'[unknown]' (6236fea6b380)
		b'[unknown]' (6236fea6c529)
		b'[unknown]' (6236f7d88dd2)
		b'[unknown]' (6236fee6a91a)
		b'[unknown]' (6236fee67893)
		b'[unknown]' (6236fee6899a)
		b'[unknown]' (6236f8525afc)
		b'[unknown]' (6236fee6d592)
		b'[unknown]' (6236fee6e112)
		b'[unknown]' (6236f8525afc)
		b'[unknown]' (6236fee6d4db)
		b'[unknown]' (7c043a894ac3)

	Not found in mutex_ids. mutex (b'[unknown]') 504dff8640c8 ::: wait time 2.92us ::: hold time 8.52us ::: enter count 1
		b'[unknown]' (6236f7d776a7)
		b'[unknown]' (6236f7d77cac)
		b'[unknown]' (6236f7d9daa5)
		b'[unknown]' (6236f7d87c9d)
		b'[unknown]' (6236feeabd9b)
		b'[unknown]' (6236fee96dbd)
		b'[unknown]' (6236fee839f6)
		b'[unknown]' (6236fee860ca)
		b'[unknown]' (6236fee85c86)
		b'[unknown]' (6236fee85a16)
		b'[unknown]' (6236fee84742)
		b'[unknown]' (6236fcd47522)
		b'[unknown]' (6236fcd4743e)
		b'[unknown]' (6236fcd47924)
		b'[unknown]' (6236fa6250ce)
		b'[unknown]' (6236fa6257e5)
		b'[unknown]' (6236fa625ca5)
		b'[unknown]' (6236fa6273ec)
		b'[unknown]' (6236fa62808a)
		b'[unknown]' (6236fa62c176)
		b'[unknown]' (6236fa3321c9)
		b'[unknown]' (6236fa33dd18)
		b'[unknown]' (6236fa33e46b)
		b'[unknown]' (6236fa33dd70)
		b'[unknown]' (6236fed9754e)
		b'[unknown]' (6236f7ee69ac)
		b'[unknown]' (6236f7ee9125)
		b'[unknown]' (6236f7eec3a0)
		b'[unknown]' (6236f7eed325)
		b'[unknown]' (6236f7eec7be)
		b'[unknown]' (6236f7eec86f)
		b'[unknown]' (6236f7ee8ad5)
		b'[unknown]' (6236f7ee8bc3)
		b'[unknown]' (6236f7ef1105)
		b'[unknown]' (6236f7ee7eb9)
		b'[unknown]' (6236f7ee7f5b)
		b'[unknown]' (6236f7ef3e5e)
		b'[unknown]' (6236f7ef49e5)
		b'[unknown]' (6236f7ef5066)
		b'[unknown]' (6236f7ef5df5)
		b'[unknown]' (6236f7ed7f38)
		b'[unknown]' (6236fea64b8d)
		b'[unknown]' (6236fea65171)
		b'[unknown]' (6236fea651e4)
		b'[unknown]' (6236fea65273)
		b'[unknown]' (6236fea652d7)
		b'[unknown]' (6236fea6581e)
		b'[unknown]' (6236fea65a0e)
		b'[unknown]' (6236fea65aad)
		b'[unknown]' (6236fea65b3b)
		b'[unknown]' (6236fea666ca)
		b'[unknown]' (6236fea6678b)
		b'[unknown]' (6236fea6797d)
		b'[unknown]' (6236f7d88dd2)
		b'[unknown]' (6236fea6b3d9)
		b'[unknown]' (6236fea6c3d5)
		b'[unknown]' (6236fea6b380)
		b'[unknown]' (6236fea6c529)
		b'[unknown]' (6236f7d88dd2)
		b'[unknown]' (6236fee6a91a)
		b'[unknown]' (6236fee67893)
		b'[unknown]' (6236fee6899a)
		b'[unknown]' (6236f8525afc)
		b'[unknown]' (6236fee6d592)
		b'[unknown]' (6236fee6e112)
		b'[unknown]' (6236f8525afc)
		b'[unknown]' (6236fee6d4db)
		b'[unknown]' (7c043a894ac3)

	Not found in mutex_ids. mutex (b'[unknown]') 504dffc39680 ::: wait time 2.91us ::: hold time 9.07us ::: enter count 1
		b'[unknown]' (6236f7d776a7)
		b'[unknown]' (6236f7d77cac)
		b'[unknown]' (6236f7d9daa5)
		b'[unknown]' (6236f7d87c9d)
		b'[unknown]' (6236f8efa707)
		b'[unknown]' (6236f8ef8ec9)
		b'[unknown]' (6236fc0b1710)
		b'[unknown]' (6236fc0b114c)
		b'[unknown]' (6236fc0af2b9)
		b'[unknown]' (6236fc0af049)
		b'[unknown]' (6236fbf92a10)
		b'[unknown]' (6236fbf92a3b)
		b'[unknown]' (6236fbf929ca)
		b'[unknown]' (6236fbf9288d)
		b'[unknown]' (6236f7d9cab7)
		b'[unknown]' (6236f7d862a3)
		b'[unknown]' (6236f89831bc)
		b'[unknown]' (6236fbf8daaa)
		b'[unknown]' (6236fbf8c9cc)
		b'[unknown]' (6236fbf8ad1b)
		b'[unknown]' (6236fbf8b03d)
		b'[unknown]' (6236fbf8082d)
		b'[unknown]' (6236fbf8130d)
		b'[unknown]' (6236fabed75d)
		b'[unknown]' (6236fabcfebc)
		b'[unknown]' (6236fabd1315)
		b'[unknown]' (6236fa62547f)
		b'[unknown]' (6236fa6257e5)
		b'[unknown]' (6236fa625ca5)
		b'[unknown]' (6236fa6273ec)
		b'[unknown]' (6236fa62808a)
		b'[unknown]' (6236fa62c176)
		b'[unknown]' (6236fa3321c9)
		b'[unknown]' (6236fa33dd18)
		b'[unknown]' (6236fa33e46b)
		b'[unknown]' (6236fa33dd70)
		b'[unknown]' (6236fed9754e)
		b'[unknown]' (6236f7ee69ac)
		b'[unknown]' (6236f7ee9125)
		b'[unknown]' (6236f7eec3a0)
		b'[unknown]' (6236f7eed325)
		b'[unknown]' (6236f7eec7be)
		b'[unknown]' (6236f7eec86f)
		b'[unknown]' (6236f7ee8ad5)
		b'[unknown]' (6236f7ee8bc3)
		b'[unknown]' (6236f7ef1105)
		b'[unknown]' (6236f7ee7eb9)
		b'[unknown]' (6236f7ee7f5b)
		b'[unknown]' (6236f7ef3e5e)
		b'[unknown]' (6236f7ef49e5)
		b'[unknown]' (6236f7ef5066)
		b'[unknown]' (6236f7ef5df5)
		b'[unknown]' (6236f7ed7f38)
		b'[unknown]' (6236fea64b8d)
		b'[unknown]' (6236fea65171)
		b'[unknown]' (6236fea651e4)
		b'[unknown]' (6236fea65273)
		b'[unknown]' (6236fea652d7)
		b'[unknown]' (6236fea6581e)
		b'[unknown]' (6236fea65a0e)
		b'[unknown]' (6236fea65aad)
		b'[unknown]' (6236fea65b3b)
		b'[unknown]' (6236fea666ca)
		b'[unknown]' (6236fea6678b)
		b'[unknown]' (6236fea6797d)
		b'[unknown]' (6236f7d88dd2)
		b'[unknown]' (6236fea6b3d9)
		b'[unknown]' (6236fea6c3d5)
		b'[unknown]' (6236fea6b380)
		b'[unknown]' (6236fea6c529)
		b'[unknown]' (6236f7d88dd2)
		b'[unknown]' (6236fee6a91a)
		b'[unknown]' (6236fee67893)
		b'[unknown]' (6236fee6899a)
		b'[unknown]' (6236f8525afc)
		b'[unknown]' (6236fee6d592)
		b'[unknown]' (6236fee6e112)
		b'[unknown]' (6236f8525afc)
		b'[unknown]' (6236fee6d4db)
		b'[unknown]' (7c043a894ac3)

	Not found in mutex_ids. mutex (b'[unknown]') 504df9790428 ::: wait time 2.91us ::: hold time 8.67us ::: enter count 1
		b'[unknown]' (6236f7d776a7)
		b'[unknown]' (6236f7d77cac)
		b'[unknown]' (6236f7d80eca)
		b'[unknown]' (6236feea0bc6)
		b'[unknown]' (6236fee9948d)
		b'[unknown]' (6236feea0838)
		b'[unknown]' (6236fee9ba64)
		b'[unknown]' (6236fee996a4)
		b'[unknown]' (6236fcda7553)
		b'[unknown]' (6236fcda7490)
		b'[unknown]' (6236fbf81c45)
		b'[unknown]' (6236fabed952)
		b'[unknown]' (6236fabcfebc)
		b'[unknown]' (6236fabd1315)
		b'[unknown]' (6236fa62547f)
		b'[unknown]' (6236fa6257e5)
		b'[unknown]' (6236fa625ca5)
		b'[unknown]' (6236fa6273ec)
		b'[unknown]' (6236fa62808a)
		b'[unknown]' (6236fa62c176)
		b'[unknown]' (6236fa3321c9)
		b'[unknown]' (6236fa33dd18)
		b'[unknown]' (6236fa33e46b)
		b'[unknown]' (6236fa33dd70)
		b'[unknown]' (6236fed9754e)
		b'[unknown]' (6236f7ee69ac)
		b'[unknown]' (6236f7ee9125)
		b'[unknown]' (6236f7eec3a0)
		b'[unknown]' (6236f7eed325)
		b'[unknown]' (6236f7eec7be)
		b'[unknown]' (6236f7eec86f)
		b'[unknown]' (6236f7ee8ad5)
		b'[unknown]' (6236f7ee8bc3)
		b'[unknown]' (6236f7ef1105)
		b'[unknown]' (6236f7ee7eb9)
		b'[unknown]' (6236f7ee7f5b)
		b'[unknown]' (6236f7ef3e5e)
		b'[unknown]' (6236f7ef49e5)
		b'[unknown]' (6236f7ef5066)
		b'[unknown]' (6236f7ef5df5)
		b'[unknown]' (6236f7ed7f38)
		b'[unknown]' (6236fea64b8d)
		b'[unknown]' (6236fea65171)
		b'[unknown]' (6236fea651e4)
		b'[unknown]' (6236fea65273)
		b'[unknown]' (6236fea652d7)
		b'[unknown]' (6236fea6581e)
		b'[unknown]' (6236fea65a0e)
		b'[unknown]' (6236fea65aad)
		b'[unknown]' (6236fea65b3b)
		b'[unknown]' (6236fea666ca)
		b'[unknown]' (6236fea6678b)
		b'[unknown]' (6236fea6797d)
		b'[unknown]' (6236f7d88dd2)
		b'[unknown]' (6236fea6b3d9)
		b'[unknown]' (6236fea6c3d5)
		b'[unknown]' (6236fea6b380)
		b'[unknown]' (6236fea6c529)
		b'[unknown]' (6236f7d88dd2)
		b'[unknown]' (6236fee6a91a)
		b'[unknown]' (6236fee67893)
		b'[unknown]' (6236fee6899a)
		b'[unknown]' (6236f8525afc)
		b'[unknown]' (6236fee6d592)
		b'[unknown]' (6236fee6e112)
		b'[unknown]' (6236f8525afc)
		b'[unknown]' (6236fee6d4db)
		b'[unknown]' (7c043a894ac3)

	Not found in mutex_ids. mutex (b'[unknown]') 504df9790428 ::: wait time 2.91us ::: hold time 8.54us ::: enter count 1
		b'[unknown]' (6236f7d776a7)
		b'[unknown]' (6236f7d77cac)
		b'[unknown]' (6236f7d9daa5)
		b'[unknown]' (6236f7d87c9d)
		b'[unknown]' (6236f9d1124f)
		b'[unknown]' (6236f9d011b2)
		b'[unknown]' (6236fb919200)
		b'[unknown]' (6236ff8d152a)
		b'[unknown]' (6236ff8d1755)
		b'[unknown]' (6236ff8d2bc9)
		b'[unknown]' (6236ff8d2abb)
		b'[unknown]' (6236ff8d290f)
		b'[unknown]' (6236ff8d2949)
		b'[unknown]' (6236ff8d29ba)
		b'[unknown]' (6236ff8d305c)
		b'[unknown]' (6236ff8d301f)
		b'[unknown]' (6236ff8d2fcc)
		b'[unknown]' (6236ff8d2fa0)
		b'[unknown]' (6236ff8d2f84)
		b'[unknown]' (7c043ace62b3)

	Not found in mutex_ids. mutex (b'[unknown]') 504dffc3b070 ::: wait time 2.89us ::: hold time 8.86us ::: enter count 1
		b'[unknown]' (6236f9ad3c3a)
		b'[unknown]' (6236f9ad6190)
		b'[unknown]' (6236fee87b95)
		b'[unknown]' (6236fee9b71f)
		b'[unknown]' (6236fee97f34)
		b'[unknown]' (6236fee978bb)
		b'[unknown]' (6236fee83f43)
		b'[unknown]' (6236fee83ed8)
		b'[unknown]' (6236f7e894d4)
		b'[unknown]' (6236f7e89385)
		b'[unknown]' (6236f7e892d8)
		b'[unknown]' (6236f7e89298)
		b'[unknown]' (6236fee84aa4)
		b'[unknown]' (6236f7d835a8)
		b'[unknown]' (6236fa625528)
		b'[unknown]' (6236fa6257e5)
		b'[unknown]' (6236fa625ca5)
		b'[unknown]' (6236fa6273ec)
		b'[unknown]' (6236fa62808a)
		b'[unknown]' (6236fa62c176)
		b'[unknown]' (6236fa3321c9)
		b'[unknown]' (6236fa33dd18)
		b'[unknown]' (6236fa33e46b)
		b'[unknown]' (6236fa33dd70)
		b'[unknown]' (6236fed9754e)
		b'[unknown]' (6236f7ee69ac)
		b'[unknown]' (6236f7ee9125)
		b'[unknown]' (6236f7eec3a0)
		b'[unknown]' (6236f7eed325)
		b'[unknown]' (6236f7eec7be)
		b'[unknown]' (6236f7eec86f)
		b'[unknown]' (6236f7ee8ad5)
		b'[unknown]' (6236f7ee8bc3)
		b'[unknown]' (6236f7ef1105)
		b'[unknown]' (6236f7ee7eb9)
		b'[unknown]' (6236f7ee7f5b)
		b'[unknown]' (6236f7ef3e5e)
		b'[unknown]' (6236f7ef49e5)
		b'[unknown]' (6236f7ef5066)
		b'[unknown]' (6236f7ef5df5)
		b'[unknown]' (6236f7ed7f38)
		b'[unknown]' (6236fea64b8d)
		b'[unknown]' (6236fea65171)
		b'[unknown]' (6236fea651e4)
		b'[unknown]' (6236fea65273)
		b'[unknown]' (6236fea652d7)
		b'[unknown]' (6236fea6581e)
		b'[unknown]' (6236fea65a0e)
		b'[unknown]' (6236fea65aad)
		b'[unknown]' (6236fea65b3b)
		b'[unknown]' (6236fea666ca)
		b'[unknown]' (6236fea6678b)
		b'[unknown]' (6236fea6797d)
		b'[unknown]' (6236f7d88dd2)
		b'[unknown]' (6236fea6b3d9)
		b'[unknown]' (6236fea6c3d5)
		b'[unknown]' (6236fea6b380)
		b'[unknown]' (6236fea6c529)
		b'[unknown]' (6236f7d88dd2)
		b'[unknown]' (6236fee6a91a)
		b'[unknown]' (6236fee67893)
		b'[unknown]' (6236fee6899a)
		b'[unknown]' (6236f8525afc)
		b'[unknown]' (6236fee6d592)
		b'[unknown]' (6236fee6e112)
		b'[unknown]' (6236f8525afc)
		b'[unknown]' (6236fee6d4db)
		b'[unknown]' (7c043a894ac3)

	Not found in mutex_ids. mutex (b'[unknown]') 504dff61ab48 ::: wait time 2.89us ::: hold time 8.01us ::: enter count 1
		b'[unknown]' (6236f9dbad00)
		b'[unknown]' (6236f9dbfc92)
		b'[unknown]' (6236f9d66871)
		b'[unknown]' (6236f9e8a6ec)
		b'[unknown]' (6236f9e431e4)
		b'[unknown]' (6236f9e48204)
		b'[unknown]' (6236f9e48853)
		b'[unknown]' (6236f9e44556)
		b'[unknown]' (6236f9e4660e)
		b'[unknown]' (6236f9e48348)
		b'[unknown]' (6236f9e48853)
		b'[unknown]' (6236f9e61631)
		b'[unknown]' (6236f9e61f53)
		b'[unknown]' (6236f9c930bc)
		b'[unknown]' (6236fce6a31e)
		b'[unknown]' (6236fabcedde)
		b'[unknown]' (6236fabcfc72)
		b'[unknown]' (6236fabd1315)
		b'[unknown]' (6236fa62547f)
		b'[unknown]' (6236fa6257e5)
		b'[unknown]' (6236fa625ca5)
		b'[unknown]' (6236fa6273ec)
		b'[unknown]' (6236fa62808a)
		b'[unknown]' (6236fa62c176)
		b'[unknown]' (6236fa3321c9)
		b'[unknown]' (6236fa33dd18)
		b'[unknown]' (6236fa33e46b)
		b'[unknown]' (6236fa33dd70)
		b'[unknown]' (6236fed9754e)
		b'[unknown]' (6236f7ee69ac)
		b'[unknown]' (6236f7ee9125)
		b'[unknown]' (6236f7eec3a0)
		b'[unknown]' (6236f7eed325)
		b'[unknown]' (6236f7eec7be)
		b'[unknown]' (6236f7eec86f)
		b'[unknown]' (6236f7ee8ad5)
		b'[unknown]' (6236f7ee8bc3)
		b'[unknown]' (6236f7ef1105)
		b'[unknown]' (6236f7ee7eb9)
		b'[unknown]' (6236f7ee7f5b)
		b'[unknown]' (6236f7ef3e5e)
		b'[unknown]' (6236f7ef49e5)
		b'[unknown]' (6236f7ef5066)
		b'[unknown]' (6236f7ef5df5)
		b'[unknown]' (6236f7ed7f38)
		b'[unknown]' (6236fea64b8d)
		b'[unknown]' (6236fea65171)
		b'[unknown]' (6236fea651e4)
		b'[unknown]' (6236fea65273)
		b'[unknown]' (6236fea652d7)
		b'[unknown]' (6236fea6581e)
		b'[unknown]' (6236fea65a0e)
		b'[unknown]' (6236fea65aad)
		b'[unknown]' (6236fea65b3b)
		b'[unknown]' (6236fea666ca)
		b'[unknown]' (6236fea6678b)
		b'[unknown]' (6236fea6797d)
		b'[unknown]' (6236f7d88dd2)
		b'[unknown]' (6236fea6b3d9)
		b'[unknown]' (6236fea6c3d5)
		b'[unknown]' (6236fea6b380)
		b'[unknown]' (6236fea6c529)
		b'[unknown]' (6236f7d88dd2)
		b'[unknown]' (6236fee6a91a)
		b'[unknown]' (6236fee67893)
		b'[unknown]' (6236fee6899a)
		b'[unknown]' (6236f8525afc)
		b'[unknown]' (6236fee6d592)
		b'[unknown]' (6236fee6e112)
		b'[unknown]' (6236f8525afc)
		b'[unknown]' (6236fee6d4db)
		b'[unknown]' (7c043a894ac3)

	Not found in mutex_ids. mutex (b'[unknown]') 504dffc39040 ::: wait time 2.89us ::: hold time 9.82us ::: enter count 1
		b'[unknown]' (6236f7d776a7)
		b'[unknown]' (6236f7d77cac)
		b'[unknown]' (6236f7d9daa5)
		b'[unknown]' (6236f7d87c9d)
		b'[unknown]' (6236f8efa707)
		b'[unknown]' (6236f8ef8ec9)
		b'[unknown]' (6236fc0b1710)
		b'[unknown]' (6236fc0b114c)
		b'[unknown]' (6236fc0af2b9)
		b'[unknown]' (6236fc0af049)
		b'[unknown]' (6236fbf92a10)
		b'[unknown]' (6236fbf92a3b)
		b'[unknown]' (6236fbf929ca)
		b'[unknown]' (6236fbf9288d)
		b'[unknown]' (6236f7d9cab7)
		b'[unknown]' (6236f7d862a3)
		b'[unknown]' (6236f89831bc)
		b'[unknown]' (6236fbf8daaa)
		b'[unknown]' (6236fbf8c9cc)
		b'[unknown]' (6236fbf8ad1b)
		b'[unknown]' (6236fbf8b03d)
		b'[unknown]' (6236fbf8082d)
		b'[unknown]' (6236fbf8130d)
		b'[unknown]' (6236fabed75d)
		b'[unknown]' (6236fabcfebc)
		b'[unknown]' (6236fabd1315)
		b'[unknown]' (6236fa62547f)
		b'[unknown]' (6236fa6257e5)
		b'[unknown]' (6236fa625ca5)
		b'[unknown]' (6236fa6273ec)
		b'[unknown]' (6236fa62808a)
		b'[unknown]' (6236fa62c176)
		b'[unknown]' (6236fa3321c9)
		b'[unknown]' (6236fa33dd18)
		b'[unknown]' (6236fa33e46b)
		b'[unknown]' (6236fa33dd70)
		b'[unknown]' (6236fed9754e)
		b'[unknown]' (6236f7ee69ac)
		b'[unknown]' (6236f7ee9125)
		b'[unknown]' (6236f7eec3a0)
		b'[unknown]' (6236f7eed325)
		b'[unknown]' (6236f7eec7be)
		b'[unknown]' (6236f7eec86f)
		b'[unknown]' (6236f7ee8ad5)
		b'[unknown]' (6236f7ee8bc3)
		b'[unknown]' (6236f7ef1105)
		b'[unknown]' (6236f7ee7eb9)
		b'[unknown]' (6236f7ee7f5b)
		b'[unknown]' (6236f7ef3e5e)
		b'[unknown]' (6236f7ef49e5)
		b'[unknown]' (6236f7ef5066)
		b'[unknown]' (6236f7ef5df5)
		b'[unknown]' (6236f7ed7f38)
		b'[unknown]' (6236fea64b8d)
		b'[unknown]' (6236fea65171)
		b'[unknown]' (6236fea651e4)
		b'[unknown]' (6236fea65273)
		b'[unknown]' (6236fea652d7)
		b'[unknown]' (6236fea6581e)
		b'[unknown]' (6236fea65a0e)
		b'[unknown]' (6236fea65aad)
		b'[unknown]' (6236fea65b3b)
		b'[unknown]' (6236fea666ca)
		b'[unknown]' (6236fea6678b)
		b'[unknown]' (6236fea6797d)
		b'[unknown]' (6236f7d88dd2)
		b'[unknown]' (6236fea6b3d9)
		b'[unknown]' (6236fea6c3d5)
		b'[unknown]' (6236fea6b380)
		b'[unknown]' (6236fea6c529)
		b'[unknown]' (6236f7d88dd2)
		b'[unknown]' (6236fee6a91a)
		b'[unknown]' (6236fee67893)
		b'[unknown]' (6236fee6899a)
		b'[unknown]' (6236f8525afc)
		b'[unknown]' (6236fee6d592)
		b'[unknown]' (6236fee6e112)
		b'[unknown]' (6236f8525afc)
		b'[unknown]' (6236fee6d4db)
		b'[unknown]' (7c043a894ac3)

	Not found in mutex_ids. mutex (b'[unknown]') 504df9790428 ::: wait time 2.89us ::: hold time 7.85us ::: enter count 1
		b'[unknown]' (6236f7d776a7)
		b'[unknown]' (6236f7d77cac)
		b'[unknown]' (6236f7d80eca)
		b'[unknown]' (6236feea0bc6)
		b'[unknown]' (6236fee9948d)
		b'[unknown]' (6236f7eacf5e)
		b'[unknown]' (6236fee9ba34)
		b'[unknown]' (6236fee996a4)
		b'[unknown]' (6236fcda7553)
		b'[unknown]' (6236fcda7490)
		b'[unknown]' (6236fabed4d9)
		b'[unknown]' (6236fabcfebc)
		b'[unknown]' (6236fabd1315)
		b'[unknown]' (6236fa62547f)
		b'[unknown]' (6236fa6257e5)
		b'[unknown]' (6236fa625ca5)
		b'[unknown]' (6236fa6273ec)
		b'[unknown]' (6236fa62808a)
		b'[unknown]' (6236fa62c176)
		b'[unknown]' (6236fa3321c9)
		b'[unknown]' (6236fa33dd18)
		b'[unknown]' (6236fa33e46b)
		b'[unknown]' (6236fa33dd70)
		b'[unknown]' (6236fed9754e)
		b'[unknown]' (6236f7ee69ac)
		b'[unknown]' (6236f7ee9125)
		b'[unknown]' (6236f7eec3a0)
		b'[unknown]' (6236f7eed325)
		b'[unknown]' (6236f7eec7be)
		b'[unknown]' (6236f7eec86f)
		b'[unknown]' (6236f7ee8ad5)
		b'[unknown]' (6236f7ee8bc3)
		b'[unknown]' (6236f7ef1105)
		b'[unknown]' (6236f7ee7eb9)
		b'[unknown]' (6236f7ee7f5b)
		b'[unknown]' (6236f7ef3e5e)
		b'[unknown]' (6236f7ef49e5)
		b'[unknown]' (6236f7ef5066)
		b'[unknown]' (6236f7ef5df5)
		b'[unknown]' (6236f7ed7f38)
		b'[unknown]' (6236fea64b8d)
		b'[unknown]' (6236fea65171)
		b'[unknown]' (6236fea651e4)
		b'[unknown]' (6236fea65273)
		b'[unknown]' (6236fea652d7)
		b'[unknown]' (6236fea6581e)
		b'[unknown]' (6236fea65a0e)
		b'[unknown]' (6236fea65aad)
		b'[unknown]' (6236fea65b3b)
		b'[unknown]' (6236fea666ca)
		b'[unknown]' (6236fea6678b)
		b'[unknown]' (6236fea6797d)
		b'[unknown]' (6236f7d88dd2)
		b'[unknown]' (6236fea6b3d9)
		b'[unknown]' (6236fea6c3d5)
		b'[unknown]' (6236fea6b380)
		b'[unknown]' (6236fea6c529)
		b'[unknown]' (6236f7d88dd2)
		b'[unknown]' (6236fee6a91a)
		b'[unknown]' (6236fee67893)
		b'[unknown]' (6236fee6899a)
		b'[unknown]' (6236f8525afc)
		b'[unknown]' (6236fee6d592)
		b'[unknown]' (6236fee6e112)
		b'[unknown]' (6236f8525afc)
		b'[unknown]' (6236fee6d4db)
		b'[unknown]' (7c043a894ac3)

	Not found in mutex_ids. mutex (b'[unknown]') 504dffc3b070 ::: wait time 2.89us ::: hold time 8.59us ::: enter count 1
		b'[unknown]' (6236f9ad3c3a)
		b'[unknown]' (6236f9ad6190)
		b'[unknown]' (6236fee87b95)
		b'[unknown]' (6236fee9b71f)
		b'[unknown]' (6236fee97f34)
		b'[unknown]' (6236fee83f09)
		b'[unknown]' (6236f7e894d4)
		b'[unknown]' (6236f7e89385)
		b'[unknown]' (6236f7e892d8)
		b'[unknown]' (6236f7e89298)
		b'[unknown]' (6236fee84aa4)
		b'[unknown]' (6236f7d835a8)
		b'[unknown]' (6236fa625528)
		b'[unknown]' (6236fa6257e5)
		b'[unknown]' (6236fa625ca5)
		b'[unknown]' (6236fa6273ec)
		b'[unknown]' (6236fa62808a)
		b'[unknown]' (6236fa62c176)
		b'[unknown]' (6236fa3321c9)
		b'[unknown]' (6236fa33dd18)
		b'[unknown]' (6236fa33e46b)
		b'[unknown]' (6236fa33dd70)
		b'[unknown]' (6236fed9754e)
		b'[unknown]' (6236f7ee69ac)
		b'[unknown]' (6236f7ee9125)
		b'[unknown]' (6236f7eec3a0)
		b'[unknown]' (6236f7eed325)
		b'[unknown]' (6236f7eec7be)
		b'[unknown]' (6236f7eec86f)
		b'[unknown]' (6236f7ee8ad5)
		b'[unknown]' (6236f7ee8bc3)
		b'[unknown]' (6236f7ef1105)
		b'[unknown]' (6236f7ee7eb9)
		b'[unknown]' (6236f7ee7f5b)
		b'[unknown]' (6236f7ef3e5e)
		b'[unknown]' (6236f7ef49e5)
		b'[unknown]' (6236f7ef5066)
		b'[unknown]' (6236f7ef5df5)
		b'[unknown]' (6236f7ed7f38)
		b'[unknown]' (6236fea64b8d)
		b'[unknown]' (6236fea65171)
		b'[unknown]' (6236fea651e4)
		b'[unknown]' (6236fea65273)
		b'[unknown]' (6236fea652d7)
		b'[unknown]' (6236fea6581e)
		b'[unknown]' (6236fea65a0e)
		b'[unknown]' (6236fea65aad)
		b'[unknown]' (6236fea65b3b)
		b'[unknown]' (6236fea666ca)
		b'[unknown]' (6236fea6678b)
		b'[unknown]' (6236fea6797d)
		b'[unknown]' (6236f7d88dd2)
		b'[unknown]' (6236fea6b3d9)
		b'[unknown]' (6236fea6c3d5)
		b'[unknown]' (6236fea6b380)
		b'[unknown]' (6236fea6c529)
		b'[unknown]' (6236f7d88dd2)
		b'[unknown]' (6236fee6a91a)
		b'[unknown]' (6236fee67893)
		b'[unknown]' (6236fee6899a)
		b'[unknown]' (6236f8525afc)
		b'[unknown]' (6236fee6d592)
		b'[unknown]' (6236fee6e112)
		b'[unknown]' (6236f8525afc)
		b'[unknown]' (6236fee6d4db)
		b'[unknown]' (7c043a894ac3)

	Not found in mutex_ids. mutex (b'[unknown]') 504dffac51a0 ::: wait time 2.89us ::: hold time 9.52us ::: enter count 1
		b'[unknown]' (6236f9e1401d)
		b'[unknown]' (6236f9e15709)
		b'[unknown]' (6236f9e16155)
		b'[unknown]' (6236f9ef80a7)
		b'[unknown]' (6236f9e42662)
		b'[unknown]' (6236f9e42e84)
		b'[unknown]' (6236f9e48204)
		b'[unknown]' (6236f9e48853)
		b'[unknown]' (6236f9e44556)
		b'[unknown]' (6236f9e4660e)
		b'[unknown]' (6236f9e48348)
		b'[unknown]' (6236f9e48853)
		b'[unknown]' (6236f9e61631)
		b'[unknown]' (6236f9e61f53)
		b'[unknown]' (6236f9c66490)
		b'[unknown]' (6236f9c94e55)
		b'[unknown]' (6236fce6a92b)
		b'[unknown]' (6236fab86073)
		b'[unknown]' (6236fbf8113e)
		b'[unknown]' (6236fabed75d)
		b'[unknown]' (6236fabcfebc)
		b'[unknown]' (6236fabd1315)
		b'[unknown]' (6236fa62547f)
		b'[unknown]' (6236fa6257e5)
		b'[unknown]' (6236fa625ca5)
		b'[unknown]' (6236fa6273ec)
		b'[unknown]' (6236fa62808a)
		b'[unknown]' (6236fa62c176)
		b'[unknown]' (6236fa3321c9)
		b'[unknown]' (6236fa33dd18)
		b'[unknown]' (6236fa33e46b)
		b'[unknown]' (6236fa33dd70)
		b'[unknown]' (6236fed9754e)
		b'[unknown]' (6236f7ee69ac)
		b'[unknown]' (6236f7ee9125)
		b'[unknown]' (6236f7eec3a0)
		b'[unknown]' (6236f7eed325)
		b'[unknown]' (6236f7eec7be)
		b'[unknown]' (6236f7eec86f)
		b'[unknown]' (6236f7ee8ad5)
		b'[unknown]' (6236f7ee8bc3)
		b'[unknown]' (6236f7ef1105)
		b'[unknown]' (6236f7ee7eb9)
		b'[unknown]' (6236f7ee7f5b)
		b'[unknown]' (6236f7ef3e5e)
		b'[unknown]' (6236f7ef49e5)
		b'[unknown]' (6236f7ef5066)
		b'[unknown]' (6236f7ef5df5)
		b'[unknown]' (6236f7ed7f38)
		b'[unknown]' (6236fea64b8d)
		b'[unknown]' (6236fea65171)
		b'[unknown]' (6236fea651e4)
		b'[unknown]' (6236fea65273)
		b'[unknown]' (6236fea652d7)
		b'[unknown]' (6236fea6581e)
		b'[unknown]' (6236fea65a0e)
		b'[unknown]' (6236fea65aad)
		b'[unknown]' (6236fea65b3b)
		b'[unknown]' (6236fea666ca)
		b'[unknown]' (6236fea6678b)
		b'[unknown]' (6236fea6797d)
		b'[unknown]' (6236f7d88dd2)
		b'[unknown]' (6236fea6b3d9)
		b'[unknown]' (6236fea6c3d5)
		b'[unknown]' (6236fea6b380)
		b'[unknown]' (6236fea6c529)
		b'[unknown]' (6236f7d88dd2)
		b'[unknown]' (6236fee6a91a)
		b'[unknown]' (6236fee67893)
		b'[unknown]' (6236fee6899a)
		b'[unknown]' (6236f8525afc)
		b'[unknown]' (6236fee6d592)
		b'[unknown]' (6236fee6e112)
		b'[unknown]' (6236f8525afc)
		b'[unknown]' (6236fee6d4db)
		b'[unknown]' (7c043a894ac3)

	Not found in mutex_ids. mutex (b'[unknown]') 504dffc394c0 ::: wait time 2.89us ::: hold time 9.64us ::: enter count 1
		b'[unknown]' (6236f7d776a7)
		b'[unknown]' (6236f7d77cac)
		b'[unknown]' (6236f7d9daa5)
		b'[unknown]' (6236f7d87c9d)
		b'[unknown]' (6236f8efa707)
		b'[unknown]' (6236f8ef8ec9)
		b'[unknown]' (6236fc0b1710)
		b'[unknown]' (6236fc0b114c)
		b'[unknown]' (6236fc0af2b9)
		b'[unknown]' (6236fc0af049)
		b'[unknown]' (6236fbf92a10)
		b'[unknown]' (6236fbf92a3b)
		b'[unknown]' (6236fbf929ca)
		b'[unknown]' (6236fbf9288d)
		b'[unknown]' (6236f7d9cab7)
		b'[unknown]' (6236f7d862a3)
		b'[unknown]' (6236f89831bc)
		b'[unknown]' (6236fbf8daaa)
		b'[unknown]' (6236fbf8c9cc)
		b'[unknown]' (6236fbf8ad1b)
		b'[unknown]' (6236fbf8b03d)
		b'[unknown]' (6236fbf8082d)
		b'[unknown]' (6236fbf8130d)
		b'[unknown]' (6236fabed75d)
		b'[unknown]' (6236fabcfebc)
		b'[unknown]' (6236fabd1315)
		b'[unknown]' (6236fa62547f)
		b'[unknown]' (6236fa6257e5)
		b'[unknown]' (6236fa625ca5)
		b'[unknown]' (6236fa6273ec)
		b'[unknown]' (6236fa62808a)
		b'[unknown]' (6236fa62c176)
		b'[unknown]' (6236fa3321c9)
		b'[unknown]' (6236fa33dd18)
		b'[unknown]' (6236fa33e46b)
		b'[unknown]' (6236fa33dd70)
		b'[unknown]' (6236fed9754e)
		b'[unknown]' (6236f7ee69ac)
		b'[unknown]' (6236f7ee9125)
		b'[unknown]' (6236f7eec3a0)
		b'[unknown]' (6236f7eed325)
		b'[unknown]' (6236f7eec7be)
		b'[unknown]' (6236f7eec86f)
		b'[unknown]' (6236f7ee8ad5)
		b'[unknown]' (6236f7ee8bc3)
		b'[unknown]' (6236f7ef1105)
		b'[unknown]' (6236f7ee7eb9)
		b'[unknown]' (6236f7ee7f5b)
		b'[unknown]' (6236f7ef3e5e)
		b'[unknown]' (6236f7ef49e5)
		b'[unknown]' (6236f7ef5066)
		b'[unknown]' (6236f7ef5df5)
		b'[unknown]' (6236f7ed7f38)
		b'[unknown]' (6236fea64b8d)
		b'[unknown]' (6236fea65171)
		b'[unknown]' (6236fea651e4)
		b'[unknown]' (6236fea65273)
		b'[unknown]' (6236fea652d7)
		b'[unknown]' (6236fea6581e)
		b'[unknown]' (6236fea65a0e)
		b'[unknown]' (6236fea65aad)
		b'[unknown]' (6236fea65b3b)
		b'[unknown]' (6236fea666ca)
		b'[unknown]' (6236fea6678b)
		b'[unknown]' (6236fea6797d)
		b'[unknown]' (6236f7d88dd2)
		b'[unknown]' (6236fea6b3d9)
		b'[unknown]' (6236fea6c3d5)
		b'[unknown]' (6236fea6b380)
		b'[unknown]' (6236fea6c529)
		b'[unknown]' (6236f7d88dd2)
		b'[unknown]' (6236fee6a91a)
		b'[unknown]' (6236fee67893)
		b'[unknown]' (6236fee6899a)
		b'[unknown]' (6236f8525afc)
		b'[unknown]' (6236fee6d592)
		b'[unknown]' (6236fee6e112)
		b'[unknown]' (6236f8525afc)
		b'[unknown]' (6236fee6d4db)
		b'[unknown]' (7c043a894ac3)

	Not found in mutex_ids. mutex (b'[unknown]') 504dffac51a0 ::: wait time 2.89us ::: hold time 9.96us ::: enter count 1
		b'[unknown]' (6236f9e1401d)
		b'[unknown]' (6236f9e15709)
		b'[unknown]' (6236f9e15e48)
		b'[unknown]' (6236f9ef80a7)
		b'[unknown]' (6236f9e42662)
		b'[unknown]' (6236f9e42e84)
		b'[unknown]' (6236f9e48204)
		b'[unknown]' (6236f9e48853)
		b'[unknown]' (6236f9e44556)
		b'[unknown]' (6236f9e4660e)
		b'[unknown]' (6236f9e48348)
		b'[unknown]' (6236f9e48853)
		b'[unknown]' (6236f9e61631)
		b'[unknown]' (6236f9e61f53)
		b'[unknown]' (6236f9c930bc)
		b'[unknown]' (6236fce6a31e)
		b'[unknown]' (6236fabcedde)
		b'[unknown]' (6236fabcfc72)
		b'[unknown]' (6236fabd1315)
		b'[unknown]' (6236fa62547f)
		b'[unknown]' (6236fa6257e5)
		b'[unknown]' (6236fa625ca5)
		b'[unknown]' (6236fa6273ec)
		b'[unknown]' (6236fa62808a)
		b'[unknown]' (6236fa62c176)
		b'[unknown]' (6236fa3321c9)
		b'[unknown]' (6236fa33dd18)
		b'[unknown]' (6236fa33e46b)
		b'[unknown]' (6236fa33dd70)
		b'[unknown]' (6236fed9754e)
		b'[unknown]' (6236f7ee69ac)
		b'[unknown]' (6236f7ee9125)
		b'[unknown]' (6236f7eec3a0)
		b'[unknown]' (6236f7eed325)
		b'[unknown]' (6236f7eec7be)
		b'[unknown]' (6236f7eec86f)
		b'[unknown]' (6236f7ee8ad5)
		b'[unknown]' (6236f7ee8bc3)
		b'[unknown]' (6236f7ef1105)
		b'[unknown]' (6236f7ee7eb9)
		b'[unknown]' (6236f7ee7f5b)
		b'[unknown]' (6236f7ef3e5e)
		b'[unknown]' (6236f7ef49e5)
		b'[unknown]' (6236f7ef5066)
		b'[unknown]' (6236f7ef5df5)
		b'[unknown]' (6236f7ed7f38)
		b'[unknown]' (6236fea64b8d)
		b'[unknown]' (6236fea65171)
		b'[unknown]' (6236fea651e4)
		b'[unknown]' (6236fea65273)
		b'[unknown]' (6236fea652d7)
		b'[unknown]' (6236fea6581e)
		b'[unknown]' (6236fea65a0e)
		b'[unknown]' (6236fea65aad)
		b'[unknown]' (6236fea65b3b)
		b'[unknown]' (6236fea666ca)
		b'[unknown]' (6236fea6678b)
		b'[unknown]' (6236fea6797d)
		b'[unknown]' (6236f7d88dd2)
		b'[unknown]' (6236fea6b3d9)
		b'[unknown]' (6236fea6c3d5)
		b'[unknown]' (6236fea6b380)
		b'[unknown]' (6236fea6c529)
		b'[unknown]' (6236f7d88dd2)
		b'[unknown]' (6236fee6a91a)
		b'[unknown]' (6236fee67893)
		b'[unknown]' (6236fee6899a)
		b'[unknown]' (6236f8525afc)
		b'[unknown]' (6236fee6d592)
		b'[unknown]' (6236fee6e112)
		b'[unknown]' (6236f8525afc)
		b'[unknown]' (6236fee6d4db)
		b'[unknown]' (7c043a894ac3)

	Not found in mutex_ids. mutex (b'[unknown]') 504dffac51a0 ::: wait time 2.89us ::: hold time 10.49us ::: enter count 1
		b'[unknown]' (6236f9e1401d)
		b'[unknown]' (6236f9e15709)
		b'[unknown]' (6236f9e15e48)
		b'[unknown]' (6236f9ef80a7)
		b'[unknown]' (6236f9e42662)
		b'[unknown]' (6236f9e42e84)
		b'[unknown]' (6236f9e48204)
		b'[unknown]' (6236f9e48853)
		b'[unknown]' (6236f9e44556)
		b'[unknown]' (6236f9e4660e)
		b'[unknown]' (6236f9e48348)
		b'[unknown]' (6236f9e48853)
		b'[unknown]' (6236f9e61631)
		b'[unknown]' (6236f9e61f53)
		b'[unknown]' (6236f9c66490)
		b'[unknown]' (6236f9c94e55)
		b'[unknown]' (6236fce6a92b)
		b'[unknown]' (6236fab86073)
		b'[unknown]' (6236fbf8113e)
		b'[unknown]' (6236fabed75d)
		b'[unknown]' (6236fabcfebc)
		b'[unknown]' (6236fabd1315)
		b'[unknown]' (6236fa62547f)
		b'[unknown]' (6236fa6257e5)
		b'[unknown]' (6236fa625ca5)
		b'[unknown]' (6236fa6273ec)
		b'[unknown]' (6236fa62808a)
		b'[unknown]' (6236fa62c176)
		b'[unknown]' (6236fa3321c9)
		b'[unknown]' (6236fa33dd18)
		b'[unknown]' (6236fa33e46b)
		b'[unknown]' (6236fa33dd70)
		b'[unknown]' (6236fed9754e)
		b'[unknown]' (6236f7ee69ac)
		b'[unknown]' (6236f7ee9125)
		b'[unknown]' (6236f7eec3a0)
		b'[unknown]' (6236f7eed325)
		b'[unknown]' (6236f7eec7be)
		b'[unknown]' (6236f7eec86f)
		b'[unknown]' (6236f7ee8ad5)
		b'[unknown]' (6236f7ee8bc3)
		b'[unknown]' (6236f7ef1105)
		b'[unknown]' (6236f7ee7eb9)
		b'[unknown]' (6236f7ee7f5b)
		b'[unknown]' (6236f7ef3e5e)
		b'[unknown]' (6236f7ef49e5)
		b'[unknown]' (6236f7ef5066)
		b'[unknown]' (6236f7ef5df5)
		b'[unknown]' (6236f7ed7f38)
		b'[unknown]' (6236fea64b8d)
		b'[unknown]' (6236fea65171)
		b'[unknown]' (6236fea651e4)
		b'[unknown]' (6236fea65273)
		b'[unknown]' (6236fea652d7)
		b'[unknown]' (6236fea6581e)
		b'[unknown]' (6236fea65a0e)
		b'[unknown]' (6236fea65aad)
		b'[unknown]' (6236fea65b3b)
		b'[unknown]' (6236fea666ca)
		b'[unknown]' (6236fea6678b)
		b'[unknown]' (6236fea6797d)
		b'[unknown]' (6236f7d88dd2)
		b'[unknown]' (6236fea6b3d9)
		b'[unknown]' (6236fea6c3d5)
		b'[unknown]' (6236fea6b380)
		b'[unknown]' (6236fea6c529)
		b'[unknown]' (6236f7d88dd2)
		b'[unknown]' (6236fee6a91a)
		b'[unknown]' (6236fee67893)
		b'[unknown]' (6236fee6899a)
		b'[unknown]' (6236f8525afc)
		b'[unknown]' (6236fee6d592)
		b'[unknown]' (6236fee6e112)
		b'[unknown]' (6236f8525afc)
		b'[unknown]' (6236fee6d4db)
		b'[unknown]' (7c043a894ac3)

	Not found in mutex_ids. mutex (b'[unknown]') 504df9790428 ::: wait time 2.88us ::: hold time 7.84us ::: enter count 1
		b'[unknown]' (6236f7d776a7)
		b'[unknown]' (6236f7d77cac)
		b'[unknown]' (6236f7d80eca)
		b'[unknown]' (6236feea0bc6)
		b'[unknown]' (6236fee98135)
		b'[unknown]' (6236fee9a10d)
		b'[unknown]' (6236fee97c33)
		b'[unknown]' (6236fee836b1)
		b'[unknown]' (6236f86e50d5)
		b'[unknown]' (6236fd146c79)
		b'[unknown]' (6236fd146e4d)
		b'[unknown]' (6236fabc9e97)
		b'[unknown]' (6236fabcf9a5)
		b'[unknown]' (6236fabd1315)
		b'[unknown]' (6236fa62547f)
		b'[unknown]' (6236fa6257e5)
		b'[unknown]' (6236fa625ca5)
		b'[unknown]' (6236fa6273ec)
		b'[unknown]' (6236fa62808a)
		b'[unknown]' (6236fa62c176)
		b'[unknown]' (6236fa3321c9)
		b'[unknown]' (6236fa33dd18)
		b'[unknown]' (6236fa33e46b)
		b'[unknown]' (6236fa33dd70)
		b'[unknown]' (6236fed9754e)
		b'[unknown]' (6236f7ee69ac)
		b'[unknown]' (6236f7ee9125)
		b'[unknown]' (6236f7eec3a0)
		b'[unknown]' (6236f7eed325)
		b'[unknown]' (6236f7eec7be)
		b'[unknown]' (6236f7eec86f)
		b'[unknown]' (6236f7ee8ad5)
		b'[unknown]' (6236f7ee8bc3)
		b'[unknown]' (6236f7ef1105)
		b'[unknown]' (6236f7ee7eb9)
		b'[unknown]' (6236f7ee7f5b)
		b'[unknown]' (6236f7ef3e5e)
		b'[unknown]' (6236f7ef49e5)
		b'[unknown]' (6236f7ef5066)
		b'[unknown]' (6236f7ef5df5)
		b'[unknown]' (6236f7ed7f38)
		b'[unknown]' (6236fea64b8d)
		b'[unknown]' (6236fea65171)
		b'[unknown]' (6236fea651e4)
		b'[unknown]' (6236fea65273)
		b'[unknown]' (6236fea652d7)
		b'[unknown]' (6236fea6581e)
		b'[unknown]' (6236fea65a0e)
		b'[unknown]' (6236fea65aad)
		b'[unknown]' (6236fea65b3b)
		b'[unknown]' (6236fea666ca)
		b'[unknown]' (6236fea6678b)
		b'[unknown]' (6236fea6797d)
		b'[unknown]' (6236f7d88dd2)
		b'[unknown]' (6236fea6b3d9)
		b'[unknown]' (6236fea6c3d5)
		b'[unknown]' (6236fea6b380)
		b'[unknown]' (6236fea6c529)
		b'[unknown]' (6236f7d88dd2)
		b'[unknown]' (6236fee6a91a)
		b'[unknown]' (6236fee67893)
		b'[unknown]' (6236fee6899a)
		b'[unknown]' (6236f8525afc)
		b'[unknown]' (6236fee6d592)
		b'[unknown]' (6236fee6e112)
		b'[unknown]' (6236f8525afc)
		b'[unknown]' (6236fee6d4db)
		b'[unknown]' (7c043a894ac3)

	Not found in mutex_ids. mutex (b'[unknown]') 504dffac50b8 ::: wait time 2.88us ::: hold time 21.38us ::: enter count 1
		b'[unknown]' (6236f9e588c3)
		b'[unknown]' (6236f9e5b865)
		b'[unknown]' (6236f9e5b02d)
		b'[unknown]' (6236f9d0fa2a)
		b'[unknown]' (6236f9c664bd)
		b'[unknown]' (6236f9c94e55)
		b'[unknown]' (6236fce6a92b)
		b'[unknown]' (6236fab86073)
		b'[unknown]' (6236fbf8113e)
		b'[unknown]' (6236fabed75d)
		b'[unknown]' (6236fabcfebc)
		b'[unknown]' (6236fabd1315)
		b'[unknown]' (6236fa62547f)
		b'[unknown]' (6236fa6257e5)
		b'[unknown]' (6236fa625ca5)
		b'[unknown]' (6236fa6273ec)
		b'[unknown]' (6236fa62808a)
		b'[unknown]' (6236fa62c176)
		b'[unknown]' (6236fa3321c9)
		b'[unknown]' (6236fa33dd18)
		b'[unknown]' (6236fa33e46b)
		b'[unknown]' (6236fa33dd70)
		b'[unknown]' (6236fed9754e)
		b'[unknown]' (6236f7ee69ac)
		b'[unknown]' (6236f7ee9125)
		b'[unknown]' (6236f7eec3a0)
		b'[unknown]' (6236f7eed325)
		b'[unknown]' (6236f7eec7be)
		b'[unknown]' (6236f7eec86f)
		b'[unknown]' (6236f7ee8ad5)
		b'[unknown]' (6236f7ee8bc3)
		b'[unknown]' (6236f7ef1105)
		b'[unknown]' (6236f7ee7eb9)
		b'[unknown]' (6236f7ee7f5b)
		b'[unknown]' (6236f7ef3e5e)
		b'[unknown]' (6236f7ef49e5)
		b'[unknown]' (6236f7ef5066)
		b'[unknown]' (6236f7ef5df5)
		b'[unknown]' (6236f7ed7f38)
		b'[unknown]' (6236fea64b8d)
		b'[unknown]' (6236fea65171)
		b'[unknown]' (6236fea651e4)
		b'[unknown]' (6236fea65273)
		b'[unknown]' (6236fea652d7)
		b'[unknown]' (6236fea6581e)
		b'[unknown]' (6236fea65a0e)
		b'[unknown]' (6236fea65aad)
		b'[unknown]' (6236fea65b3b)
		b'[unknown]' (6236fea666ca)
		b'[unknown]' (6236fea6678b)
		b'[unknown]' (6236fea6797d)
		b'[unknown]' (6236f7d88dd2)
		b'[unknown]' (6236fea6b3d9)
		b'[unknown]' (6236fea6c3d5)
		b'[unknown]' (6236fea6b380)
		b'[unknown]' (6236fea6c529)
		b'[unknown]' (6236f7d88dd2)
		b'[unknown]' (6236fee6a91a)
		b'[unknown]' (6236fee67893)
		b'[unknown]' (6236fee6899a)
		b'[unknown]' (6236f8525afc)
		b'[unknown]' (6236fee6d592)
		b'[unknown]' (6236fee6e112)
		b'[unknown]' (6236f8525afc)
		b'[unknown]' (6236fee6d4db)
		b'[unknown]' (7c043a894ac3)

	Not found in mutex_ids. mutex (b'[unknown]') 504df9790428 ::: wait time 2.88us ::: hold time 7.37us ::: enter count 1
		b'[unknown]' (6236f7d776a7)
		b'[unknown]' (6236f7d77cac)
		b'[unknown]' (6236f7d80eca)
		b'[unknown]' (6236feea0bc6)
		b'[unknown]' (6236fee9948d)
		b'[unknown]' (6236f7eacf5e)
		b'[unknown]' (6236fee9ba34)
		b'[unknown]' (6236fee9956f)
		b'[unknown]' (6236fee84b8b)
		b'[unknown]' (6236fa625105)
		b'[unknown]' (6236fa6257e5)
		b'[unknown]' (6236fa625ca5)
		b'[unknown]' (6236fa6273ec)
		b'[unknown]' (6236fa62808a)
		b'[unknown]' (6236fa62c176)
		b'[unknown]' (6236fa3321c9)
		b'[unknown]' (6236fa33dd18)
		b'[unknown]' (6236fa33e46b)
		b'[unknown]' (6236fa33dd70)
		b'[unknown]' (6236fed9754e)
		b'[unknown]' (6236f7ee69ac)
		b'[unknown]' (6236f7ee9125)
		b'[unknown]' (6236f7eec3a0)
		b'[unknown]' (6236f7eed325)
		b'[unknown]' (6236f7eec7be)
		b'[unknown]' (6236f7eec86f)
		b'[unknown]' (6236f7ee8ad5)
		b'[unknown]' (6236f7ee8bc3)
		b'[unknown]' (6236f7ef1105)
		b'[unknown]' (6236f7ee7eb9)
		b'[unknown]' (6236f7ee7f5b)
		b'[unknown]' (6236f7ef3e5e)
		b'[unknown]' (6236f7ef49e5)
		b'[unknown]' (6236f7ef5066)
		b'[unknown]' (6236f7ef5df5)
		b'[unknown]' (6236f7ed7f38)
		b'[unknown]' (6236fea64b8d)
		b'[unknown]' (6236fea65171)
		b'[unknown]' (6236fea651e4)
		b'[unknown]' (6236fea65273)
		b'[unknown]' (6236fea652d7)
		b'[unknown]' (6236fea6581e)
		b'[unknown]' (6236fea65a0e)
		b'[unknown]' (6236fea65aad)
		b'[unknown]' (6236fea65b3b)
		b'[unknown]' (6236fea666ca)
		b'[unknown]' (6236fea6678b)
		b'[unknown]' (6236fea6797d)
		b'[unknown]' (6236f7d88dd2)
		b'[unknown]' (6236fea6b3d9)
		b'[unknown]' (6236fea6c3d5)
		b'[unknown]' (6236fea6b380)
		b'[unknown]' (6236fea6c529)
		b'[unknown]' (6236f7d88dd2)
		b'[unknown]' (6236fee6a91a)
		b'[unknown]' (6236fee67893)
		b'[unknown]' (6236fee6899a)
		b'[unknown]' (6236f8525afc)
		b'[unknown]' (6236fee6d592)
		b'[unknown]' (6236fee6e112)
		b'[unknown]' (6236f8525afc)
		b'[unknown]' (6236fee6d4db)
		b'[unknown]' (7c043a894ac3)

	Not found in mutex_ids. mutex (b'[unknown]') 504dffac6428 ::: wait time 2.87us ::: hold time 8.84us ::: enter count 1
		b'[unknown]' (6236f9d72d71)
		b'[unknown]' (6236f9d73b35)
		b'[unknown]' (6236f9dbfb5f)
		b'[unknown]' (6236f9d66871)
		b'[unknown]' (6236f9e8a6ec)
		b'[unknown]' (6236f9e431e4)
		b'[unknown]' (6236f9e48204)
		b'[unknown]' (6236f9e48853)
		b'[unknown]' (6236f9e44556)
		b'[unknown]' (6236f9e4660e)
		b'[unknown]' (6236f9e48348)
		b'[unknown]' (6236f9e48853)
		b'[unknown]' (6236f9e61631)
		b'[unknown]' (6236f9e61f53)
		b'[unknown]' (6236f9c66490)
		b'[unknown]' (6236f9c94e55)
		b'[unknown]' (6236fce6a92b)
		b'[unknown]' (6236fab86073)
		b'[unknown]' (6236fbf8113e)
		b'[unknown]' (6236fabed75d)
		b'[unknown]' (6236fabcfebc)
		b'[unknown]' (6236fabd1315)
		b'[unknown]' (6236fa62547f)
		b'[unknown]' (6236fa6257e5)
		b'[unknown]' (6236fa625ca5)
		b'[unknown]' (6236fa6273ec)
		b'[unknown]' (6236fa62808a)
		b'[unknown]' (6236fa62c176)
		b'[unknown]' (6236fa3321c9)
		b'[unknown]' (6236fa33dd18)
		b'[unknown]' (6236fa33e46b)
		b'[unknown]' (6236fa33dd70)
		b'[unknown]' (6236fed9754e)
		b'[unknown]' (6236f7ee69ac)
		b'[unknown]' (6236f7ee9125)
		b'[unknown]' (6236f7eec3a0)
		b'[unknown]' (6236f7eed325)
		b'[unknown]' (6236f7eec7be)
		b'[unknown]' (6236f7eec86f)
		b'[unknown]' (6236f7ee8ad5)
		b'[unknown]' (6236f7ee8bc3)
		b'[unknown]' (6236f7ef1105)
		b'[unknown]' (6236f7ee7eb9)
		b'[unknown]' (6236f7ee7f5b)
		b'[unknown]' (6236f7ef3e5e)
		b'[unknown]' (6236f7ef49e5)
		b'[unknown]' (6236f7ef5066)
		b'[unknown]' (6236f7ef5df5)
		b'[unknown]' (6236f7ed7f38)
		b'[unknown]' (6236fea64b8d)
		b'[unknown]' (6236fea65171)
		b'[unknown]' (6236fea651e4)
		b'[unknown]' (6236fea65273)
		b'[unknown]' (6236fea652d7)
		b'[unknown]' (6236fea6581e)
		b'[unknown]' (6236fea65a0e)
		b'[unknown]' (6236fea65aad)
		b'[unknown]' (6236fea65b3b)
		b'[unknown]' (6236fea666ca)
		b'[unknown]' (6236fea6678b)
		b'[unknown]' (6236fea6797d)
		b'[unknown]' (6236f7d88dd2)
		b'[unknown]' (6236fea6b3d9)
		b'[unknown]' (6236fea6c3d5)
		b'[unknown]' (6236fea6b380)
		b'[unknown]' (6236fea6c529)
		b'[unknown]' (6236f7d88dd2)
		b'[unknown]' (6236fee6a91a)
		b'[unknown]' (6236fee67893)
		b'[unknown]' (6236fee6899a)
		b'[unknown]' (6236f8525afc)
		b'[unknown]' (6236fee6d592)
		b'[unknown]' (6236fee6e112)
		b'[unknown]' (6236f8525afc)
		b'[unknown]' (6236fee6d4db)
		b'[unknown]' (7c043a894ac3)

	Not found in mutex_ids. mutex (b'[unknown]') 504dffc39280 ::: wait time 2.87us ::: hold time 10.78us ::: enter count 1
		b'[unknown]' (6236f7d776a7)
		b'[unknown]' (6236f7d77cac)
		b'[unknown]' (6236f7d9daa5)
		b'[unknown]' (6236f7d87c9d)
		b'[unknown]' (6236f8efa707)
		b'[unknown]' (6236f8ef8ec9)
		b'[unknown]' (6236fc0b1710)
		b'[unknown]' (6236fc0b114c)
		b'[unknown]' (6236fc0af2b9)
		b'[unknown]' (6236fc0af049)
		b'[unknown]' (6236fbf92a10)
		b'[unknown]' (6236fbf92a3b)
		b'[unknown]' (6236fbf929ca)
		b'[unknown]' (6236fbf9288d)
		b'[unknown]' (6236f7d9cab7)
		b'[unknown]' (6236f7d862a3)
		b'[unknown]' (6236f89831bc)
		b'[unknown]' (6236fbf8daaa)
		b'[unknown]' (6236fbf8c9cc)
		b'[unknown]' (6236fbf8ad1b)
		b'[unknown]' (6236fbf8b03d)
		b'[unknown]' (6236fbf8082d)
		b'[unknown]' (6236fbf8130d)
		b'[unknown]' (6236fabed75d)
		b'[unknown]' (6236fabcfebc)
		b'[unknown]' (6236fabd1315)
		b'[unknown]' (6236fa62547f)
		b'[unknown]' (6236fa6257e5)
		b'[unknown]' (6236fa625ca5)
		b'[unknown]' (6236fa6273ec)
		b'[unknown]' (6236fa62808a)
		b'[unknown]' (6236fa62c176)
		b'[unknown]' (6236fa3321c9)
		b'[unknown]' (6236fa33dd18)
		b'[unknown]' (6236fa33e46b)
		b'[unknown]' (6236fa33dd70)
		b'[unknown]' (6236fed9754e)
		b'[unknown]' (6236f7ee69ac)
		b'[unknown]' (6236f7ee9125)
		b'[unknown]' (6236f7eec3a0)
		b'[unknown]' (6236f7eed325)
		b'[unknown]' (6236f7eec7be)
		b'[unknown]' (6236f7eec86f)
		b'[unknown]' (6236f7ee8ad5)
		b'[unknown]' (6236f7ee8bc3)
		b'[unknown]' (6236f7ef1105)
		b'[unknown]' (6236f7ee7eb9)
		b'[unknown]' (6236f7ee7f5b)
		b'[unknown]' (6236f7ef3e5e)
		b'[unknown]' (6236f7ef49e5)
		b'[unknown]' (6236f7ef5066)
		b'[unknown]' (6236f7ef5df5)
		b'[unknown]' (6236f7ed7f38)
		b'[unknown]' (6236fea64b8d)
		b'[unknown]' (6236fea65171)
		b'[unknown]' (6236fea651e4)
		b'[unknown]' (6236fea65273)
		b'[unknown]' (6236fea652d7)
		b'[unknown]' (6236fea6581e)
		b'[unknown]' (6236fea65a0e)
		b'[unknown]' (6236fea65aad)
		b'[unknown]' (6236fea65b3b)
		b'[unknown]' (6236fea666ca)
		b'[unknown]' (6236fea6678b)
		b'[unknown]' (6236fea6797d)
		b'[unknown]' (6236f7d88dd2)
		b'[unknown]' (6236fea6b3d9)
		b'[unknown]' (6236fea6c3d5)
		b'[unknown]' (6236fea6b380)
		b'[unknown]' (6236fea6c529)
		b'[unknown]' (6236f7d88dd2)
		b'[unknown]' (6236fee6a91a)
		b'[unknown]' (6236fee67893)
		b'[unknown]' (6236fee6899a)
		b'[unknown]' (6236f8525afc)
		b'[unknown]' (6236fee6d592)
		b'[unknown]' (6236fee6e112)
		b'[unknown]' (6236f8525afc)
		b'[unknown]' (6236fee6d4db)
		b'[unknown]' (7c043a894ac3)

	Not found in mutex_ids. mutex (b'[unknown]') 504df9790428 ::: wait time 2.87us ::: hold time 8.66us ::: enter count 1
		b'[unknown]' (6236f7d776a7)
		b'[unknown]' (6236f7d77cac)
		b'[unknown]' (6236f7d80eca)
		b'[unknown]' (6236feea0bc6)
		b'[unknown]' (6236fee9948d)
		b'[unknown]' (6236fee83aed)
		b'[unknown]' (6236fee860ca)
		b'[unknown]' (6236fee85c86)
		b'[unknown]' (6236fee85a16)
		b'[unknown]' (6236fee84742)
		b'[unknown]' (6236fcd47522)
		b'[unknown]' (6236fcd4743e)
		b'[unknown]' (6236fcd47924)
		b'[unknown]' (6236fa6250ce)
		b'[unknown]' (6236fa6257e5)
		b'[unknown]' (6236fa625ca5)
		b'[unknown]' (6236fa6273ec)
		b'[unknown]' (6236fa62808a)
		b'[unknown]' (6236fa62c176)
		b'[unknown]' (6236fa3321c9)
		b'[unknown]' (6236fa33dd18)
		b'[unknown]' (6236fa33e46b)
		b'[unknown]' (6236fa33dd70)
		b'[unknown]' (6236fed9754e)
		b'[unknown]' (6236f7ee69ac)
		b'[unknown]' (6236f7ee9125)
		b'[unknown]' (6236f7eec3a0)
		b'[unknown]' (6236f7eed325)
		b'[unknown]' (6236f7eec7be)
		b'[unknown]' (6236f7eec86f)
		b'[unknown]' (6236f7ee8ad5)
		b'[unknown]' (6236f7ee8bc3)
		b'[unknown]' (6236f7ef1105)
		b'[unknown]' (6236f7ee7eb9)
		b'[unknown]' (6236f7ee7f5b)
		b'[unknown]' (6236f7ef3e5e)
		b'[unknown]' (6236f7ef49e5)
		b'[unknown]' (6236f7ef5066)
		b'[unknown]' (6236f7ef5df5)
		b'[unknown]' (6236f7ed7f38)
		b'[unknown]' (6236fea64b8d)
		b'[unknown]' (6236fea65171)
		b'[unknown]' (6236fea651e4)
		b'[unknown]' (6236fea65273)
		b'[unknown]' (6236fea652d7)
		b'[unknown]' (6236fea6581e)
		b'[unknown]' (6236fea65a0e)
		b'[unknown]' (6236fea65aad)
		b'[unknown]' (6236fea65b3b)
		b'[unknown]' (6236fea666ca)
		b'[unknown]' (6236fea6678b)
		b'[unknown]' (6236fea6797d)
		b'[unknown]' (6236f7d88dd2)
		b'[unknown]' (6236fea6b3d9)
		b'[unknown]' (6236fea6c3d5)
		b'[unknown]' (6236fea6b380)
		b'[unknown]' (6236fea6c529)
		b'[unknown]' (6236f7d88dd2)
		b'[unknown]' (6236fee6a91a)
		b'[unknown]' (6236fee67893)
		b'[unknown]' (6236fee6899a)
		b'[unknown]' (6236f8525afc)
		b'[unknown]' (6236fee6d592)
		b'[unknown]' (6236fee6e112)
		b'[unknown]' (6236f8525afc)
		b'[unknown]' (6236fee6d4db)
		b'[unknown]' (7c043a894ac3)

	Not found in mutex_ids. mutex (b'[unknown]') 504dffc39400 ::: wait time 2.87us ::: hold time 8.77us ::: enter count 1
		b'[unknown]' (6236f7d776a7)
		b'[unknown]' (6236f7d77cac)
		b'[unknown]' (6236f7d9daa5)
		b'[unknown]' (6236f7d87c9d)
		b'[unknown]' (6236f8efa707)
		b'[unknown]' (6236f8ef8ec9)
		b'[unknown]' (6236fc0b1710)
		b'[unknown]' (6236fc0b114c)
		b'[unknown]' (6236fc0af2b9)
		b'[unknown]' (6236fc0af049)
		b'[unknown]' (6236fbf92a10)
		b'[unknown]' (6236fbf92a3b)
		b'[unknown]' (6236fbf929ca)
		b'[unknown]' (6236fbf9288d)
		b'[unknown]' (6236f7d9cab7)
		b'[unknown]' (6236f7d862a3)
		b'[unknown]' (6236f89831bc)
		b'[unknown]' (6236fbf8daaa)
		b'[unknown]' (6236fbf8c9cc)
		b'[unknown]' (6236fbf8ad1b)
		b'[unknown]' (6236fbf8b03d)
		b'[unknown]' (6236fbf8082d)
		b'[unknown]' (6236fbf8130d)
		b'[unknown]' (6236fabed75d)
		b'[unknown]' (6236fabcfebc)
		b'[unknown]' (6236fabd1315)
		b'[unknown]' (6236fa62547f)
		b'[unknown]' (6236fa6257e5)
		b'[unknown]' (6236fa625ca5)
		b'[unknown]' (6236fa6273ec)
		b'[unknown]' (6236fa62808a)
		b'[unknown]' (6236fa62c176)
		b'[unknown]' (6236fa3321c9)
		b'[unknown]' (6236fa33dd18)
		b'[unknown]' (6236fa33e46b)
		b'[unknown]' (6236fa33dd70)
		b'[unknown]' (6236fed9754e)
		b'[unknown]' (6236f7ee69ac)
		b'[unknown]' (6236f7ee9125)
		b'[unknown]' (6236f7eec3a0)
		b'[unknown]' (6236f7eed325)
		b'[unknown]' (6236f7eec7be)
		b'[unknown]' (6236f7eec86f)
		b'[unknown]' (6236f7ee8ad5)
		b'[unknown]' (6236f7ee8bc3)
		b'[unknown]' (6236f7ef1105)
		b'[unknown]' (6236f7ee7eb9)
		b'[unknown]' (6236f7ee7f5b)
		b'[unknown]' (6236f7ef3e5e)
		b'[unknown]' (6236f7ef49e5)
		b'[unknown]' (6236f7ef5066)
		b'[unknown]' (6236f7ef5df5)
		b'[unknown]' (6236f7ed7f38)
		b'[unknown]' (6236fea64b8d)
		b'[unknown]' (6236fea65171)
		b'[unknown]' (6236fea651e4)
		b'[unknown]' (6236fea65273)
		b'[unknown]' (6236fea652d7)
		b'[unknown]' (6236fea6581e)
		b'[unknown]' (6236fea65a0e)
		b'[unknown]' (6236fea65aad)
		b'[unknown]' (6236fea65b3b)
		b'[unknown]' (6236fea666ca)
		b'[unknown]' (6236fea6678b)
		b'[unknown]' (6236fea6797d)
		b'[unknown]' (6236f7d88dd2)
		b'[unknown]' (6236fea6b3d9)
		b'[unknown]' (6236fea6c3d5)
		b'[unknown]' (6236fea6b380)
		b'[unknown]' (6236fea6c529)
		b'[unknown]' (6236f7d88dd2)
		b'[unknown]' (6236fee6a91a)
		b'[unknown]' (6236fee67893)
		b'[unknown]' (6236fee6899a)
		b'[unknown]' (6236f8525afc)
		b'[unknown]' (6236fee6d592)
		b'[unknown]' (6236fee6e112)
		b'[unknown]' (6236f8525afc)
		b'[unknown]' (6236fee6d4db)
		b'[unknown]' (7c043a894ac3)

	Not found in mutex_ids. mutex (b'[unknown]') 504dff61aba8 ::: wait time 2.86us ::: hold time 7.94us ::: enter count 1
		b'[unknown]' (6236f7d776a7)
		b'[unknown]' (6236f7d77cac)
		b'[unknown]' (6236f7d9daa5)
		b'[unknown]' (6236f7d87c9d)
		b'[unknown]' (6236f7d8817f)
		b'[unknown]' (6236ffa3c0ec)
		b'[unknown]' (6236ffa3aa7e)
		b'[unknown]' (6236f95676d9)
		b'[unknown]' (6236f9566a17)
		b'[unknown]' (6236f9567af9)
		b'[unknown]' (6236f95679ea)
		b'[unknown]' (6236f9567743)
		b'[unknown]' (6236f956777d)
		b'[unknown]' (6236f95677ee)
		b'[unknown]' (6236f9568168)
		b'[unknown]' (6236f956812b)
		b'[unknown]' (6236f95680d8)
		b'[unknown]' (6236f95680ac)
		b'[unknown]' (6236f9568090)
		b'[unknown]' (7c043ace62b3)

	Not found in mutex_ids. mutex (b'[unknown]') 504dffac51a0 ::: wait time 2.86us ::: hold time 9.23us ::: enter count 1
		b'[unknown]' (6236f9e1401d)
		b'[unknown]' (6236f9e15709)
		b'[unknown]' (6236f9e16155)
		b'[unknown]' (6236f9ef8a8d)
		b'[unknown]' (6236fa0e8ef4)
		b'[unknown]' (6236f9f58a4d)
		b'[unknown]' (6236f9d669ed)
		b'[unknown]' (6236f9e8a6ec)
		b'[unknown]' (6236f9e431e4)
		b'[unknown]' (6236f9e48204)
		b'[unknown]' (6236f9e48853)
		b'[unknown]' (6236f9e44556)
		b'[unknown]' (6236f9e4660e)
		b'[unknown]' (6236f9e48348)
		b'[unknown]' (6236f9e48853)
		b'[unknown]' (6236f9e61631)
		b'[unknown]' (6236f9e61f53)
		b'[unknown]' (6236f9c930bc)
		b'[unknown]' (6236fce6a31e)
		b'[unknown]' (6236fabcedde)
		b'[unknown]' (6236fabcfc72)
		b'[unknown]' (6236fabd1315)
		b'[unknown]' (6236fa62547f)
		b'[unknown]' (6236fa6257e5)
		b'[unknown]' (6236fa625ca5)
		b'[unknown]' (6236fa6273ec)
		b'[unknown]' (6236fa62808a)
		b'[unknown]' (6236fa62c176)
		b'[unknown]' (6236fa3321c9)
		b'[unknown]' (6236fa33dd18)
		b'[unknown]' (6236fa33e46b)
		b'[unknown]' (6236fa33dd70)
		b'[unknown]' (6236fed9754e)
		b'[unknown]' (6236f7ee69ac)
		b'[unknown]' (6236f7ee9125)
		b'[unknown]' (6236f7eec3a0)
		b'[unknown]' (6236f7eed325)
		b'[unknown]' (6236f7eec7be)
		b'[unknown]' (6236f7eec86f)
		b'[unknown]' (6236f7ee8ad5)
		b'[unknown]' (6236f7ee8bc3)
		b'[unknown]' (6236f7ef1105)
		b'[unknown]' (6236f7ee7eb9)
		b'[unknown]' (6236f7ee7f5b)
		b'[unknown]' (6236f7ef3e5e)
		b'[unknown]' (6236f7ef49e5)
		b'[unknown]' (6236f7ef5066)
		b'[unknown]' (6236f7ef5df5)
		b'[unknown]' (6236f7ed7f38)
		b'[unknown]' (6236fea64b8d)
		b'[unknown]' (6236fea65171)
		b'[unknown]' (6236fea651e4)
		b'[unknown]' (6236fea65273)
		b'[unknown]' (6236fea652d7)
		b'[unknown]' (6236fea6581e)
		b'[unknown]' (6236fea65a0e)
		b'[unknown]' (6236fea65aad)
		b'[unknown]' (6236fea65b3b)
		b'[unknown]' (6236fea666ca)
		b'[unknown]' (6236fea6678b)
		b'[unknown]' (6236fea6797d)
		b'[unknown]' (6236f7d88dd2)
		b'[unknown]' (6236fea6b3d9)
		b'[unknown]' (6236fea6c3d5)
		b'[unknown]' (6236fea6b380)
		b'[unknown]' (6236fea6c529)
		b'[unknown]' (6236f7d88dd2)
		b'[unknown]' (6236fee6a91a)
		b'[unknown]' (6236fee67893)
		b'[unknown]' (6236fee6899a)
		b'[unknown]' (6236f8525afc)
		b'[unknown]' (6236fee6d592)
		b'[unknown]' (6236fee6e112)
		b'[unknown]' (6236f8525afc)
		b'[unknown]' (6236fee6d4db)
		b'[unknown]' (7c043a894ac3)

	Not found in mutex_ids. mutex (b'[unknown]') 504dffaad2b0 ::: wait time 2.86us ::: hold time 8.27us ::: enter count 1
		b'[unknown]' (6236f7d776a7)
		b'[unknown]' (6236f7d77cac)
		b'[unknown]' (6236f7d87796)
		b'[unknown]' (6236f9d12311)
		b'[unknown]' (6236f9d12573)
		b'[unknown]' (6236f9c58dd4)
		b'[unknown]' (6236f9d29d43)
		b'[unknown]' (6236f9cd021b)
		b'[unknown]' (6236f9ca6397)
		b'[unknown]' (6236f9c9477a)
		b'[unknown]' (6236fce6a495)
		b'[unknown]' (6236fabcedde)
		b'[unknown]' (6236fabcfc72)
		b'[unknown]' (6236fabd1315)
		b'[unknown]' (6236fa62547f)
		b'[unknown]' (6236fa6257e5)
		b'[unknown]' (6236fa625ca5)
		b'[unknown]' (6236fa6273ec)
		b'[unknown]' (6236fa62808a)
		b'[unknown]' (6236fa62c176)
		b'[unknown]' (6236fa3321c9)
		b'[unknown]' (6236fa33dd18)
		b'[unknown]' (6236fa33e46b)
		b'[unknown]' (6236fa33dd70)
		b'[unknown]' (6236fed9754e)
		b'[unknown]' (6236f7ee69ac)
		b'[unknown]' (6236f7ee9125)
		b'[unknown]' (6236f7eec3a0)
		b'[unknown]' (6236f7eed325)
		b'[unknown]' (6236f7eec7be)
		b'[unknown]' (6236f7eec86f)
		b'[unknown]' (6236f7ee8ad5)
		b'[unknown]' (6236f7ee8bc3)
		b'[unknown]' (6236f7ef1105)
		b'[unknown]' (6236f7ee7eb9)
		b'[unknown]' (6236f7ee7f5b)
		b'[unknown]' (6236f7ef3e5e)
		b'[unknown]' (6236f7ef49e5)
		b'[unknown]' (6236f7ef5066)
		b'[unknown]' (6236f7ef5df5)
		b'[unknown]' (6236f7ed7f38)
		b'[unknown]' (6236fea64b8d)
		b'[unknown]' (6236fea65171)
		b'[unknown]' (6236fea651e4)
		b'[unknown]' (6236fea65273)
		b'[unknown]' (6236fea652d7)
		b'[unknown]' (6236fea6581e)
		b'[unknown]' (6236fea65a0e)
		b'[unknown]' (6236fea65aad)
		b'[unknown]' (6236fea65b3b)
		b'[unknown]' (6236fea666ca)
		b'[unknown]' (6236fea6678b)
		b'[unknown]' (6236fea6797d)
		b'[unknown]' (6236f7d88dd2)
		b'[unknown]' (6236fea6b3d9)
		b'[unknown]' (6236fea6c3d5)
		b'[unknown]' (6236fea6b380)
		b'[unknown]' (6236fea6c529)
		b'[unknown]' (6236f7d88dd2)
		b'[unknown]' (6236fee6a91a)
		b'[unknown]' (6236fee67893)
		b'[unknown]' (6236fee6899a)
		b'[unknown]' (6236f8525afc)
		b'[unknown]' (6236fee6d592)
		b'[unknown]' (6236fee6e112)
		b'[unknown]' (6236f8525afc)
		b'[unknown]' (6236fee6d4db)
		b'[unknown]' (7c043a894ac3)

	Not found in mutex_ids. mutex (b'[unknown]') 62370727d800 ::: wait time 2.86us ::: hold time 21.61us ::: enter count 1
		b'[unknown]' (6236f7d776a7)
		b'[unknown]' (6236f7d77cac)
		b'[unknown]' (6236f7d87796)
		b'[unknown]' (6236feea7c19)
		b'[unknown]' (6236feea79bc)
		b'[unknown]' (6236fcda4fa5)
		b'[unknown]' (6236fcdaea50)
		b'[unknown]' (6236fcddaf99)
		b'[unknown]' (6236fcdca24a)
		b'[unknown]' (6236fcdbe8b0)
		b'[unknown]' (6236fcdb4523)
		b'[unknown]' (6236fcdaeeaf)
		b'[unknown]' (6236fcddb431)
		b'[unknown]' (6236fcdcaa99)
		b'[unknown]' (6236fcdbeea7)
		b'[unknown]' (6236fcdb4523)
		b'[unknown]' (6236fcd99627)
		b'[unknown]' (6236fcd99c1e)
		b'[unknown]' (6236fcdb0d06)
		b'[unknown]' (6236ffa43977)
		b'[unknown]' (6236ffa43250)
		b'[unknown]' (6236f9d0042d)
		b'[unknown]' (6236f9d00c28)
		b'[unknown]' (6236ffa43352)
		b'[unknown]' (6236ffa3d62a)
		b'[unknown]' (6236fa6254dd)
		b'[unknown]' (6236fa6257e5)
		b'[unknown]' (6236fa625ca5)
		b'[unknown]' (6236fa6273ec)
		b'[unknown]' (6236fa62808a)
		b'[unknown]' (6236fa62c176)
		b'[unknown]' (6236fa3321c9)
		b'[unknown]' (6236fa33dd18)
		b'[unknown]' (6236fa33e46b)
		b'[unknown]' (6236fa33dd70)
		b'[unknown]' (6236fed9754e)
		b'[unknown]' (6236f7ee69ac)
		b'[unknown]' (6236f7ee9125)
		b'[unknown]' (6236f7eec3a0)
		b'[unknown]' (6236f7eed325)
		b'[unknown]' (6236f7eec7be)
		b'[unknown]' (6236f7eec86f)
		b'[unknown]' (6236f7ee8ad5)
		b'[unknown]' (6236f7ee8bc3)
		b'[unknown]' (6236f7ef1105)
		b'[unknown]' (6236f7ee7eb9)
		b'[unknown]' (6236f7ee7f5b)
		b'[unknown]' (6236f7ef3e5e)
		b'[unknown]' (6236f7ef49e5)
		b'[unknown]' (6236f7ef5066)
		b'[unknown]' (6236f7ef5df5)
		b'[unknown]' (6236f7ed7f38)
		b'[unknown]' (6236fea64b8d)
		b'[unknown]' (6236fea65171)
		b'[unknown]' (6236fea651e4)
		b'[unknown]' (6236fea65273)
		b'[unknown]' (6236fea652d7)
		b'[unknown]' (6236fea6581e)
		b'[unknown]' (6236fea65a0e)
		b'[unknown]' (6236fea65aad)
		b'[unknown]' (6236fea65b3b)
		b'[unknown]' (6236fea666ca)
		b'[unknown]' (6236fea6678b)
		b'[unknown]' (6236fea6797d)
		b'[unknown]' (6236f7d88dd2)
		b'[unknown]' (6236fea6b3d9)
		b'[unknown]' (6236fea6c3d5)
		b'[unknown]' (6236fea6b380)
		b'[unknown]' (6236fea6c529)
		b'[unknown]' (6236f7d88dd2)
		b'[unknown]' (6236fee6a91a)
		b'[unknown]' (6236fee67893)
		b'[unknown]' (6236fee6899a)
		b'[unknown]' (6236f8525afc)
		b'[unknown]' (6236fee6d592)
		b'[unknown]' (6236fee6e112)
		b'[unknown]' (6236f8525afc)
		b'[unknown]' (6236fee6d4db)
		b'[unknown]' (7c043a894ac3)

	Not found in mutex_ids. mutex (b'[unknown]') 504df9790428 ::: wait time 2.86us ::: hold time 9.36us ::: enter count 1
		b'[unknown]' (6236f7d776a7)
		b'[unknown]' (6236f7d77cac)
		b'[unknown]' (6236f7d80eca)
		b'[unknown]' (6236feea0bc6)
		b'[unknown]' (6236fee9948d)
		b'[unknown]' (6236f7efb57c)
		b'[unknown]' (6236fee99786)
		b'[unknown]' (6236fd13fb00)
		b'[unknown]' (6236fb827246)
		b'[unknown]' (6236fa625128)
		b'[unknown]' (6236fa6257e5)
		b'[unknown]' (6236fa625ca5)
		b'[unknown]' (6236fa6273ec)
		b'[unknown]' (6236fa62808a)
		b'[unknown]' (6236fa62c176)
		b'[unknown]' (6236fa3321c9)
		b'[unknown]' (6236fa33dd18)
		b'[unknown]' (6236fa33e46b)
		b'[unknown]' (6236fa33dd70)
		b'[unknown]' (6236fed9754e)
		b'[unknown]' (6236f7ee69ac)
		b'[unknown]' (6236f7ee9125)
		b'[unknown]' (6236f7eec3a0)
		b'[unknown]' (6236f7eed325)
		b'[unknown]' (6236f7eec7be)
		b'[unknown]' (6236f7eec86f)
		b'[unknown]' (6236f7ee8ad5)
		b'[unknown]' (6236f7ee8bc3)
		b'[unknown]' (6236f7ef1105)
		b'[unknown]' (6236f7ee7eb9)
		b'[unknown]' (6236f7ee7f5b)
		b'[unknown]' (6236f7ef3e5e)
		b'[unknown]' (6236f7ef49e5)
		b'[unknown]' (6236f7ef5066)
		b'[unknown]' (6236f7ef5df5)
		b'[unknown]' (6236f7ed7f38)
		b'[unknown]' (6236fea64b8d)
		b'[unknown]' (6236fea65171)
		b'[unknown]' (6236fea651e4)
		b'[unknown]' (6236fea65273)
		b'[unknown]' (6236fea652d7)
		b'[unknown]' (6236fea6581e)
		b'[unknown]' (6236fea65a0e)
		b'[unknown]' (6236fea65aad)
		b'[unknown]' (6236fea65b3b)
		b'[unknown]' (6236fea666ca)
		b'[unknown]' (6236fea6678b)
		b'[unknown]' (6236fea6797d)
		b'[unknown]' (6236f7d88dd2)
		b'[unknown]' (6236fea6b3d9)
		b'[unknown]' (6236fea6c3d5)
		b'[unknown]' (6236fea6b380)
		b'[unknown]' (6236fea6c529)
		b'[unknown]' (6236f7d88dd2)
		b'[unknown]' (6236fee6a91a)
		b'[unknown]' (6236fee67893)
		b'[unknown]' (6236fee6899a)
		b'[unknown]' (6236f8525afc)
		b'[unknown]' (6236fee6d592)
		b'[unknown]' (6236fee6e112)
		b'[unknown]' (6236f8525afc)
		b'[unknown]' (6236fee6d4db)
		b'[unknown]' (7c043a894ac3)

	Not found in mutex_ids. mutex (b'[unknown]') 504df9790428 ::: wait time 2.85us ::: hold time 7.94us ::: enter count 1
		b'[unknown]' (6236f7d776a7)
		b'[unknown]' (6236f7d77cac)
		b'[unknown]' (6236f7d80eca)
		b'[unknown]' (6236feea0bc6)
		b'[unknown]' (6236fee9948d)
		b'[unknown]' (6236fee9970e)
		b'[unknown]' (6236fd13fb00)
		b'[unknown]' (6236fb827246)
		b'[unknown]' (6236fa625128)
		b'[unknown]' (6236fa6257e5)
		b'[unknown]' (6236fa625ca5)
		b'[unknown]' (6236fa6273ec)
		b'[unknown]' (6236fa62808a)
		b'[unknown]' (6236fa62c176)
		b'[unknown]' (6236fa3321c9)
		b'[unknown]' (6236fa33dd18)
		b'[unknown]' (6236fa33e46b)
		b'[unknown]' (6236fa33dd70)
		b'[unknown]' (6236fed9754e)
		b'[unknown]' (6236f7ee69ac)
		b'[unknown]' (6236f7ee9125)
		b'[unknown]' (6236f7eec3a0)
		b'[unknown]' (6236f7eed325)
		b'[unknown]' (6236f7eec7be)
		b'[unknown]' (6236f7eec86f)
		b'[unknown]' (6236f7ee8ad5)
		b'[unknown]' (6236f7ee8bc3)
		b'[unknown]' (6236f7ef1105)
		b'[unknown]' (6236f7ee7eb9)
		b'[unknown]' (6236f7ee7f5b)
		b'[unknown]' (6236f7ef3e5e)
		b'[unknown]' (6236f7ef49e5)
		b'[unknown]' (6236f7ef5066)
		b'[unknown]' (6236f7ef5df5)
		b'[unknown]' (6236f7ed7f38)
		b'[unknown]' (6236fea64b8d)
		b'[unknown]' (6236fea65171)
		b'[unknown]' (6236fea651e4)
		b'[unknown]' (6236fea65273)
		b'[unknown]' (6236fea652d7)
		b'[unknown]' (6236fea6581e)
		b'[unknown]' (6236fea65a0e)
		b'[unknown]' (6236fea65aad)
		b'[unknown]' (6236fea65b3b)
		b'[unknown]' (6236fea666ca)
		b'[unknown]' (6236fea6678b)
		b'[unknown]' (6236fea6797d)
		b'[unknown]' (6236f7d88dd2)
		b'[unknown]' (6236fea6b3d9)
		b'[unknown]' (6236fea6c3d5)
		b'[unknown]' (6236fea6b380)
		b'[unknown]' (6236fea6c529)
		b'[unknown]' (6236f7d88dd2)
		b'[unknown]' (6236fee6a91a)
		b'[unknown]' (6236fee67893)
		b'[unknown]' (6236fee6899a)
		b'[unknown]' (6236f8525afc)
		b'[unknown]' (6236fee6d592)
		b'[unknown]' (6236fee6e112)
		b'[unknown]' (6236f8525afc)
		b'[unknown]' (6236fee6d4db)
		b'[unknown]' (7c043a894ac3)

	Not found in mutex_ids. mutex (b'[unknown]') 62370724b460 ::: wait time 2.84us ::: hold time 11.55us ::: enter count 1
		b'[unknown]' (6236f7d776a7)
		b'[unknown]' (6236f7d77cac)
		b'[unknown]' (6236f7d80eca)
		b'[unknown]' (6236feea0bc6)
		b'[unknown]' (6236fee9948d)
		b'[unknown]' (6236f7ed9668)
		b'[unknown]' (6236f9c66b72)
		b'[unknown]' (6236fd023e9c)
		b'[unknown]' (6236fd0238fc)
		b'[unknown]' (6236fd02c6cb)
		b'[unknown]' (6236fd02310f)
		b'[unknown]' (6236fabf499a)
		b'[unknown]' (6236fabf4c0a)
		b'[unknown]' (6236fabf59f7)
		b'[unknown]' (6236fce81b42)
		b'[unknown]' (6236fce83735)
		b'[unknown]' (6236fa6263f8)
		b'[unknown]' (6236fa627794)
		b'[unknown]' (6236fa627a6a)
		b'[unknown]' (6236fa628429)
		b'[unknown]' (6236fa62c176)
		b'[unknown]' (6236fa3321c9)
		b'[unknown]' (6236fa33dd18)
		b'[unknown]' (6236fa33e46b)
		b'[unknown]' (6236fa33dd70)
		b'[unknown]' (6236fed9754e)
		b'[unknown]' (6236f7ee69ac)
		b'[unknown]' (6236f7ee9125)
		b'[unknown]' (6236f7eec3a0)
		b'[unknown]' (6236f7eed325)
		b'[unknown]' (6236f7eec7be)
		b'[unknown]' (6236f7eec86f)
		b'[unknown]' (6236f7ee8ad5)
		b'[unknown]' (6236f7ee8bc3)
		b'[unknown]' (6236f7ef1105)
		b'[unknown]' (6236f7ee7eb9)
		b'[unknown]' (6236f7ee7f5b)
		b'[unknown]' (6236f7ef3e5e)
		b'[unknown]' (6236f7ef49e5)
		b'[unknown]' (6236f7ef5066)
		b'[unknown]' (6236f7ef5df5)
		b'[unknown]' (6236f7ed7f38)
		b'[unknown]' (6236fea64b8d)
		b'[unknown]' (6236fea65171)
		b'[unknown]' (6236fea651e4)
		b'[unknown]' (6236fea65273)
		b'[unknown]' (6236fea652d7)
		b'[unknown]' (6236fea6581e)
		b'[unknown]' (6236fea65a0e)
		b'[unknown]' (6236fea65aad)
		b'[unknown]' (6236fea65b3b)
		b'[unknown]' (6236fea666ca)
		b'[unknown]' (6236fea6678b)
		b'[unknown]' (6236fea6797d)
		b'[unknown]' (6236f7d88dd2)
		b'[unknown]' (6236fea6b3d9)
		b'[unknown]' (6236fea6c3d5)
		b'[unknown]' (6236fea6b380)
		b'[unknown]' (6236fea6c529)
		b'[unknown]' (6236f7d88dd2)
		b'[unknown]' (6236fee6a91a)
		b'[unknown]' (6236fee67893)
		b'[unknown]' (6236fee6899a)
		b'[unknown]' (6236f8525afc)
		b'[unknown]' (6236fee6d592)
		b'[unknown]' (6236fee6e112)
		b'[unknown]' (6236f8525afc)
		b'[unknown]' (6236fee6d4db)
		b'[unknown]' (7c043a894ac3)

	Not found in mutex_ids. mutex (b'[unknown]') 504dffc39140 ::: wait time 2.84us ::: hold time 8.32us ::: enter count 1
		b'[unknown]' (6236f7d776a7)
		b'[unknown]' (6236f7d77cac)
		b'[unknown]' (6236f7d9daa5)
		b'[unknown]' (6236f7d87c9d)
		b'[unknown]' (6236f8efa707)
		b'[unknown]' (6236f8ef8ec9)
		b'[unknown]' (6236fc0b1710)
		b'[unknown]' (6236fc0b114c)
		b'[unknown]' (6236fc0af2b9)
		b'[unknown]' (6236fc0af049)
		b'[unknown]' (6236fbf92a10)
		b'[unknown]' (6236fbf92a3b)
		b'[unknown]' (6236fbf929ca)
		b'[unknown]' (6236fbf9288d)
		b'[unknown]' (6236f7d9cab7)
		b'[unknown]' (6236f7d862a3)
		b'[unknown]' (6236f89831bc)
		b'[unknown]' (6236fbf8daaa)
		b'[unknown]' (6236fbf8c9cc)
		b'[unknown]' (6236fbf8ad1b)
		b'[unknown]' (6236fbf8b03d)
		b'[unknown]' (6236fbf8082d)
		b'[unknown]' (6236fbf8130d)
		b'[unknown]' (6236fabed75d)
		b'[unknown]' (6236fabcfebc)
		b'[unknown]' (6236fabd1315)
		b'[unknown]' (6236fa62547f)
		b'[unknown]' (6236fa6257e5)
		b'[unknown]' (6236fa625ca5)
		b'[unknown]' (6236fa6273ec)
		b'[unknown]' (6236fa62808a)
		b'[unknown]' (6236fa62c176)
		b'[unknown]' (6236fa3321c9)
		b'[unknown]' (6236fa33dd18)
		b'[unknown]' (6236fa33e46b)
		b'[unknown]' (6236fa33dd70)
		b'[unknown]' (6236fed9754e)
		b'[unknown]' (6236f7ee69ac)
		b'[unknown]' (6236f7ee9125)
		b'[unknown]' (6236f7eec3a0)
		b'[unknown]' (6236f7eed325)
		b'[unknown]' (6236f7eec7be)
		b'[unknown]' (6236f7eec86f)
		b'[unknown]' (6236f7ee8ad5)
		b'[unknown]' (6236f7ee8bc3)
		b'[unknown]' (6236f7ef1105)
		b'[unknown]' (6236f7ee7eb9)
		b'[unknown]' (6236f7ee7f5b)
		b'[unknown]' (6236f7ef3e5e)
		b'[unknown]' (6236f7ef49e5)
		b'[unknown]' (6236f7ef5066)
		b'[unknown]' (6236f7ef5df5)
		b'[unknown]' (6236f7ed7f38)
		b'[unknown]' (6236fea64b8d)
		b'[unknown]' (6236fea65171)
		b'[unknown]' (6236fea651e4)
		b'[unknown]' (6236fea65273)
		b'[unknown]' (6236fea652d7)
		b'[unknown]' (6236fea6581e)
		b'[unknown]' (6236fea65a0e)
		b'[unknown]' (6236fea65aad)
		b'[unknown]' (6236fea65b3b)
		b'[unknown]' (6236fea666ca)
		b'[unknown]' (6236fea6678b)
		b'[unknown]' (6236fea6797d)
		b'[unknown]' (6236f7d88dd2)
		b'[unknown]' (6236fea6b3d9)
		b'[unknown]' (6236fea6c3d5)
		b'[unknown]' (6236fea6b380)
		b'[unknown]' (6236fea6c529)
		b'[unknown]' (6236f7d88dd2)
		b'[unknown]' (6236fee6a91a)
		b'[unknown]' (6236fee67893)
		b'[unknown]' (6236fee6899a)
		b'[unknown]' (6236f8525afc)
		b'[unknown]' (6236fee6d592)
		b'[unknown]' (6236fee6e112)
		b'[unknown]' (6236f8525afc)
		b'[unknown]' (6236fee6d4db)
		b'[unknown]' (7c043a894ac3)

	Not found in mutex_ids. mutex (b'[unknown]') 504df9790428 ::: wait time 2.83us ::: hold time 8.24us ::: enter count 1
		b'[unknown]' (6236f7d776a7)
		b'[unknown]' (6236f7d77cac)
		b'[unknown]' (6236f7d80eca)
		b'[unknown]' (6236feea0bc6)
		b'[unknown]' (6236fee9948d)
		b'[unknown]' (6236feea0838)
		b'[unknown]' (6236fee9ba64)
		b'[unknown]' (6236fee9956f)
		b'[unknown]' (6236fabbb7da)
		b'[unknown]' (6236fcd474a9)
		b'[unknown]' (6236fcd47542)
		b'[unknown]' (6236fcd4743e)
		b'[unknown]' (6236fcd47924)
		b'[unknown]' (6236fa6250ce)
		b'[unknown]' (6236fa6257e5)
		b'[unknown]' (6236fa625ca5)
		b'[unknown]' (6236fa6273ec)
		b'[unknown]' (6236fa62808a)
		b'[unknown]' (6236fa62c176)
		b'[unknown]' (6236fa3321c9)
		b'[unknown]' (6236fa33dd18)
		b'[unknown]' (6236fa33e46b)
		b'[unknown]' (6236fa33dd70)
		b'[unknown]' (6236fed9754e)
		b'[unknown]' (6236f7ee69ac)
		b'[unknown]' (6236f7ee9125)
		b'[unknown]' (6236f7eec3a0)
		b'[unknown]' (6236f7eed325)
		b'[unknown]' (6236f7eec7be)
		b'[unknown]' (6236f7eec86f)
		b'[unknown]' (6236f7ee8ad5)
		b'[unknown]' (6236f7ee8bc3)
		b'[unknown]' (6236f7ef1105)
		b'[unknown]' (6236f7ee7eb9)
		b'[unknown]' (6236f7ee7f5b)
		b'[unknown]' (6236f7ef3e5e)
		b'[unknown]' (6236f7ef49e5)
		b'[unknown]' (6236f7ef5066)
		b'[unknown]' (6236f7ef5df5)
		b'[unknown]' (6236f7ed7f38)
		b'[unknown]' (6236fea64b8d)
		b'[unknown]' (6236fea65171)
		b'[unknown]' (6236fea651e4)
		b'[unknown]' (6236fea65273)
		b'[unknown]' (6236fea652d7)
		b'[unknown]' (6236fea6581e)
		b'[unknown]' (6236fea65a0e)
		b'[unknown]' (6236fea65aad)
		b'[unknown]' (6236fea65b3b)
		b'[unknown]' (6236fea666ca)
		b'[unknown]' (6236fea6678b)
		b'[unknown]' (6236fea6797d)
		b'[unknown]' (6236f7d88dd2)
		b'[unknown]' (6236fea6b3d9)
		b'[unknown]' (6236fea6c3d5)
		b'[unknown]' (6236fea6b380)
		b'[unknown]' (6236fea6c529)
		b'[unknown]' (6236f7d88dd2)
		b'[unknown]' (6236fee6a91a)
		b'[unknown]' (6236fee67893)
		b'[unknown]' (6236fee6899a)
		b'[unknown]' (6236f8525afc)
		b'[unknown]' (6236fee6d592)
		b'[unknown]' (6236fee6e112)
		b'[unknown]' (6236f8525afc)
		b'[unknown]' (6236fee6d4db)
		b'[unknown]' (7c043a894ac3)

	Not found in mutex_ids. mutex (b'[unknown]') 504df9790428 ::: wait time 2.83us ::: hold time 8.55us ::: enter count 1
		b'[unknown]' (751a2423d9bb)
		b'[unknown]' (188ae53)
		b'[unknown]' (189f8cb)
		b'[unknown]' (188bb77)
		b'[unknown]' (bbbb83)
		b'[unknown]' (cf4ee5)
		b'[unknown]' (cf58ad)
		b'[unknown]' (c5f397)
		b'[unknown]' (751a27629d90)

	Not found in mutex_ids. mutex (b'[unknown]') 504df9790428 ::: wait time 2.83us ::: hold time 8.82us ::: enter count 1
		b'[unknown]' (6236f7d776a7)
		b'[unknown]' (6236f7d77cac)
		b'[unknown]' (6236f7d80eca)
		b'[unknown]' (6236feea0bc6)
		b'[unknown]' (6236fee9b7d2)
		b'[unknown]' (6236fee97f34)
		b'[unknown]' (6236fee83f09)
		b'[unknown]' (6236f7e894d4)
		b'[unknown]' (6236f7e89385)
		b'[unknown]' (6236f7e892d8)
		b'[unknown]' (6236f7e89298)
		b'[unknown]' (6236fee84aa4)
		b'[unknown]' (6236f7d835a8)
		b'[unknown]' (6236fa625528)
		b'[unknown]' (6236fa6257e5)
		b'[unknown]' (6236fa625ca5)
		b'[unknown]' (6236fa6273ec)
		b'[unknown]' (6236fa62808a)
		b'[unknown]' (6236fa62c176)
		b'[unknown]' (6236fa3321c9)
		b'[unknown]' (6236fa33dd18)
		b'[unknown]' (6236fa33e46b)
		b'[unknown]' (6236fa33dd70)
		b'[unknown]' (6236fed9754e)
		b'[unknown]' (6236f7ee69ac)
		b'[unknown]' (6236f7ee9125)
		b'[unknown]' (6236f7eec3a0)
		b'[unknown]' (6236f7eed325)
		b'[unknown]' (6236f7eec7be)
		b'[unknown]' (6236f7eec86f)
		b'[unknown]' (6236f7ee8ad5)
		b'[unknown]' (6236f7ee8bc3)
		b'[unknown]' (6236f7ef1105)
		b'[unknown]' (6236f7ee7eb9)
		b'[unknown]' (6236f7ee7f5b)
		b'[unknown]' (6236f7ef3e5e)
		b'[unknown]' (6236f7ef49e5)
		b'[unknown]' (6236f7ef5066)
		b'[unknown]' (6236f7ef5df5)
		b'[unknown]' (6236f7ed7f38)
		b'[unknown]' (6236fea64b8d)
		b'[unknown]' (6236fea65171)
		b'[unknown]' (6236fea651e4)
		b'[unknown]' (6236fea65273)
		b'[unknown]' (6236fea652d7)
		b'[unknown]' (6236fea6581e)
		b'[unknown]' (6236fea65a0e)
		b'[unknown]' (6236fea65aad)
		b'[unknown]' (6236fea65b3b)
		b'[unknown]' (6236fea666ca)
		b'[unknown]' (6236fea6678b)
		b'[unknown]' (6236fea6797d)
		b'[unknown]' (6236f7d88dd2)
		b'[unknown]' (6236fea6b3d9)
		b'[unknown]' (6236fea6c3d5)
		b'[unknown]' (6236fea6b380)
		b'[unknown]' (6236fea6c529)
		b'[unknown]' (6236f7d88dd2)
		b'[unknown]' (6236fee6a91a)
		b'[unknown]' (6236fee67893)
		b'[unknown]' (6236fee6899a)
		b'[unknown]' (6236f8525afc)
		b'[unknown]' (6236fee6d592)
		b'[unknown]' (6236fee6e112)
		b'[unknown]' (6236f8525afc)
		b'[unknown]' (6236fee6d4db)
		b'[unknown]' (7c043a894ac3)

	Not found in mutex_ids. mutex (b'[unknown]') 504dffc3b070 ::: wait time 2.83us ::: hold time 9.00us ::: enter count 1
		b'[unknown]' (6236f9ad3c3a)
		b'[unknown]' (6236f9ad6190)
		b'[unknown]' (6236fee87859)
		b'[unknown]' (6236fee9a513)
		b'[unknown]' (6236fee977b7)
		b'[unknown]' (6236fee83d5f)
		b'[unknown]' (6236fee83aa6)
		b'[unknown]' (6236fee860ca)
		b'[unknown]' (6236fee85c86)
		b'[unknown]' (6236fee85a16)
		b'[unknown]' (6236fee84742)
		b'[unknown]' (6236fcd47522)
		b'[unknown]' (6236fcd4743e)
		b'[unknown]' (6236fcd47924)
		b'[unknown]' (6236fa6250ce)
		b'[unknown]' (6236fa6257e5)
		b'[unknown]' (6236fa625ca5)
		b'[unknown]' (6236fa6273ec)
		b'[unknown]' (6236fa62808a)
		b'[unknown]' (6236fa62c176)
		b'[unknown]' (6236fa3321c9)
		b'[unknown]' (6236fa33dd18)
		b'[unknown]' (6236fa33e46b)
		b'[unknown]' (6236fa33dd70)
		b'[unknown]' (6236fed9754e)
		b'[unknown]' (6236f7ee69ac)
		b'[unknown]' (6236f7ee9125)
		b'[unknown]' (6236f7eec3a0)
		b'[unknown]' (6236f7eed325)
		b'[unknown]' (6236f7eec7be)
		b'[unknown]' (6236f7eec86f)
		b'[unknown]' (6236f7ee8ad5)
		b'[unknown]' (6236f7ee8bc3)
		b'[unknown]' (6236f7ef1105)
		b'[unknown]' (6236f7ee7eb9)
		b'[unknown]' (6236f7ee7f5b)
		b'[unknown]' (6236f7ef3e5e)
		b'[unknown]' (6236f7ef49e5)
		b'[unknown]' (6236f7ef5066)
		b'[unknown]' (6236f7ef5df5)
		b'[unknown]' (6236f7ed7f38)
		b'[unknown]' (6236fea64b8d)
		b'[unknown]' (6236fea65171)
		b'[unknown]' (6236fea651e4)
		b'[unknown]' (6236fea65273)
		b'[unknown]' (6236fea652d7)
		b'[unknown]' (6236fea6581e)
		b'[unknown]' (6236fea65a0e)
		b'[unknown]' (6236fea65aad)
		b'[unknown]' (6236fea65b3b)
		b'[unknown]' (6236fea666ca)
		b'[unknown]' (6236fea6678b)
		b'[unknown]' (6236fea6797d)
		b'[unknown]' (6236f7d88dd2)
		b'[unknown]' (6236fea6b3d9)
		b'[unknown]' (6236fea6c3d5)
		b'[unknown]' (6236fea6b380)
		b'[unknown]' (6236fea6c529)
		b'[unknown]' (6236f7d88dd2)
		b'[unknown]' (6236fee6a91a)
		b'[unknown]' (6236fee67893)
		b'[unknown]' (6236fee6899a)
		b'[unknown]' (6236f8525afc)
		b'[unknown]' (6236fee6d592)
		b'[unknown]' (6236fee6e112)
		b'[unknown]' (6236f8525afc)
		b'[unknown]' (6236fee6d4db)
		b'[unknown]' (7c043a894ac3)

	Not found in mutex_ids. mutex (b'[unknown]') 504df9790428 ::: wait time 2.83us ::: hold time 7.80us ::: enter count 1
		b'[unknown]' (6236f7d776a7)
		b'[unknown]' (6236f7d77cac)
		b'[unknown]' (6236f7d80eca)
		b'[unknown]' (6236feea0bc6)
		b'[unknown]' (6236fee9948d)
		b'[unknown]' (6236feea0838)
		b'[unknown]' (6236fee9ba64)
		b'[unknown]' (6236fee9956f)
		b'[unknown]' (6236fce668cd)
		b'[unknown]' (6236fce6a1e2)
		b'[unknown]' (6236fabcedde)
		b'[unknown]' (6236fabcfc72)
		b'[unknown]' (6236fabd1315)
		b'[unknown]' (6236fa62547f)
		b'[unknown]' (6236fa6257e5)
		b'[unknown]' (6236fa625ca5)
		b'[unknown]' (6236fa6273ec)
		b'[unknown]' (6236fa62808a)
		b'[unknown]' (6236fa62c176)
		b'[unknown]' (6236fa3321c9)
		b'[unknown]' (6236fa33dd18)
		b'[unknown]' (6236fa33e46b)
		b'[unknown]' (6236fa33dd70)
		b'[unknown]' (6236fed9754e)
		b'[unknown]' (6236f7ee69ac)
		b'[unknown]' (6236f7ee9125)
		b'[unknown]' (6236f7eec3a0)
		b'[unknown]' (6236f7eed325)
		b'[unknown]' (6236f7eec7be)
		b'[unknown]' (6236f7eec86f)
		b'[unknown]' (6236f7ee8ad5)
		b'[unknown]' (6236f7ee8bc3)
		b'[unknown]' (6236f7ef1105)
		b'[unknown]' (6236f7ee7eb9)
		b'[unknown]' (6236f7ee7f5b)
		b'[unknown]' (6236f7ef3e5e)
		b'[unknown]' (6236f7ef49e5)
		b'[unknown]' (6236f7ef5066)
		b'[unknown]' (6236f7ef5df5)
		b'[unknown]' (6236f7ed7f38)
		b'[unknown]' (6236fea64b8d)
		b'[unknown]' (6236fea65171)
		b'[unknown]' (6236fea651e4)
		b'[unknown]' (6236fea65273)
		b'[unknown]' (6236fea652d7)
		b'[unknown]' (6236fea6581e)
		b'[unknown]' (6236fea65a0e)
		b'[unknown]' (6236fea65aad)
		b'[unknown]' (6236fea65b3b)
		b'[unknown]' (6236fea666ca)
		b'[unknown]' (6236fea6678b)
		b'[unknown]' (6236fea6797d)
		b'[unknown]' (6236f7d88dd2)
		b'[unknown]' (6236fea6b3d9)
		b'[unknown]' (6236fea6c3d5)
		b'[unknown]' (6236fea6b380)
		b'[unknown]' (6236fea6c529)
		b'[unknown]' (6236f7d88dd2)
		b'[unknown]' (6236fee6a91a)
		b'[unknown]' (6236fee67893)
		b'[unknown]' (6236fee6899a)
		b'[unknown]' (6236f8525afc)
		b'[unknown]' (6236fee6d592)
		b'[unknown]' (6236fee6e112)
		b'[unknown]' (6236f8525afc)
		b'[unknown]' (6236fee6d4db)
		b'[unknown]' (7c043a894ac3)

	Not found in mutex_ids. mutex (b'[unknown]') 504dffc39180 ::: wait time 2.82us ::: hold time 8.70us ::: enter count 1
		b'[unknown]' (6236f7d776a7)
		b'[unknown]' (6236f7d77cac)
		b'[unknown]' (6236f7d9daa5)
		b'[unknown]' (6236f7d87c9d)
		b'[unknown]' (6236f8efa707)
		b'[unknown]' (6236f8ef8ec9)
		b'[unknown]' (6236fc0b1710)
		b'[unknown]' (6236fc0b114c)
		b'[unknown]' (6236fc0af2b9)
		b'[unknown]' (6236fc0af049)
		b'[unknown]' (6236fbf92a10)
		b'[unknown]' (6236fbf92a3b)
		b'[unknown]' (6236fbf929ca)
		b'[unknown]' (6236fbf9288d)
		b'[unknown]' (6236f7d9cab7)
		b'[unknown]' (6236f7d862a3)
		b'[unknown]' (6236f89831bc)
		b'[unknown]' (6236fbf8daaa)
		b'[unknown]' (6236fbf8c9cc)
		b'[unknown]' (6236fbf8ad1b)
		b'[unknown]' (6236fbf8b03d)
		b'[unknown]' (6236fbf8082d)
		b'[unknown]' (6236fbf8130d)
		b'[unknown]' (6236fabed75d)
		b'[unknown]' (6236fabcfebc)
		b'[unknown]' (6236fabd1315)
		b'[unknown]' (6236fa62547f)
		b'[unknown]' (6236fa6257e5)
		b'[unknown]' (6236fa625ca5)
		b'[unknown]' (6236fa6273ec)
		b'[unknown]' (6236fa62808a)
		b'[unknown]' (6236fa62c176)
		b'[unknown]' (6236fa3321c9)
		b'[unknown]' (6236fa33dd18)
		b'[unknown]' (6236fa33e46b)
		b'[unknown]' (6236fa33dd70)
		b'[unknown]' (6236fed9754e)
		b'[unknown]' (6236f7ee69ac)
		b'[unknown]' (6236f7ee9125)
		b'[unknown]' (6236f7eec3a0)
		b'[unknown]' (6236f7eed325)
		b'[unknown]' (6236f7eec7be)
		b'[unknown]' (6236f7eec86f)
		b'[unknown]' (6236f7ee8ad5)
		b'[unknown]' (6236f7ee8bc3)
		b'[unknown]' (6236f7ef1105)
		b'[unknown]' (6236f7ee7eb9)
		b'[unknown]' (6236f7ee7f5b)
		b'[unknown]' (6236f7ef3e5e)
		b'[unknown]' (6236f7ef49e5)
		b'[unknown]' (6236f7ef5066)
		b'[unknown]' (6236f7ef5df5)
		b'[unknown]' (6236f7ed7f38)
		b'[unknown]' (6236fea64b8d)
		b'[unknown]' (6236fea65171)
		b'[unknown]' (6236fea651e4)
		b'[unknown]' (6236fea65273)
		b'[unknown]' (6236fea652d7)
		b'[unknown]' (6236fea6581e)
		b'[unknown]' (6236fea65a0e)
		b'[unknown]' (6236fea65aad)
		b'[unknown]' (6236fea65b3b)
		b'[unknown]' (6236fea666ca)
		b'[unknown]' (6236fea6678b)
		b'[unknown]' (6236fea6797d)
		b'[unknown]' (6236f7d88dd2)
		b'[unknown]' (6236fea6b3d9)
		b'[unknown]' (6236fea6c3d5)
		b'[unknown]' (6236fea6b380)
		b'[unknown]' (6236fea6c529)
		b'[unknown]' (6236f7d88dd2)
		b'[unknown]' (6236fee6a91a)
		b'[unknown]' (6236fee67893)
		b'[unknown]' (6236fee6899a)
		b'[unknown]' (6236f8525afc)
		b'[unknown]' (6236fee6d592)
		b'[unknown]' (6236fee6e112)
		b'[unknown]' (6236f8525afc)
		b'[unknown]' (6236fee6d4db)
		b'[unknown]' (7c043a894ac3)

	Not found in mutex_ids. mutex (b'[unknown]') 504df9790428 ::: wait time 2.82us ::: hold time 8.17us ::: enter count 1
		b'[unknown]' (6236f7d776a7)
		b'[unknown]' (6236f7d77cac)
		b'[unknown]' (6236f7d80eca)
		b'[unknown]' (6236feea0bc6)
		b'[unknown]' (6236fee9948d)
		b'[unknown]' (6236f7efb57c)
		b'[unknown]' (6236fee99786)
		b'[unknown]' (6236fce6a11c)
		b'[unknown]' (6236fabcedde)
		b'[unknown]' (6236fabcfc72)
		b'[unknown]' (6236fabd1315)
		b'[unknown]' (6236fa62547f)
		b'[unknown]' (6236fa6257e5)
		b'[unknown]' (6236fa625ca5)
		b'[unknown]' (6236fa6273ec)
		b'[unknown]' (6236fa62808a)
		b'[unknown]' (6236fa62c176)
		b'[unknown]' (6236fa3321c9)
		b'[unknown]' (6236fa33dd18)
		b'[unknown]' (6236fa33e46b)
		b'[unknown]' (6236fa33dd70)
		b'[unknown]' (6236fed9754e)
		b'[unknown]' (6236f7ee69ac)
		b'[unknown]' (6236f7ee9125)
		b'[unknown]' (6236f7eec3a0)
		b'[unknown]' (6236f7eed325)
		b'[unknown]' (6236f7eec7be)
		b'[unknown]' (6236f7eec86f)
		b'[unknown]' (6236f7ee8ad5)
		b'[unknown]' (6236f7ee8bc3)
		b'[unknown]' (6236f7ef1105)
		b'[unknown]' (6236f7ee7eb9)
		b'[unknown]' (6236f7ee7f5b)
		b'[unknown]' (6236f7ef3e5e)
		b'[unknown]' (6236f7ef49e5)
		b'[unknown]' (6236f7ef5066)
		b'[unknown]' (6236f7ef5df5)
		b'[unknown]' (6236f7ed7f38)
		b'[unknown]' (6236fea64b8d)
		b'[unknown]' (6236fea65171)
		b'[unknown]' (6236fea651e4)
		b'[unknown]' (6236fea65273)
		b'[unknown]' (6236fea652d7)
		b'[unknown]' (6236fea6581e)
		b'[unknown]' (6236fea65a0e)
		b'[unknown]' (6236fea65aad)
		b'[unknown]' (6236fea65b3b)
		b'[unknown]' (6236fea666ca)
		b'[unknown]' (6236fea6678b)
		b'[unknown]' (6236fea6797d)
		b'[unknown]' (6236f7d88dd2)
		b'[unknown]' (6236fea6b3d9)
		b'[unknown]' (6236fea6c3d5)
		b'[unknown]' (6236fea6b380)
		b'[unknown]' (6236fea6c529)
		b'[unknown]' (6236f7d88dd2)
		b'[unknown]' (6236fee6a91a)
		b'[unknown]' (6236fee67893)
		b'[unknown]' (6236fee6899a)
		b'[unknown]' (6236f8525afc)
		b'[unknown]' (6236fee6d592)
		b'[unknown]' (6236fee6e112)
		b'[unknown]' (6236f8525afc)
		b'[unknown]' (6236fee6d4db)
		b'[unknown]' (7c043a894ac3)

	Not found in mutex_ids. mutex (b'[unknown]') 504dff8a7818 ::: wait time 2.82us ::: hold time 13.84us ::: enter count 1
		b'[unknown]' (6236f7d776a7)
		b'[unknown]' (6236f7d77cac)
		b'[unknown]' (6236f7d87796)
		b'[unknown]' (6236f9d1a26e)
		b'[unknown]' (6236f9cd0340)
		b'[unknown]' (6236f9ca6397)
		b'[unknown]' (6236f9c9477a)
		b'[unknown]' (6236fce6a495)
		b'[unknown]' (6236fabcedde)
		b'[unknown]' (6236fabcfc72)
		b'[unknown]' (6236fabd1315)
		b'[unknown]' (6236fa62547f)
		b'[unknown]' (6236fa6257e5)
		b'[unknown]' (6236fa625ca5)
		b'[unknown]' (6236fa6273ec)
		b'[unknown]' (6236fa62808a)
		b'[unknown]' (6236fa62c176)
		b'[unknown]' (6236fa3321c9)
		b'[unknown]' (6236fa33dd18)
		b'[unknown]' (6236fa33e46b)
		b'[unknown]' (6236fa33dd70)
		b'[unknown]' (6236fed9754e)
		b'[unknown]' (6236f7ee69ac)
		b'[unknown]' (6236f7ee9125)
		b'[unknown]' (6236f7eec3a0)
		b'[unknown]' (6236f7eed325)
		b'[unknown]' (6236f7eec7be)
		b'[unknown]' (6236f7eec86f)
		b'[unknown]' (6236f7ee8ad5)
		b'[unknown]' (6236f7ee8bc3)
		b'[unknown]' (6236f7ef1105)
		b'[unknown]' (6236f7ee7eb9)
		b'[unknown]' (6236f7ee7f5b)
		b'[unknown]' (6236f7ef3e5e)
		b'[unknown]' (6236f7ef49e5)
		b'[unknown]' (6236f7ef5066)
		b'[unknown]' (6236f7ef5df5)
		b'[unknown]' (6236f7ed7f38)
		b'[unknown]' (6236fea64b8d)
		b'[unknown]' (6236fea65171)
		b'[unknown]' (6236fea651e4)
		b'[unknown]' (6236fea65273)
		b'[unknown]' (6236fea652d7)
		b'[unknown]' (6236fea6581e)
		b'[unknown]' (6236fea65a0e)
		b'[unknown]' (6236fea65aad)
		b'[unknown]' (6236fea65b3b)
		b'[unknown]' (6236fea666ca)
		b'[unknown]' (6236fea6678b)
		b'[unknown]' (6236fea6797d)
		b'[unknown]' (6236f7d88dd2)
		b'[unknown]' (6236fea6b3d9)
		b'[unknown]' (6236fea6c3d5)
		b'[unknown]' (6236fea6b380)
		b'[unknown]' (6236fea6c529)
		b'[unknown]' (6236f7d88dd2)
		b'[unknown]' (6236fee6a91a)
		b'[unknown]' (6236fee67893)
		b'[unknown]' (6236fee6899a)
		b'[unknown]' (6236f8525afc)
		b'[unknown]' (6236fee6d592)
		b'[unknown]' (6236fee6e112)
		b'[unknown]' (6236f8525afc)
		b'[unknown]' (6236fee6d4db)
		b'[unknown]' (7c043a894ac3)

	Not found in mutex_ids. mutex (b'[unknown]') 504dffac50b8 ::: wait time 2.82us ::: hold time 23.31us ::: enter count 1
		b'[unknown]' (6236f9e588c3)
		b'[unknown]' (6236f9e5b865)
		b'[unknown]' (6236f9e5b02d)
		b'[unknown]' (6236f9d0fa2a)
		b'[unknown]' (6236f9c93110)
		b'[unknown]' (6236fce6a31e)
		b'[unknown]' (6236fabcedde)
		b'[unknown]' (6236fabcfc72)
		b'[unknown]' (6236fabd1315)
		b'[unknown]' (6236fa62547f)
		b'[unknown]' (6236fa6257e5)
		b'[unknown]' (6236fa625ca5)
		b'[unknown]' (6236fa6273ec)
		b'[unknown]' (6236fa62808a)
		b'[unknown]' (6236fa62c176)
		b'[unknown]' (6236fa3321c9)
		b'[unknown]' (6236fa33dd18)
		b'[unknown]' (6236fa33e46b)
		b'[unknown]' (6236fa33dd70)
		b'[unknown]' (6236fed9754e)
		b'[unknown]' (6236f7ee69ac)
		b'[unknown]' (6236f7ee9125)
		b'[unknown]' (6236f7eec3a0)
		b'[unknown]' (6236f7eed325)
		b'[unknown]' (6236f7eec7be)
		b'[unknown]' (6236f7eec86f)
		b'[unknown]' (6236f7ee8ad5)
		b'[unknown]' (6236f7ee8bc3)
		b'[unknown]' (6236f7ef1105)
		b'[unknown]' (6236f7ee7eb9)
		b'[unknown]' (6236f7ee7f5b)
		b'[unknown]' (6236f7ef3e5e)
		b'[unknown]' (6236f7ef49e5)
		b'[unknown]' (6236f7ef5066)
		b'[unknown]' (6236f7ef5df5)
		b'[unknown]' (6236f7ed7f38)
		b'[unknown]' (6236fea64b8d)
		b'[unknown]' (6236fea65171)
		b'[unknown]' (6236fea651e4)
		b'[unknown]' (6236fea65273)
		b'[unknown]' (6236fea652d7)
		b'[unknown]' (6236fea6581e)
		b'[unknown]' (6236fea65a0e)
		b'[unknown]' (6236fea65aad)
		b'[unknown]' (6236fea65b3b)
		b'[unknown]' (6236fea666ca)
		b'[unknown]' (6236fea6678b)
		b'[unknown]' (6236fea6797d)
		b'[unknown]' (6236f7d88dd2)
		b'[unknown]' (6236fea6b3d9)
		b'[unknown]' (6236fea6c3d5)
		b'[unknown]' (6236fea6b380)
		b'[unknown]' (6236fea6c529)
		b'[unknown]' (6236f7d88dd2)
		b'[unknown]' (6236fee6a91a)
		b'[unknown]' (6236fee67893)
		b'[unknown]' (6236fee6899a)
		b'[unknown]' (6236f8525afc)
		b'[unknown]' (6236fee6d592)
		b'[unknown]' (6236fee6e112)
		b'[unknown]' (6236f8525afc)
		b'[unknown]' (6236fee6d4db)
		b'[unknown]' (7c043a894ac3)

	Not found in mutex_ids. mutex (b'[unknown]') 504df9790428 ::: wait time 2.82us ::: hold time 8.23us ::: enter count 1
		b'[unknown]' (6236f7d776a7)
		b'[unknown]' (6236f7d77cac)
		b'[unknown]' (6236f7d80eca)
		b'[unknown]' (6236feea0bc6)
		b'[unknown]' (6236fee9948d)
		b'[unknown]' (6236f7efb57c)
		b'[unknown]' (6236fee995d1)
		b'[unknown]' (6236fabbb7da)
		b'[unknown]' (6236fcd474a9)
		b'[unknown]' (6236fcd47542)
		b'[unknown]' (6236fcd4743e)
		b'[unknown]' (6236fcd47924)
		b'[unknown]' (6236fa6250ce)
		b'[unknown]' (6236fa6257e5)
		b'[unknown]' (6236fa625ca5)
		b'[unknown]' (6236fa6273ec)
		b'[unknown]' (6236fa62808a)
		b'[unknown]' (6236fa62c176)
		b'[unknown]' (6236fa3321c9)
		b'[unknown]' (6236fa33dd18)
		b'[unknown]' (6236fa33e46b)
		b'[unknown]' (6236fa33dd70)
		b'[unknown]' (6236fed9754e)
		b'[unknown]' (6236f7ee69ac)
		b'[unknown]' (6236f7ee9125)
		b'[unknown]' (6236f7eec3a0)
		b'[unknown]' (6236f7eed325)
		b'[unknown]' (6236f7eec7be)
		b'[unknown]' (6236f7eec86f)
		b'[unknown]' (6236f7ee8ad5)
		b'[unknown]' (6236f7ee8bc3)
		b'[unknown]' (6236f7ef1105)
		b'[unknown]' (6236f7ee7eb9)
		b'[unknown]' (6236f7ee7f5b)
		b'[unknown]' (6236f7ef3e5e)
		b'[unknown]' (6236f7ef49e5)
		b'[unknown]' (6236f7ef5066)
		b'[unknown]' (6236f7ef5df5)
		b'[unknown]' (6236f7ed7f38)
		b'[unknown]' (6236fea64b8d)
		b'[unknown]' (6236fea65171)
		b'[unknown]' (6236fea651e4)
		b'[unknown]' (6236fea65273)
		b'[unknown]' (6236fea652d7)
		b'[unknown]' (6236fea6581e)
		b'[unknown]' (6236fea65a0e)
		b'[unknown]' (6236fea65aad)
		b'[unknown]' (6236fea65b3b)
		b'[unknown]' (6236fea666ca)
		b'[unknown]' (6236fea6678b)
		b'[unknown]' (6236fea6797d)
		b'[unknown]' (6236f7d88dd2)
		b'[unknown]' (6236fea6b3d9)
		b'[unknown]' (6236fea6c3d5)
		b'[unknown]' (6236fea6b380)
		b'[unknown]' (6236fea6c529)
		b'[unknown]' (6236f7d88dd2)
		b'[unknown]' (6236fee6a91a)
		b'[unknown]' (6236fee67893)
		b'[unknown]' (6236fee6899a)
		b'[unknown]' (6236f8525afc)
		b'[unknown]' (6236fee6d592)
		b'[unknown]' (6236fee6e112)
		b'[unknown]' (6236f8525afc)
		b'[unknown]' (6236fee6d4db)
		b'[unknown]' (7c043a894ac3)

	Not found in mutex_ids. mutex (b'[unknown]') 504dff880808 ::: wait time 2.82us ::: hold time 9.87us ::: enter count 1
		b'[unknown]' (6236f9fda571)
		b'[unknown]' (6236f9fda6cd)
		b'[unknown]' (6236f9fdfee0)
		b'[unknown]' (6236f9fe1be3)
		b'[unknown]' (6236f9f3428b)
		b'[unknown]' (6236f9f3648d)
		b'[unknown]' (6236f9d940b9)
		b'[unknown]' (6236f9c62da9)
		b'[unknown]' (6236f9cd44a4)
		b'[unknown]' (6236f9cd354b)
		b'[unknown]' (6236fd111330)
		b'[unknown]' (6236fb095d7d)
		b'[unknown]' (6236fb095bb5)
		b'[unknown]' (6236fce66c68)
		b'[unknown]' (6236fce6a1e2)
		b'[unknown]' (6236fabcedde)
		b'[unknown]' (6236fabcfc72)
		b'[unknown]' (6236fabd1315)
		b'[unknown]' (6236fa62547f)
		b'[unknown]' (6236fa6257e5)
		b'[unknown]' (6236fa625ca5)
		b'[unknown]' (6236fa6273ec)
		b'[unknown]' (6236fa62808a)
		b'[unknown]' (6236fa62c176)
		b'[unknown]' (6236fa3321c9)
		b'[unknown]' (6236fa33dd18)
		b'[unknown]' (6236fa33e46b)
		b'[unknown]' (6236fa33dd70)
		b'[unknown]' (6236fed9754e)
		b'[unknown]' (6236f7ee69ac)
		b'[unknown]' (6236f7ee9125)
		b'[unknown]' (6236f7eec3a0)
		b'[unknown]' (6236f7eed325)
		b'[unknown]' (6236f7eec7be)
		b'[unknown]' (6236f7eec86f)
		b'[unknown]' (6236f7ee8ad5)
		b'[unknown]' (6236f7ee8bc3)
		b'[unknown]' (6236f7ef1105)
		b'[unknown]' (6236f7ee7eb9)
		b'[unknown]' (6236f7ee7f5b)
		b'[unknown]' (6236f7ef3e5e)
		b'[unknown]' (6236f7ef49e5)
		b'[unknown]' (6236f7ef5066)
		b'[unknown]' (6236f7ef5df5)
		b'[unknown]' (6236f7ed7f38)
		b'[unknown]' (6236fea64b8d)
		b'[unknown]' (6236fea65171)
		b'[unknown]' (6236fea651e4)
		b'[unknown]' (6236fea65273)
		b'[unknown]' (6236fea652d7)
		b'[unknown]' (6236fea6581e)
		b'[unknown]' (6236fea65a0e)
		b'[unknown]' (6236fea65aad)
		b'[unknown]' (6236fea65b3b)
		b'[unknown]' (6236fea666ca)
		b'[unknown]' (6236fea6678b)
		b'[unknown]' (6236fea6797d)
		b'[unknown]' (6236f7d88dd2)
		b'[unknown]' (6236fea6b3d9)
		b'[unknown]' (6236fea6c3d5)
		b'[unknown]' (6236fea6b380)
		b'[unknown]' (6236fea6c529)
		b'[unknown]' (6236f7d88dd2)
		b'[unknown]' (6236fee6a91a)
		b'[unknown]' (6236fee67893)
		b'[unknown]' (6236fee6899a)
		b'[unknown]' (6236f8525afc)
		b'[unknown]' (6236fee6d592)
		b'[unknown]' (6236fee6e112)
		b'[unknown]' (6236f8525afc)
		b'[unknown]' (6236fee6d4db)
		b'[unknown]' (7c043a894ac3)

	Not found in mutex_ids. mutex (b'[unknown]') 504df9790428 ::: wait time 2.81us ::: hold time 8.50us ::: enter count 1
		b'[unknown]' (6236f7d776a7)
		b'[unknown]' (6236f7d77cac)
		b'[unknown]' (6236f7d80eca)
		b'[unknown]' (6236feea0bc6)
		b'[unknown]' (6236fee9948d)
		b'[unknown]' (6236f7eacf5e)
		b'[unknown]' (6236fee9ba34)
		b'[unknown]' (6236fee9956f)
		b'[unknown]' (6236fce668cd)
		b'[unknown]' (6236fce6a1e2)
		b'[unknown]' (6236fabcedde)
		b'[unknown]' (6236fabcfc72)
		b'[unknown]' (6236fabd1315)
		b'[unknown]' (6236fa62547f)
		b'[unknown]' (6236fa6257e5)
		b'[unknown]' (6236fa625ca5)
		b'[unknown]' (6236fa6273ec)
		b'[unknown]' (6236fa62808a)
		b'[unknown]' (6236fa62c176)
		b'[unknown]' (6236fa3321c9)
		b'[unknown]' (6236fa33dd18)
		b'[unknown]' (6236fa33e46b)
		b'[unknown]' (6236fa33dd70)
		b'[unknown]' (6236fed9754e)
		b'[unknown]' (6236f7ee69ac)
		b'[unknown]' (6236f7ee9125)
		b'[unknown]' (6236f7eec3a0)
		b'[unknown]' (6236f7eed325)
		b'[unknown]' (6236f7eec7be)
		b'[unknown]' (6236f7eec86f)
		b'[unknown]' (6236f7ee8ad5)
		b'[unknown]' (6236f7ee8bc3)
		b'[unknown]' (6236f7ef1105)
		b'[unknown]' (6236f7ee7eb9)
		b'[unknown]' (6236f7ee7f5b)
		b'[unknown]' (6236f7ef3e5e)
		b'[unknown]' (6236f7ef49e5)
		b'[unknown]' (6236f7ef5066)
		b'[unknown]' (6236f7ef5df5)
		b'[unknown]' (6236f7ed7f38)
		b'[unknown]' (6236fea64b8d)
		b'[unknown]' (6236fea65171)
		b'[unknown]' (6236fea651e4)
		b'[unknown]' (6236fea65273)
		b'[unknown]' (6236fea652d7)
		b'[unknown]' (6236fea6581e)
		b'[unknown]' (6236fea65a0e)
		b'[unknown]' (6236fea65aad)
		b'[unknown]' (6236fea65b3b)
		b'[unknown]' (6236fea666ca)
		b'[unknown]' (6236fea6678b)
		b'[unknown]' (6236fea6797d)
		b'[unknown]' (6236f7d88dd2)
		b'[unknown]' (6236fea6b3d9)
		b'[unknown]' (6236fea6c3d5)
		b'[unknown]' (6236fea6b380)
		b'[unknown]' (6236fea6c529)
		b'[unknown]' (6236f7d88dd2)
		b'[unknown]' (6236fee6a91a)
		b'[unknown]' (6236fee67893)
		b'[unknown]' (6236fee6899a)
		b'[unknown]' (6236f8525afc)
		b'[unknown]' (6236fee6d592)
		b'[unknown]' (6236fee6e112)
		b'[unknown]' (6236f8525afc)
		b'[unknown]' (6236fee6d4db)
		b'[unknown]' (7c043a894ac3)

	Not found in mutex_ids. mutex (b'[unknown]') 504dffac51a0 ::: wait time 2.81us ::: hold time 9.58us ::: enter count 1
		b'[unknown]' (6236f9e1401d)
		b'[unknown]' (6236f9e15709)
		b'[unknown]' (6236f9e16155)
		b'[unknown]' (6236f9ef80a7)
		b'[unknown]' (6236f9e42662)
		b'[unknown]' (6236f9e42e84)
		b'[unknown]' (6236f9e48204)
		b'[unknown]' (6236f9e48853)
		b'[unknown]' (6236f9e44556)
		b'[unknown]' (6236f9e4660e)
		b'[unknown]' (6236f9e48348)
		b'[unknown]' (6236f9e48853)
		b'[unknown]' (6236f9e61631)
		b'[unknown]' (6236f9e61f53)
		b'[unknown]' (6236f9c930bc)
		b'[unknown]' (6236fce6a31e)
		b'[unknown]' (6236fabcedde)
		b'[unknown]' (6236fabcfc72)
		b'[unknown]' (6236fabd1315)
		b'[unknown]' (6236fa62547f)
		b'[unknown]' (6236fa6257e5)
		b'[unknown]' (6236fa625ca5)
		b'[unknown]' (6236fa6273ec)
		b'[unknown]' (6236fa62808a)
		b'[unknown]' (6236fa62c176)
		b'[unknown]' (6236fa3321c9)
		b'[unknown]' (6236fa33dd18)
		b'[unknown]' (6236fa33e46b)
		b'[unknown]' (6236fa33dd70)
		b'[unknown]' (6236fed9754e)
		b'[unknown]' (6236f7ee69ac)
		b'[unknown]' (6236f7ee9125)
		b'[unknown]' (6236f7eec3a0)
		b'[unknown]' (6236f7eed325)
		b'[unknown]' (6236f7eec7be)
		b'[unknown]' (6236f7eec86f)
		b'[unknown]' (6236f7ee8ad5)
		b'[unknown]' (6236f7ee8bc3)
		b'[unknown]' (6236f7ef1105)
		b'[unknown]' (6236f7ee7eb9)
		b'[unknown]' (6236f7ee7f5b)
		b'[unknown]' (6236f7ef3e5e)
		b'[unknown]' (6236f7ef49e5)
		b'[unknown]' (6236f7ef5066)
		b'[unknown]' (6236f7ef5df5)
		b'[unknown]' (6236f7ed7f38)
		b'[unknown]' (6236fea64b8d)
		b'[unknown]' (6236fea65171)
		b'[unknown]' (6236fea651e4)
		b'[unknown]' (6236fea65273)
		b'[unknown]' (6236fea652d7)
		b'[unknown]' (6236fea6581e)
		b'[unknown]' (6236fea65a0e)
		b'[unknown]' (6236fea65aad)
		b'[unknown]' (6236fea65b3b)
		b'[unknown]' (6236fea666ca)
		b'[unknown]' (6236fea6678b)
		b'[unknown]' (6236fea6797d)
		b'[unknown]' (6236f7d88dd2)
		b'[unknown]' (6236fea6b3d9)
		b'[unknown]' (6236fea6c3d5)
		b'[unknown]' (6236fea6b380)
		b'[unknown]' (6236fea6c529)
		b'[unknown]' (6236f7d88dd2)
		b'[unknown]' (6236fee6a91a)
		b'[unknown]' (6236fee67893)
		b'[unknown]' (6236fee6899a)
		b'[unknown]' (6236f8525afc)
		b'[unknown]' (6236fee6d592)
		b'[unknown]' (6236fee6e112)
		b'[unknown]' (6236f8525afc)
		b'[unknown]' (6236fee6d4db)
		b'[unknown]' (7c043a894ac3)

	Not found in mutex_ids. mutex (b'[unknown]') 504dffc391c0 ::: wait time 2.81us ::: hold time 8.42us ::: enter count 1
		b'[unknown]' (6236f7d776a7)
		b'[unknown]' (6236f7d77cac)
		b'[unknown]' (6236f7d9daa5)
		b'[unknown]' (6236f7d87c9d)
		b'[unknown]' (6236f8efa707)
		b'[unknown]' (6236f8ef8ec9)
		b'[unknown]' (6236fc0b1710)
		b'[unknown]' (6236fc0b114c)
		b'[unknown]' (6236fc0af2b9)
		b'[unknown]' (6236fc0af049)
		b'[unknown]' (6236fbf92a10)
		b'[unknown]' (6236fbf92a3b)
		b'[unknown]' (6236fbf929ca)
		b'[unknown]' (6236fbf9288d)
		b'[unknown]' (6236f7d9cab7)
		b'[unknown]' (6236f7d862a3)
		b'[unknown]' (6236f89831bc)
		b'[unknown]' (6236fbf8daaa)
		b'[unknown]' (6236fbf8c9cc)
		b'[unknown]' (6236fbf8ad1b)
		b'[unknown]' (6236fbf8b03d)
		b'[unknown]' (6236fbf8082d)
		b'[unknown]' (6236fbf8130d)
		b'[unknown]' (6236fabed75d)
		b'[unknown]' (6236fabcfebc)
		b'[unknown]' (6236fabd1315)
		b'[unknown]' (6236fa62547f)
		b'[unknown]' (6236fa6257e5)
		b'[unknown]' (6236fa625ca5)
		b'[unknown]' (6236fa6273ec)
		b'[unknown]' (6236fa62808a)
		b'[unknown]' (6236fa62c176)
		b'[unknown]' (6236fa3321c9)
		b'[unknown]' (6236fa33dd18)
		b'[unknown]' (6236fa33e46b)
		b'[unknown]' (6236fa33dd70)
		b'[unknown]' (6236fed9754e)
		b'[unknown]' (6236f7ee69ac)
		b'[unknown]' (6236f7ee9125)
		b'[unknown]' (6236f7eec3a0)
		b'[unknown]' (6236f7eed325)
		b'[unknown]' (6236f7eec7be)
		b'[unknown]' (6236f7eec86f)
		b'[unknown]' (6236f7ee8ad5)
		b'[unknown]' (6236f7ee8bc3)
		b'[unknown]' (6236f7ef1105)
		b'[unknown]' (6236f7ee7eb9)
		b'[unknown]' (6236f7ee7f5b)
		b'[unknown]' (6236f7ef3e5e)
		b'[unknown]' (6236f7ef49e5)
		b'[unknown]' (6236f7ef5066)
		b'[unknown]' (6236f7ef5df5)
		b'[unknown]' (6236f7ed7f38)
		b'[unknown]' (6236fea64b8d)
		b'[unknown]' (6236fea65171)
		b'[unknown]' (6236fea651e4)
		b'[unknown]' (6236fea65273)
		b'[unknown]' (6236fea652d7)
		b'[unknown]' (6236fea6581e)
		b'[unknown]' (6236fea65a0e)
		b'[unknown]' (6236fea65aad)
		b'[unknown]' (6236fea65b3b)
		b'[unknown]' (6236fea666ca)
		b'[unknown]' (6236fea6678b)
		b'[unknown]' (6236fea6797d)
		b'[unknown]' (6236f7d88dd2)
		b'[unknown]' (6236fea6b3d9)
		b'[unknown]' (6236fea6c3d5)
		b'[unknown]' (6236fea6b380)
		b'[unknown]' (6236fea6c529)
		b'[unknown]' (6236f7d88dd2)
		b'[unknown]' (6236fee6a91a)
		b'[unknown]' (6236fee67893)
		b'[unknown]' (6236fee6899a)
		b'[unknown]' (6236f8525afc)
		b'[unknown]' (6236fee6d592)
		b'[unknown]' (6236fee6e112)
		b'[unknown]' (6236f8525afc)
		b'[unknown]' (6236fee6d4db)
		b'[unknown]' (7c043a894ac3)

	Not found in mutex_ids. mutex (b'[unknown]') 504dffc3b070 ::: wait time 2.81us ::: hold time 9.09us ::: enter count 1
		b'[unknown]' (6236f7d776a7)
		b'[unknown]' (6236f7d77cac)
		b'[unknown]' (6236f7d80eca)
		b'[unknown]' (6236feea0bc6)
		b'[unknown]' (6236fee9a247)
		b'[unknown]' (6236fee97c33)
		b'[unknown]' (6236fee848e8)
		b'[unknown]' (6236fcd85cb0)
		b'[unknown]' (6236fcd85d84)
		b'[unknown]' (6236fcd83f03)
		b'[unknown]' (6236fcd82139)
		b'[unknown]' (6236fcd806c6)
		b'[unknown]' (6236fcd7dbbf)
		b'[unknown]' (6236fcd79bb3)
		b'[unknown]' (6236fcd76206)
		b'[unknown]' (6236fcd68821)
		b'[unknown]' (6236fcd66c41)
		b'[unknown]' (6236fcd666bd)
		b'[unknown]' (6236fa627325)
		b'[unknown]' (6236fa62808a)
		b'[unknown]' (6236fa62c176)
		b'[unknown]' (6236fa3321c9)
		b'[unknown]' (6236fa33dd18)
		b'[unknown]' (6236fa33e46b)
		b'[unknown]' (6236fa33dd70)
		b'[unknown]' (6236fed9754e)
		b'[unknown]' (6236f7ee69ac)
		b'[unknown]' (6236f7ee9125)
		b'[unknown]' (6236f7eec3a0)
		b'[unknown]' (6236f7eed325)
		b'[unknown]' (6236f7eec7be)
		b'[unknown]' (6236f7eec86f)
		b'[unknown]' (6236f7ee8ad5)
		b'[unknown]' (6236f7ee8bc3)
		b'[unknown]' (6236f7ef1105)
		b'[unknown]' (6236f7ee7eb9)
		b'[unknown]' (6236f7ee7f5b)
		b'[unknown]' (6236f7ef3e5e)
		b'[unknown]' (6236f7ef49e5)
		b'[unknown]' (6236f7ef5066)
		b'[unknown]' (6236f7ef5df5)
		b'[unknown]' (6236f7ed7f38)
		b'[unknown]' (6236fea64b8d)
		b'[unknown]' (6236fea65171)
		b'[unknown]' (6236fea651e4)
		b'[unknown]' (6236fea65273)
		b'[unknown]' (6236fea652d7)
		b'[unknown]' (6236fea6581e)
		b'[unknown]' (6236fea65a0e)
		b'[unknown]' (6236fea65aad)
		b'[unknown]' (6236fea65b3b)
		b'[unknown]' (6236fea666ca)
		b'[unknown]' (6236fea6678b)
		b'[unknown]' (6236fea6797d)
		b'[unknown]' (6236f7d88dd2)
		b'[unknown]' (6236fea6b3d9)
		b'[unknown]' (6236fea6c3d5)
		b'[unknown]' (6236fea6b380)
		b'[unknown]' (6236fea6c529)
		b'[unknown]' (6236f7d88dd2)
		b'[unknown]' (6236fee6a91a)
		b'[unknown]' (6236fee67893)
		b'[unknown]' (6236fee6899a)
		b'[unknown]' (6236f8525afc)
		b'[unknown]' (6236fee6d592)
		b'[unknown]' (6236fee6e112)
		b'[unknown]' (6236f8525afc)
		b'[unknown]' (6236fee6d4db)
		b'[unknown]' (7c043a894ac3)

	Not found in mutex_ids. mutex (b'[unknown]') 504dff8da760 ::: wait time 2.81us ::: hold time 36.82us ::: enter count 1
		b'[unknown]' (6236f7d776a7)
		b'[unknown]' (6236f7d77cac)
		b'[unknown]' (6236f7d87796)
		b'[unknown]' (6236fce66cef)
		b'[unknown]' (6236fce6a1e2)
		b'[unknown]' (6236fabcedde)
		b'[unknown]' (6236fabcfc72)
		b'[unknown]' (6236fabd1315)
		b'[unknown]' (6236fa62547f)
		b'[unknown]' (6236fa6257e5)
		b'[unknown]' (6236fa625ca5)
		b'[unknown]' (6236fa6273ec)
		b'[unknown]' (6236fa62808a)
		b'[unknown]' (6236fa62c176)
		b'[unknown]' (6236fa3321c9)
		b'[unknown]' (6236fa33dd18)
		b'[unknown]' (6236fa33e46b)
		b'[unknown]' (6236fa33dd70)
		b'[unknown]' (6236fed9754e)
		b'[unknown]' (6236f7ee69ac)
		b'[unknown]' (6236f7ee9125)
		b'[unknown]' (6236f7eec3a0)
		b'[unknown]' (6236f7eed325)
		b'[unknown]' (6236f7eec7be)
		b'[unknown]' (6236f7eec86f)
		b'[unknown]' (6236f7ee8ad5)
		b'[unknown]' (6236f7ee8bc3)
		b'[unknown]' (6236f7ef1105)
		b'[unknown]' (6236f7ee7eb9)
		b'[unknown]' (6236f7ee7f5b)
		b'[unknown]' (6236f7ef3e5e)
		b'[unknown]' (6236f7ef49e5)
		b'[unknown]' (6236f7ef5066)
		b'[unknown]' (6236f7ef5df5)
		b'[unknown]' (6236f7ed7f38)
		b'[unknown]' (6236fea64b8d)
		b'[unknown]' (6236fea65171)
		b'[unknown]' (6236fea651e4)
		b'[unknown]' (6236fea65273)
		b'[unknown]' (6236fea652d7)
		b'[unknown]' (6236fea6581e)
		b'[unknown]' (6236fea65a0e)
		b'[unknown]' (6236fea65aad)
		b'[unknown]' (6236fea65b3b)
		b'[unknown]' (6236fea666ca)
		b'[unknown]' (6236fea6678b)
		b'[unknown]' (6236fea6797d)
		b'[unknown]' (6236f7d88dd2)
		b'[unknown]' (6236fea6b3d9)
		b'[unknown]' (6236fea6c3d5)
		b'[unknown]' (6236fea6b380)
		b'[unknown]' (6236fea6c529)
		b'[unknown]' (6236f7d88dd2)
		b'[unknown]' (6236fee6a91a)
		b'[unknown]' (6236fee67893)
		b'[unknown]' (6236fee6899a)
		b'[unknown]' (6236f8525afc)
		b'[unknown]' (6236fee6d592)
		b'[unknown]' (6236fee6e112)
		b'[unknown]' (6236f8525afc)
		b'[unknown]' (6236fee6d4db)
		b'[unknown]' (7c043a894ac3)

	Not found in mutex_ids. mutex (b'[unknown]') 504df9790428 ::: wait time 2.80us ::: hold time 8.35us ::: enter count 1
		b'[unknown]' (6236f7d776a7)
		b'[unknown]' (6236f7d77cac)
		b'[unknown]' (6236f7d80eca)
		b'[unknown]' (6236feea0bc6)
		b'[unknown]' (6236fee9948d)
		b'[unknown]' (6236f7efb57c)
		b'[unknown]' (6236fee99786)
		b'[unknown]' (6236fabcf458)
		b'[unknown]' (6236fabd1315)
		b'[unknown]' (6236fa62547f)
		b'[unknown]' (6236fa6257e5)
		b'[unknown]' (6236fa625ca5)
		b'[unknown]' (6236fa6273ec)
		b'[unknown]' (6236fa62808a)
		b'[unknown]' (6236fa62c176)
		b'[unknown]' (6236fa3321c9)
		b'[unknown]' (6236fa33dd18)
		b'[unknown]' (6236fa33e46b)
		b'[unknown]' (6236fa33dd70)
		b'[unknown]' (6236fed9754e)
		b'[unknown]' (6236f7ee69ac)
		b'[unknown]' (6236f7ee9125)
		b'[unknown]' (6236f7eec3a0)
		b'[unknown]' (6236f7eed325)
		b'[unknown]' (6236f7eec7be)
		b'[unknown]' (6236f7eec86f)
		b'[unknown]' (6236f7ee8ad5)
		b'[unknown]' (6236f7ee8bc3)
		b'[unknown]' (6236f7ef1105)
		b'[unknown]' (6236f7ee7eb9)
		b'[unknown]' (6236f7ee7f5b)
		b'[unknown]' (6236f7ef3e5e)
		b'[unknown]' (6236f7ef49e5)
		b'[unknown]' (6236f7ef5066)
		b'[unknown]' (6236f7ef5df5)
		b'[unknown]' (6236f7ed7f38)
		b'[unknown]' (6236fea64b8d)
		b'[unknown]' (6236fea65171)
		b'[unknown]' (6236fea651e4)
		b'[unknown]' (6236fea65273)
		b'[unknown]' (6236fea652d7)
		b'[unknown]' (6236fea6581e)
		b'[unknown]' (6236fea65a0e)
		b'[unknown]' (6236fea65aad)
		b'[unknown]' (6236fea65b3b)
		b'[unknown]' (6236fea666ca)
		b'[unknown]' (6236fea6678b)
		b'[unknown]' (6236fea6797d)
		b'[unknown]' (6236f7d88dd2)
		b'[unknown]' (6236fea6b3d9)
		b'[unknown]' (6236fea6c3d5)
		b'[unknown]' (6236fea6b380)
		b'[unknown]' (6236fea6c529)
		b'[unknown]' (6236f7d88dd2)
		b'[unknown]' (6236fee6a91a)
		b'[unknown]' (6236fee67893)
		b'[unknown]' (6236fee6899a)
		b'[unknown]' (6236f8525afc)
		b'[unknown]' (6236fee6d592)
		b'[unknown]' (6236fee6e112)
		b'[unknown]' (6236f8525afc)
		b'[unknown]' (6236fee6d4db)
		b'[unknown]' (7c043a894ac3)

	Not found in mutex_ids. mutex (b'[unknown]') 504dffc39600 ::: wait time 2.79us ::: hold time 8.93us ::: enter count 1
		b'[unknown]' (6236f7d776a7)
		b'[unknown]' (6236f7d77cac)
		b'[unknown]' (6236f7d9daa5)
		b'[unknown]' (6236f7d87c9d)
		b'[unknown]' (6236f8efa707)
		b'[unknown]' (6236f8ef8ec9)
		b'[unknown]' (6236fc0b1710)
		b'[unknown]' (6236fc0b114c)
		b'[unknown]' (6236fc0af2b9)
		b'[unknown]' (6236fc0af049)
		b'[unknown]' (6236fbf92a10)
		b'[unknown]' (6236fbf92a3b)
		b'[unknown]' (6236fbf929ca)
		b'[unknown]' (6236fbf9288d)
		b'[unknown]' (6236f7d9cab7)
		b'[unknown]' (6236f7d862a3)
		b'[unknown]' (6236f89831bc)
		b'[unknown]' (6236fbf8daaa)
		b'[unknown]' (6236fbf8c9cc)
		b'[unknown]' (6236fbf8ad1b)
		b'[unknown]' (6236fbf8b03d)
		b'[unknown]' (6236fbf8082d)
		b'[unknown]' (6236fbf8130d)
		b'[unknown]' (6236fabed75d)
		b'[unknown]' (6236fabcfebc)
		b'[unknown]' (6236fabd1315)
		b'[unknown]' (6236fa62547f)
		b'[unknown]' (6236fa6257e5)
		b'[unknown]' (6236fa625ca5)
		b'[unknown]' (6236fa6273ec)
		b'[unknown]' (6236fa62808a)
		b'[unknown]' (6236fa62c176)
		b'[unknown]' (6236fa3321c9)
		b'[unknown]' (6236fa33dd18)
		b'[unknown]' (6236fa33e46b)
		b'[unknown]' (6236fa33dd70)
		b'[unknown]' (6236fed9754e)
		b'[unknown]' (6236f7ee69ac)
		b'[unknown]' (6236f7ee9125)
		b'[unknown]' (6236f7eec3a0)
		b'[unknown]' (6236f7eed325)
		b'[unknown]' (6236f7eec7be)
		b'[unknown]' (6236f7eec86f)
		b'[unknown]' (6236f7ee8ad5)
		b'[unknown]' (6236f7ee8bc3)
		b'[unknown]' (6236f7ef1105)
		b'[unknown]' (6236f7ee7eb9)
		b'[unknown]' (6236f7ee7f5b)
		b'[unknown]' (6236f7ef3e5e)
		b'[unknown]' (6236f7ef49e5)
		b'[unknown]' (6236f7ef5066)
		b'[unknown]' (6236f7ef5df5)
		b'[unknown]' (6236f7ed7f38)
		b'[unknown]' (6236fea64b8d)
		b'[unknown]' (6236fea65171)
		b'[unknown]' (6236fea651e4)
		b'[unknown]' (6236fea65273)
		b'[unknown]' (6236fea652d7)
		b'[unknown]' (6236fea6581e)
		b'[unknown]' (6236fea65a0e)
		b'[unknown]' (6236fea65aad)
		b'[unknown]' (6236fea65b3b)
		b'[unknown]' (6236fea666ca)
		b'[unknown]' (6236fea6678b)
		b'[unknown]' (6236fea6797d)
		b'[unknown]' (6236f7d88dd2)
		b'[unknown]' (6236fea6b3d9)
		b'[unknown]' (6236fea6c3d5)
		b'[unknown]' (6236fea6b380)
		b'[unknown]' (6236fea6c529)
		b'[unknown]' (6236f7d88dd2)
		b'[unknown]' (6236fee6a91a)
		b'[unknown]' (6236fee67893)
		b'[unknown]' (6236fee6899a)
		b'[unknown]' (6236f8525afc)
		b'[unknown]' (6236fee6d592)
		b'[unknown]' (6236fee6e112)
		b'[unknown]' (6236f8525afc)
		b'[unknown]' (6236fee6d4db)
		b'[unknown]' (7c043a894ac3)

	Not found in mutex_ids. mutex (b'[unknown]') 504dffc39340 ::: wait time 2.79us ::: hold time 9.08us ::: enter count 1
		b'[unknown]' (6236f7d776a7)
		b'[unknown]' (6236f7d77cac)
		b'[unknown]' (6236f7d9daa5)
		b'[unknown]' (6236f7d87c9d)
		b'[unknown]' (6236f8efa707)
		b'[unknown]' (6236f8ef8ec9)
		b'[unknown]' (6236fc0b1710)
		b'[unknown]' (6236fc0b114c)
		b'[unknown]' (6236fc0af2b9)
		b'[unknown]' (6236fc0af049)
		b'[unknown]' (6236fbf92a10)
		b'[unknown]' (6236fbf92a3b)
		b'[unknown]' (6236fbf929ca)
		b'[unknown]' (6236fbf9288d)
		b'[unknown]' (6236f7d9cab7)
		b'[unknown]' (6236f7d862a3)
		b'[unknown]' (6236f89831bc)
		b'[unknown]' (6236fbf8daaa)
		b'[unknown]' (6236fbf8c9cc)
		b'[unknown]' (6236fbf8ad1b)
		b'[unknown]' (6236fbf8b03d)
		b'[unknown]' (6236fbf8082d)
		b'[unknown]' (6236fbf8130d)
		b'[unknown]' (6236fabed75d)
		b'[unknown]' (6236fabcfebc)
		b'[unknown]' (6236fabd1315)
		b'[unknown]' (6236fa62547f)
		b'[unknown]' (6236fa6257e5)
		b'[unknown]' (6236fa625ca5)
		b'[unknown]' (6236fa6273ec)
		b'[unknown]' (6236fa62808a)
		b'[unknown]' (6236fa62c176)
		b'[unknown]' (6236fa3321c9)
		b'[unknown]' (6236fa33dd18)
		b'[unknown]' (6236fa33e46b)
		b'[unknown]' (6236fa33dd70)
		b'[unknown]' (6236fed9754e)
		b'[unknown]' (6236f7ee69ac)
		b'[unknown]' (6236f7ee9125)
		b'[unknown]' (6236f7eec3a0)
		b'[unknown]' (6236f7eed325)
		b'[unknown]' (6236f7eec7be)
		b'[unknown]' (6236f7eec86f)
		b'[unknown]' (6236f7ee8ad5)
		b'[unknown]' (6236f7ee8bc3)
		b'[unknown]' (6236f7ef1105)
		b'[unknown]' (6236f7ee7eb9)
		b'[unknown]' (6236f7ee7f5b)
		b'[unknown]' (6236f7ef3e5e)
		b'[unknown]' (6236f7ef49e5)
		b'[unknown]' (6236f7ef5066)
		b'[unknown]' (6236f7ef5df5)
		b'[unknown]' (6236f7ed7f38)
		b'[unknown]' (6236fea64b8d)
		b'[unknown]' (6236fea65171)
		b'[unknown]' (6236fea651e4)
		b'[unknown]' (6236fea65273)
		b'[unknown]' (6236fea652d7)
		b'[unknown]' (6236fea6581e)
		b'[unknown]' (6236fea65a0e)
		b'[unknown]' (6236fea65aad)
		b'[unknown]' (6236fea65b3b)
		b'[unknown]' (6236fea666ca)
		b'[unknown]' (6236fea6678b)
		b'[unknown]' (6236fea6797d)
		b'[unknown]' (6236f7d88dd2)
		b'[unknown]' (6236fea6b3d9)
		b'[unknown]' (6236fea6c3d5)
		b'[unknown]' (6236fea6b380)
		b'[unknown]' (6236fea6c529)
		b'[unknown]' (6236f7d88dd2)
		b'[unknown]' (6236fee6a91a)
		b'[unknown]' (6236fee67893)
		b'[unknown]' (6236fee6899a)
		b'[unknown]' (6236f8525afc)
		b'[unknown]' (6236fee6d592)
		b'[unknown]' (6236fee6e112)
		b'[unknown]' (6236f8525afc)
		b'[unknown]' (6236fee6d4db)
		b'[unknown]' (7c043a894ac3)

	Not found in mutex_ids. mutex (b'[unknown]') 504df9790428 ::: wait time 2.79us ::: hold time 7.79us ::: enter count 1
		b'[unknown]' (6236f7d776a7)
		b'[unknown]' (6236f7d77cac)
		b'[unknown]' (6236f7d80eca)
		b'[unknown]' (6236feea0bc6)
		b'[unknown]' (6236fee9b7d2)
		b'[unknown]' (6236fee97f34)
		b'[unknown]' (6236fee978bb)
		b'[unknown]' (6236fee83f43)
		b'[unknown]' (6236fee83ed8)
		b'[unknown]' (6236f7e894d4)
		b'[unknown]' (6236f7e89385)
		b'[unknown]' (6236f7e892d8)
		b'[unknown]' (6236f7e89298)
		b'[unknown]' (6236fee84aa4)
		b'[unknown]' (6236f7d835a8)
		b'[unknown]' (6236fa625528)
		b'[unknown]' (6236fa6257e5)
		b'[unknown]' (6236fa625ca5)
		b'[unknown]' (6236fa6273ec)
		b'[unknown]' (6236fa62808a)
		b'[unknown]' (6236fa62c176)
		b'[unknown]' (6236fa3321c9)
		b'[unknown]' (6236fa33dd18)
		b'[unknown]' (6236fa33e46b)
		b'[unknown]' (6236fa33dd70)
		b'[unknown]' (6236fed9754e)
		b'[unknown]' (6236f7ee69ac)
		b'[unknown]' (6236f7ee9125)
		b'[unknown]' (6236f7eec3a0)
		b'[unknown]' (6236f7eed325)
		b'[unknown]' (6236f7eec7be)
		b'[unknown]' (6236f7eec86f)
		b'[unknown]' (6236f7ee8ad5)
		b'[unknown]' (6236f7ee8bc3)
		b'[unknown]' (6236f7ef1105)
		b'[unknown]' (6236f7ee7eb9)
		b'[unknown]' (6236f7ee7f5b)
		b'[unknown]' (6236f7ef3e5e)
		b'[unknown]' (6236f7ef49e5)
		b'[unknown]' (6236f7ef5066)
		b'[unknown]' (6236f7ef5df5)
		b'[unknown]' (6236f7ed7f38)
		b'[unknown]' (6236fea64b8d)
		b'[unknown]' (6236fea65171)
		b'[unknown]' (6236fea651e4)
		b'[unknown]' (6236fea65273)
		b'[unknown]' (6236fea652d7)
		b'[unknown]' (6236fea6581e)
		b'[unknown]' (6236fea65a0e)
		b'[unknown]' (6236fea65aad)
		b'[unknown]' (6236fea65b3b)
		b'[unknown]' (6236fea666ca)
		b'[unknown]' (6236fea6678b)
		b'[unknown]' (6236fea6797d)
		b'[unknown]' (6236f7d88dd2)
		b'[unknown]' (6236fea6b3d9)
		b'[unknown]' (6236fea6c3d5)
		b'[unknown]' (6236fea6b380)
		b'[unknown]' (6236fea6c529)
		b'[unknown]' (6236f7d88dd2)
		b'[unknown]' (6236fee6a91a)
		b'[unknown]' (6236fee67893)
		b'[unknown]' (6236fee6899a)
		b'[unknown]' (6236f8525afc)
		b'[unknown]' (6236fee6d592)
		b'[unknown]' (6236fee6e112)
		b'[unknown]' (6236f8525afc)
		b'[unknown]' (6236fee6d4db)
		b'[unknown]' (7c043a894ac3)

	Not found in mutex_ids. mutex (b'[unknown]') 504dffde6000 ::: wait time 2.79us ::: hold time 12.78us ::: enter count 1
		b'[unknown]' (6236f8273c8f)
		b'[unknown]' (6236f8273cdf)
		b'[unknown]' (6236f8274128)
		b'[unknown]' (6236f82771d6)
		b'[unknown]' (6236ffd37a23)
		b'[unknown]' (6236ffd1093c)
		b'[unknown]' (6236ffd27c7b)
		b'[unknown]' (6236ffd275b4)
		b'[unknown]' (6236ffd26ead)
		b'[unknown]' (6236ffd25a4a)
		b'[unknown]' (6236ffd2454c)
		b'[unknown]' (6236ffd104f0)
		b'[unknown]' (62370064b484)
		b'[unknown]' (6236ffcfcdd1)
		b'[unknown]' (6236ffcfbf3d)
		b'[unknown]' (6236ffcfaaee)
		b'[unknown]' (6236ffcfae5a)
		b'[unknown]' (6236fbf85a67)
		b'[unknown]' (6236fbf85269)
		b'[unknown]' (6236fbf86235)
		b'[unknown]' (6236fbf85c9e)
		b'[unknown]' (6236fbf85358)
		b'[unknown]' (6236fbf853a7)
		b'[unknown]' (6236fbf85545)
		b'[unknown]' (6236fbf81959)
		b'[unknown]' (6236fbf82370)
		b'[unknown]' (6236ffa43bd4)
		b'[unknown]' (6236ffa43250)
		b'[unknown]' (6236f9d0042d)
		b'[unknown]' (6236f9d00c28)
		b'[unknown]' (6236ffa43352)
		b'[unknown]' (6236ffa3d62a)
		b'[unknown]' (6236fa6254dd)
		b'[unknown]' (6236fa6257e5)
		b'[unknown]' (6236fa625ca5)
		b'[unknown]' (6236fa6273ec)
		b'[unknown]' (6236fa62808a)
		b'[unknown]' (6236fa62c176)
		b'[unknown]' (6236fa3321c9)
		b'[unknown]' (6236fa33dd18)
		b'[unknown]' (6236fa33e46b)
		b'[unknown]' (6236fa33dd70)
		b'[unknown]' (6236fed9754e)
		b'[unknown]' (6236f7ee69ac)
		b'[unknown]' (6236f7ee9125)
		b'[unknown]' (6236f7eec3a0)
		b'[unknown]' (6236f7eed325)
		b'[unknown]' (6236f7eec7be)
		b'[unknown]' (6236f7eec86f)
		b'[unknown]' (6236f7ee8ad5)
		b'[unknown]' (6236f7ee8bc3)
		b'[unknown]' (6236f7ef1105)
		b'[unknown]' (6236f7ee7eb9)
		b'[unknown]' (6236f7ee7f5b)
		b'[unknown]' (6236f7ef3e5e)
		b'[unknown]' (6236f7ef49e5)
		b'[unknown]' (6236f7ef5066)
		b'[unknown]' (6236f7ef5df5)
		b'[unknown]' (6236f7ed7f38)
		b'[unknown]' (6236fea64b8d)
		b'[unknown]' (6236fea65171)
		b'[unknown]' (6236fea651e4)
		b'[unknown]' (6236fea65273)
		b'[unknown]' (6236fea652d7)
		b'[unknown]' (6236fea6581e)
		b'[unknown]' (6236fea65a0e)
		b'[unknown]' (6236fea65aad)
		b'[unknown]' (6236fea65b3b)
		b'[unknown]' (6236fea666ca)
		b'[unknown]' (6236fea6678b)
		b'[unknown]' (6236fea6797d)
		b'[unknown]' (6236f7d88dd2)
		b'[unknown]' (6236fea6b3d9)
		b'[unknown]' (6236fea6c3d5)
		b'[unknown]' (6236fea6b380)
		b'[unknown]' (6236fea6c529)
		b'[unknown]' (6236f7d88dd2)
		b'[unknown]' (6236fee6a91a)
		b'[unknown]' (6236fee67893)
		b'[unknown]' (6236fee6899a)
		b'[unknown]' (6236f8525afc)
		b'[unknown]' (6236fee6d592)
		b'[unknown]' (6236fee6e112)
		b'[unknown]' (6236f8525afc)
		b'[unknown]' (6236fee6d4db)
		b'[unknown]' (7c043a894ac3)

	Not found in mutex_ids. mutex (b'[unknown]') 504dffc39780 ::: wait time 2.79us ::: hold time 8.07us ::: enter count 1
		b'[unknown]' (6236f7d776a7)
		b'[unknown]' (6236f7d77cac)
		b'[unknown]' (6236f7d9daa5)
		b'[unknown]' (6236f7d87c9d)
		b'[unknown]' (6236f8efa707)
		b'[unknown]' (6236f8ef8ec9)
		b'[unknown]' (6236fc0b1710)
		b'[unknown]' (6236fc0b114c)
		b'[unknown]' (6236fc0af2b9)
		b'[unknown]' (6236fc0af049)
		b'[unknown]' (6236fbf92a10)
		b'[unknown]' (6236fbf92a3b)
		b'[unknown]' (6236fbf929ca)
		b'[unknown]' (6236fbf9288d)
		b'[unknown]' (6236f7d9cab7)
		b'[unknown]' (6236f7d862a3)
		b'[unknown]' (6236f89831bc)
		b'[unknown]' (6236fbf8daaa)
		b'[unknown]' (6236fbf8c9cc)
		b'[unknown]' (6236fbf8ad1b)
		b'[unknown]' (6236fbf8b03d)
		b'[unknown]' (6236fbf8082d)
		b'[unknown]' (6236fbf8130d)
		b'[unknown]' (6236fabed75d)
		b'[unknown]' (6236fabcfebc)
		b'[unknown]' (6236fabd1315)
		b'[unknown]' (6236fa62547f)
		b'[unknown]' (6236fa6257e5)
		b'[unknown]' (6236fa625ca5)
		b'[unknown]' (6236fa6273ec)
		b'[unknown]' (6236fa62808a)
		b'[unknown]' (6236fa62c176)
		b'[unknown]' (6236fa3321c9)
		b'[unknown]' (6236fa33dd18)
		b'[unknown]' (6236fa33e46b)
		b'[unknown]' (6236fa33dd70)
		b'[unknown]' (6236fed9754e)
		b'[unknown]' (6236f7ee69ac)
		b'[unknown]' (6236f7ee9125)
		b'[unknown]' (6236f7eec3a0)
		b'[unknown]' (6236f7eed325)
		b'[unknown]' (6236f7eec7be)
		b'[unknown]' (6236f7eec86f)
		b'[unknown]' (6236f7ee8ad5)
		b'[unknown]' (6236f7ee8bc3)
		b'[unknown]' (6236f7ef1105)
		b'[unknown]' (6236f7ee7eb9)
		b'[unknown]' (6236f7ee7f5b)
		b'[unknown]' (6236f7ef3e5e)
		b'[unknown]' (6236f7ef49e5)
		b'[unknown]' (6236f7ef5066)
		b'[unknown]' (6236f7ef5df5)
		b'[unknown]' (6236f7ed7f38)
		b'[unknown]' (6236fea64b8d)
		b'[unknown]' (6236fea65171)
		b'[unknown]' (6236fea651e4)
		b'[unknown]' (6236fea65273)
		b'[unknown]' (6236fea652d7)
		b'[unknown]' (6236fea6581e)
		b'[unknown]' (6236fea65a0e)
		b'[unknown]' (6236fea65aad)
		b'[unknown]' (6236fea65b3b)
		b'[unknown]' (6236fea666ca)
		b'[unknown]' (6236fea6678b)
		b'[unknown]' (6236fea6797d)
		b'[unknown]' (6236f7d88dd2)
		b'[unknown]' (6236fea6b3d9)
		b'[unknown]' (6236fea6c3d5)
		b'[unknown]' (6236fea6b380)
		b'[unknown]' (6236fea6c529)
		b'[unknown]' (6236f7d88dd2)
		b'[unknown]' (6236fee6a91a)
		b'[unknown]' (6236fee67893)
		b'[unknown]' (6236fee6899a)
		b'[unknown]' (6236f8525afc)
		b'[unknown]' (6236fee6d592)
		b'[unknown]' (6236fee6e112)
		b'[unknown]' (6236f8525afc)
		b'[unknown]' (6236fee6d4db)
		b'[unknown]' (7c043a894ac3)

	Not found in mutex_ids. mutex (b'[unknown]') 504dffc39240 ::: wait time 2.78us ::: hold time 8.41us ::: enter count 1
		b'[unknown]' (6236f7d776a7)
		b'[unknown]' (6236f7d77cac)
		b'[unknown]' (6236f7d9daa5)
		b'[unknown]' (6236f7d87c9d)
		b'[unknown]' (6236f8efa707)
		b'[unknown]' (6236f8ef8ec9)
		b'[unknown]' (6236fc0b1710)
		b'[unknown]' (6236fc0b114c)
		b'[unknown]' (6236fc0af2b9)
		b'[unknown]' (6236fc0af049)
		b'[unknown]' (6236fbf92a10)
		b'[unknown]' (6236fbf92a3b)
		b'[unknown]' (6236fbf929ca)
		b'[unknown]' (6236fbf9288d)
		b'[unknown]' (6236f7d9cab7)
		b'[unknown]' (6236f7d862a3)
		b'[unknown]' (6236f89831bc)
		b'[unknown]' (6236fbf8daaa)
		b'[unknown]' (6236fbf8c9cc)
		b'[unknown]' (6236fbf8ad1b)
		b'[unknown]' (6236fbf8b03d)
		b'[unknown]' (6236fbf8082d)
		b'[unknown]' (6236fbf8130d)
		b'[unknown]' (6236fabed75d)
		b'[unknown]' (6236fabcfebc)
		b'[unknown]' (6236fabd1315)
		b'[unknown]' (6236fa62547f)
		b'[unknown]' (6236fa6257e5)
		b'[unknown]' (6236fa625ca5)
		b'[unknown]' (6236fa6273ec)
		b'[unknown]' (6236fa62808a)
		b'[unknown]' (6236fa62c176)
		b'[unknown]' (6236fa3321c9)
		b'[unknown]' (6236fa33dd18)
		b'[unknown]' (6236fa33e46b)
		b'[unknown]' (6236fa33dd70)
		b'[unknown]' (6236fed9754e)
		b'[unknown]' (6236f7ee69ac)
		b'[unknown]' (6236f7ee9125)
		b'[unknown]' (6236f7eec3a0)
		b'[unknown]' (6236f7eed325)
		b'[unknown]' (6236f7eec7be)
		b'[unknown]' (6236f7eec86f)
		b'[unknown]' (6236f7ee8ad5)
		b'[unknown]' (6236f7ee8bc3)
		b'[unknown]' (6236f7ef1105)
		b'[unknown]' (6236f7ee7eb9)
		b'[unknown]' (6236f7ee7f5b)
		b'[unknown]' (6236f7ef3e5e)
		b'[unknown]' (6236f7ef49e5)
		b'[unknown]' (6236f7ef5066)
		b'[unknown]' (6236f7ef5df5)
		b'[unknown]' (6236f7ed7f38)
		b'[unknown]' (6236fea64b8d)
		b'[unknown]' (6236fea65171)
		b'[unknown]' (6236fea651e4)
		b'[unknown]' (6236fea65273)
		b'[unknown]' (6236fea652d7)
		b'[unknown]' (6236fea6581e)
		b'[unknown]' (6236fea65a0e)
		b'[unknown]' (6236fea65aad)
		b'[unknown]' (6236fea65b3b)
		b'[unknown]' (6236fea666ca)
		b'[unknown]' (6236fea6678b)
		b'[unknown]' (6236fea6797d)
		b'[unknown]' (6236f7d88dd2)
		b'[unknown]' (6236fea6b3d9)
		b'[unknown]' (6236fea6c3d5)
		b'[unknown]' (6236fea6b380)
		b'[unknown]' (6236fea6c529)
		b'[unknown]' (6236f7d88dd2)
		b'[unknown]' (6236fee6a91a)
		b'[unknown]' (6236fee67893)
		b'[unknown]' (6236fee6899a)
		b'[unknown]' (6236f8525afc)
		b'[unknown]' (6236fee6d592)
		b'[unknown]' (6236fee6e112)
		b'[unknown]' (6236f8525afc)
		b'[unknown]' (6236fee6d4db)
		b'[unknown]' (7c043a894ac3)

	Not found in mutex_ids. mutex (b'[unknown]') 504dff61aba8 ::: wait time 2.78us ::: hold time 8.14us ::: enter count 1
		b'[unknown]' (6236f9dbad00)
		b'[unknown]' (6236f9dbfc92)
		b'[unknown]' (6236f9d66871)
		b'[unknown]' (6236f9e8a6ec)
		b'[unknown]' (6236f9e431e4)
		b'[unknown]' (6236f9e48204)
		b'[unknown]' (6236f9e48853)
		b'[unknown]' (6236f9e44556)
		b'[unknown]' (6236f9e4660e)
		b'[unknown]' (6236f9e48348)
		b'[unknown]' (6236f9e48853)
		b'[unknown]' (6236f9e61631)
		b'[unknown]' (6236f9e61f53)
		b'[unknown]' (6236f9c930bc)
		b'[unknown]' (6236fce6a31e)
		b'[unknown]' (6236fabcedde)
		b'[unknown]' (6236fabcfc72)
		b'[unknown]' (6236fabd1315)
		b'[unknown]' (6236fa62547f)
		b'[unknown]' (6236fa6257e5)
		b'[unknown]' (6236fa625ca5)
		b'[unknown]' (6236fa6273ec)
		b'[unknown]' (6236fa62808a)
		b'[unknown]' (6236fa62c176)
		b'[unknown]' (6236fa3321c9)
		b'[unknown]' (6236fa33dd18)
		b'[unknown]' (6236fa33e46b)
		b'[unknown]' (6236fa33dd70)
		b'[unknown]' (6236fed9754e)
		b'[unknown]' (6236f7ee69ac)
		b'[unknown]' (6236f7ee9125)
		b'[unknown]' (6236f7eec3a0)
		b'[unknown]' (6236f7eed325)
		b'[unknown]' (6236f7eec7be)
		b'[unknown]' (6236f7eec86f)
		b'[unknown]' (6236f7ee8ad5)
		b'[unknown]' (6236f7ee8bc3)
		b'[unknown]' (6236f7ef1105)
		b'[unknown]' (6236f7ee7eb9)
		b'[unknown]' (6236f7ee7f5b)
		b'[unknown]' (6236f7ef3e5e)
		b'[unknown]' (6236f7ef49e5)
		b'[unknown]' (6236f7ef5066)
		b'[unknown]' (6236f7ef5df5)
		b'[unknown]' (6236f7ed7f38)
		b'[unknown]' (6236fea64b8d)
		b'[unknown]' (6236fea65171)
		b'[unknown]' (6236fea651e4)
		b'[unknown]' (6236fea65273)
		b'[unknown]' (6236fea652d7)
		b'[unknown]' (6236fea6581e)
		b'[unknown]' (6236fea65a0e)
		b'[unknown]' (6236fea65aad)
		b'[unknown]' (6236fea65b3b)
		b'[unknown]' (6236fea666ca)
		b'[unknown]' (6236fea6678b)
		b'[unknown]' (6236fea6797d)
		b'[unknown]' (6236f7d88dd2)
		b'[unknown]' (6236fea6b3d9)
		b'[unknown]' (6236fea6c3d5)
		b'[unknown]' (6236fea6b380)
		b'[unknown]' (6236fea6c529)
		b'[unknown]' (6236f7d88dd2)
		b'[unknown]' (6236fee6a91a)
		b'[unknown]' (6236fee67893)
		b'[unknown]' (6236fee6899a)
		b'[unknown]' (6236f8525afc)
		b'[unknown]' (6236fee6d592)
		b'[unknown]' (6236fee6e112)
		b'[unknown]' (6236f8525afc)
		b'[unknown]' (6236fee6d4db)
		b'[unknown]' (7c043a894ac3)

	Not found in mutex_ids. mutex (b'[unknown]') 504dffc39640 ::: wait time 2.78us ::: hold time 8.07us ::: enter count 1
		b'[unknown]' (6236f7d776a7)
		b'[unknown]' (6236f7d77cac)
		b'[unknown]' (6236f7d9daa5)
		b'[unknown]' (6236f7d87c9d)
		b'[unknown]' (6236f8efa707)
		b'[unknown]' (6236f8ef8ec9)
		b'[unknown]' (6236fc0b1710)
		b'[unknown]' (6236fc0b114c)
		b'[unknown]' (6236fc0af2b9)
		b'[unknown]' (6236fc0af049)
		b'[unknown]' (6236fbf92a10)
		b'[unknown]' (6236fbf92a3b)
		b'[unknown]' (6236fbf929ca)
		b'[unknown]' (6236fbf9288d)
		b'[unknown]' (6236f7d9cab7)
		b'[unknown]' (6236f7d862a3)
		b'[unknown]' (6236f89831bc)
		b'[unknown]' (6236fbf8daaa)
		b'[unknown]' (6236fbf8c9cc)
		b'[unknown]' (6236fbf8ad1b)
		b'[unknown]' (6236fbf8b03d)
		b'[unknown]' (6236fbf8082d)
		b'[unknown]' (6236fbf8130d)
		b'[unknown]' (6236fabed75d)
		b'[unknown]' (6236fabcfebc)
		b'[unknown]' (6236fabd1315)
		b'[unknown]' (6236fa62547f)
		b'[unknown]' (6236fa6257e5)
		b'[unknown]' (6236fa625ca5)
		b'[unknown]' (6236fa6273ec)
		b'[unknown]' (6236fa62808a)
		b'[unknown]' (6236fa62c176)
		b'[unknown]' (6236fa3321c9)
		b'[unknown]' (6236fa33dd18)
		b'[unknown]' (6236fa33e46b)
		b'[unknown]' (6236fa33dd70)
		b'[unknown]' (6236fed9754e)
		b'[unknown]' (6236f7ee69ac)
		b'[unknown]' (6236f7ee9125)
		b'[unknown]' (6236f7eec3a0)
		b'[unknown]' (6236f7eed325)
		b'[unknown]' (6236f7eec7be)
		b'[unknown]' (6236f7eec86f)
		b'[unknown]' (6236f7ee8ad5)
		b'[unknown]' (6236f7ee8bc3)
		b'[unknown]' (6236f7ef1105)
		b'[unknown]' (6236f7ee7eb9)
		b'[unknown]' (6236f7ee7f5b)
		b'[unknown]' (6236f7ef3e5e)
		b'[unknown]' (6236f7ef49e5)
		b'[unknown]' (6236f7ef5066)
		b'[unknown]' (6236f7ef5df5)
		b'[unknown]' (6236f7ed7f38)
		b'[unknown]' (6236fea64b8d)
		b'[unknown]' (6236fea65171)
		b'[unknown]' (6236fea651e4)
		b'[unknown]' (6236fea65273)
		b'[unknown]' (6236fea652d7)
		b'[unknown]' (6236fea6581e)
		b'[unknown]' (6236fea65a0e)
		b'[unknown]' (6236fea65aad)
		b'[unknown]' (6236fea65b3b)
		b'[unknown]' (6236fea666ca)
		b'[unknown]' (6236fea6678b)
		b'[unknown]' (6236fea6797d)
		b'[unknown]' (6236f7d88dd2)
		b'[unknown]' (6236fea6b3d9)
		b'[unknown]' (6236fea6c3d5)
		b'[unknown]' (6236fea6b380)
		b'[unknown]' (6236fea6c529)
		b'[unknown]' (6236f7d88dd2)
		b'[unknown]' (6236fee6a91a)
		b'[unknown]' (6236fee67893)
		b'[unknown]' (6236fee6899a)
		b'[unknown]' (6236f8525afc)
		b'[unknown]' (6236fee6d592)
		b'[unknown]' (6236fee6e112)
		b'[unknown]' (6236f8525afc)
		b'[unknown]' (6236fee6d4db)
		b'[unknown]' (7c043a894ac3)

	Not found in mutex_ids. mutex (b'[unknown]') 504df9790428 ::: wait time 2.76us ::: hold time 8.64us ::: enter count 1
		b'[unknown]' (6236f7d776a7)
		b'[unknown]' (6236f7d77cac)
		b'[unknown]' (6236f7d80eca)
		b'[unknown]' (6236feea0bc6)
		b'[unknown]' (6236fee9948d)
		b'[unknown]' (6236f7eacf5e)
		b'[unknown]' (6236fee9ba34)
		b'[unknown]' (6236fee9956f)
		b'[unknown]' (6236fd146e14)
		b'[unknown]' (6236fabc9e97)
		b'[unknown]' (6236fabcf9a5)
		b'[unknown]' (6236fabd1315)
		b'[unknown]' (6236fa62547f)
		b'[unknown]' (6236fa6257e5)
		b'[unknown]' (6236fa625ca5)
		b'[unknown]' (6236fa6273ec)
		b'[unknown]' (6236fa62808a)
		b'[unknown]' (6236fa62c176)
		b'[unknown]' (6236fa3321c9)
		b'[unknown]' (6236fa33dd18)
		b'[unknown]' (6236fa33e46b)
		b'[unknown]' (6236fa33dd70)
		b'[unknown]' (6236fed9754e)
		b'[unknown]' (6236f7ee69ac)
		b'[unknown]' (6236f7ee9125)
		b'[unknown]' (6236f7eec3a0)
		b'[unknown]' (6236f7eed325)
		b'[unknown]' (6236f7eec7be)
		b'[unknown]' (6236f7eec86f)
		b'[unknown]' (6236f7ee8ad5)
		b'[unknown]' (6236f7ee8bc3)
		b'[unknown]' (6236f7ef1105)
		b'[unknown]' (6236f7ee7eb9)
		b'[unknown]' (6236f7ee7f5b)
		b'[unknown]' (6236f7ef3e5e)
		b'[unknown]' (6236f7ef49e5)
		b'[unknown]' (6236f7ef5066)
		b'[unknown]' (6236f7ef5df5)
		b'[unknown]' (6236f7ed7f38)
		b'[unknown]' (6236fea64b8d)
		b'[unknown]' (6236fea65171)
		b'[unknown]' (6236fea651e4)
		b'[unknown]' (6236fea65273)
		b'[unknown]' (6236fea652d7)
		b'[unknown]' (6236fea6581e)
		b'[unknown]' (6236fea65a0e)
		b'[unknown]' (6236fea65aad)
		b'[unknown]' (6236fea65b3b)
		b'[unknown]' (6236fea666ca)
		b'[unknown]' (6236fea6678b)
		b'[unknown]' (6236fea6797d)
		b'[unknown]' (6236f7d88dd2)
		b'[unknown]' (6236fea6b3d9)
		b'[unknown]' (6236fea6c3d5)
		b'[unknown]' (6236fea6b380)
		b'[unknown]' (6236fea6c529)
		b'[unknown]' (6236f7d88dd2)
		b'[unknown]' (6236fee6a91a)
		b'[unknown]' (6236fee67893)
		b'[unknown]' (6236fee6899a)
		b'[unknown]' (6236f8525afc)
		b'[unknown]' (6236fee6d592)
		b'[unknown]' (6236fee6e112)
		b'[unknown]' (6236f8525afc)
		b'[unknown]' (6236fee6d4db)
		b'[unknown]' (7c043a894ac3)

	Not found in mutex_ids. mutex (b'[unknown]') 504dffc392c0 ::: wait time 2.76us ::: hold time 8.41us ::: enter count 1
		b'[unknown]' (6236f7d776a7)
		b'[unknown]' (6236f7d77cac)
		b'[unknown]' (6236f7d9daa5)
		b'[unknown]' (6236f7d87c9d)
		b'[unknown]' (6236f8efa707)
		b'[unknown]' (6236f8ef8ec9)
		b'[unknown]' (6236fc0b1710)
		b'[unknown]' (6236fc0b114c)
		b'[unknown]' (6236fc0af2b9)
		b'[unknown]' (6236fc0af049)
		b'[unknown]' (6236fbf92a10)
		b'[unknown]' (6236fbf92a3b)
		b'[unknown]' (6236fbf929ca)
		b'[unknown]' (6236fbf9288d)
		b'[unknown]' (6236f7d9cab7)
		b'[unknown]' (6236f7d862a3)
		b'[unknown]' (6236f89831bc)
		b'[unknown]' (6236fbf8daaa)
		b'[unknown]' (6236fbf8c9cc)
		b'[unknown]' (6236fbf8ad1b)
		b'[unknown]' (6236fbf8b03d)
		b'[unknown]' (6236fbf8082d)
		b'[unknown]' (6236fbf8130d)
		b'[unknown]' (6236fabed75d)
		b'[unknown]' (6236fabcfebc)
		b'[unknown]' (6236fabd1315)
		b'[unknown]' (6236fa62547f)
		b'[unknown]' (6236fa6257e5)
		b'[unknown]' (6236fa625ca5)
		b'[unknown]' (6236fa6273ec)
		b'[unknown]' (6236fa62808a)
		b'[unknown]' (6236fa62c176)
		b'[unknown]' (6236fa3321c9)
		b'[unknown]' (6236fa33dd18)
		b'[unknown]' (6236fa33e46b)
		b'[unknown]' (6236fa33dd70)
		b'[unknown]' (6236fed9754e)
		b'[unknown]' (6236f7ee69ac)
		b'[unknown]' (6236f7ee9125)
		b'[unknown]' (6236f7eec3a0)
		b'[unknown]' (6236f7eed325)
		b'[unknown]' (6236f7eec7be)
		b'[unknown]' (6236f7eec86f)
		b'[unknown]' (6236f7ee8ad5)
		b'[unknown]' (6236f7ee8bc3)
		b'[unknown]' (6236f7ef1105)
		b'[unknown]' (6236f7ee7eb9)
		b'[unknown]' (6236f7ee7f5b)
		b'[unknown]' (6236f7ef3e5e)
		b'[unknown]' (6236f7ef49e5)
		b'[unknown]' (6236f7ef5066)
		b'[unknown]' (6236f7ef5df5)
		b'[unknown]' (6236f7ed7f38)
		b'[unknown]' (6236fea64b8d)
		b'[unknown]' (6236fea65171)
		b'[unknown]' (6236fea651e4)
		b'[unknown]' (6236fea65273)
		b'[unknown]' (6236fea652d7)
		b'[unknown]' (6236fea6581e)
		b'[unknown]' (6236fea65a0e)
		b'[unknown]' (6236fea65aad)
		b'[unknown]' (6236fea65b3b)
		b'[unknown]' (6236fea666ca)
		b'[unknown]' (6236fea6678b)
		b'[unknown]' (6236fea6797d)
		b'[unknown]' (6236f7d88dd2)
		b'[unknown]' (6236fea6b3d9)
		b'[unknown]' (6236fea6c3d5)
		b'[unknown]' (6236fea6b380)
		b'[unknown]' (6236fea6c529)
		b'[unknown]' (6236f7d88dd2)
		b'[unknown]' (6236fee6a91a)
		b'[unknown]' (6236fee67893)
		b'[unknown]' (6236fee6899a)
		b'[unknown]' (6236f8525afc)
		b'[unknown]' (6236fee6d592)
		b'[unknown]' (6236fee6e112)
		b'[unknown]' (6236f8525afc)
		b'[unknown]' (6236fee6d4db)
		b'[unknown]' (7c043a894ac3)

	Not found in mutex_ids. mutex (b'[unknown]') 504df9790428 ::: wait time 2.75us ::: hold time 8.70us ::: enter count 1
		b'[unknown]' (6236f7d776a7)
		b'[unknown]' (6236f7d77cac)
		b'[unknown]' (6236f7d80eca)
		b'[unknown]' (6236feea0bc6)
		b'[unknown]' (6236fee9948d)
		b'[unknown]' (6236feea0838)
		b'[unknown]' (6236fee9ba64)
		b'[unknown]' (6236fee996a4)
		b'[unknown]' (6236fce6a11c)
		b'[unknown]' (6236fabcedde)
		b'[unknown]' (6236fabcfc72)
		b'[unknown]' (6236fabd1315)
		b'[unknown]' (6236fa62547f)
		b'[unknown]' (6236fa6257e5)
		b'[unknown]' (6236fa625ca5)
		b'[unknown]' (6236fa6273ec)
		b'[unknown]' (6236fa62808a)
		b'[unknown]' (6236fa62c176)
		b'[unknown]' (6236fa3321c9)
		b'[unknown]' (6236fa33dd18)
		b'[unknown]' (6236fa33e46b)
		b'[unknown]' (6236fa33dd70)
		b'[unknown]' (6236fed9754e)
		b'[unknown]' (6236f7ee69ac)
		b'[unknown]' (6236f7ee9125)
		b'[unknown]' (6236f7eec3a0)
		b'[unknown]' (6236f7eed325)
		b'[unknown]' (6236f7eec7be)
		b'[unknown]' (6236f7eec86f)
		b'[unknown]' (6236f7ee8ad5)
		b'[unknown]' (6236f7ee8bc3)
		b'[unknown]' (6236f7ef1105)
		b'[unknown]' (6236f7ee7eb9)
		b'[unknown]' (6236f7ee7f5b)
		b'[unknown]' (6236f7ef3e5e)
		b'[unknown]' (6236f7ef49e5)
		b'[unknown]' (6236f7ef5066)
		b'[unknown]' (6236f7ef5df5)
		b'[unknown]' (6236f7ed7f38)
		b'[unknown]' (6236fea64b8d)
		b'[unknown]' (6236fea65171)
		b'[unknown]' (6236fea651e4)
		b'[unknown]' (6236fea65273)
		b'[unknown]' (6236fea652d7)
		b'[unknown]' (6236fea6581e)
		b'[unknown]' (6236fea65a0e)
		b'[unknown]' (6236fea65aad)
		b'[unknown]' (6236fea65b3b)
		b'[unknown]' (6236fea666ca)
		b'[unknown]' (6236fea6678b)
		b'[unknown]' (6236fea6797d)
		b'[unknown]' (6236f7d88dd2)
		b'[unknown]' (6236fea6b3d9)
		b'[unknown]' (6236fea6c3d5)
		b'[unknown]' (6236fea6b380)
		b'[unknown]' (6236fea6c529)
		b'[unknown]' (6236f7d88dd2)
		b'[unknown]' (6236fee6a91a)
		b'[unknown]' (6236fee67893)
		b'[unknown]' (6236fee6899a)
		b'[unknown]' (6236f8525afc)
		b'[unknown]' (6236fee6d592)
		b'[unknown]' (6236fee6e112)
		b'[unknown]' (6236f8525afc)
		b'[unknown]' (6236fee6d4db)
		b'[unknown]' (7c043a894ac3)

	Not found in mutex_ids. mutex (b'[unknown]') 504dff5fa110 ::: wait time 2.74us ::: hold time 11.81us ::: enter count 1
		b'[unknown]' (6236f9de9418)
		b'[unknown]' (6236f9de9766)
		b'[unknown]' (6236f9debc77)
		b'[unknown]' (6236f9de1017)
		b'[unknown]' (6236f9de0ad7)
		b'[unknown]' (6236f9ee9067)
		b'[unknown]' (6236f9ee9619)
		b'[unknown]' (6236f9e080f3)
		b'[unknown]' (6236f9e484f0)
		b'[unknown]' (6236f9e48853)
		b'[unknown]' (6236f9e61631)
		b'[unknown]' (6236f9e61f53)
		b'[unknown]' (6236f9c66490)
		b'[unknown]' (6236f9c94e55)
		b'[unknown]' (6236fce6a92b)
		b'[unknown]' (6236fab86073)
		b'[unknown]' (6236fbf8113e)
		b'[unknown]' (6236fabed75d)
		b'[unknown]' (6236fabcfebc)
		b'[unknown]' (6236fabd1315)
		b'[unknown]' (6236fa62547f)
		b'[unknown]' (6236fa6257e5)
		b'[unknown]' (6236fa625ca5)
		b'[unknown]' (6236fa6273ec)
		b'[unknown]' (6236fa62808a)
		b'[unknown]' (6236fa62c176)
		b'[unknown]' (6236fa3321c9)
		b'[unknown]' (6236fa33dd18)
		b'[unknown]' (6236fa33e46b)
		b'[unknown]' (6236fa33dd70)
		b'[unknown]' (6236fed9754e)
		b'[unknown]' (6236f7ee69ac)
		b'[unknown]' (6236f7ee9125)
		b'[unknown]' (6236f7eec3a0)
		b'[unknown]' (6236f7eed325)
		b'[unknown]' (6236f7eec7be)
		b'[unknown]' (6236f7eec86f)
		b'[unknown]' (6236f7ee8ad5)
		b'[unknown]' (6236f7ee8bc3)
		b'[unknown]' (6236f7ef1105)
		b'[unknown]' (6236f7ee7eb9)
		b'[unknown]' (6236f7ee7f5b)
		b'[unknown]' (6236f7ef3e5e)
		b'[unknown]' (6236f7ef49e5)
		b'[unknown]' (6236f7ef5066)
		b'[unknown]' (6236f7ef5df5)
		b'[unknown]' (6236f7ed7f38)
		b'[unknown]' (6236fea64b8d)
		b'[unknown]' (6236fea65171)
		b'[unknown]' (6236fea651e4)
		b'[unknown]' (6236fea65273)
		b'[unknown]' (6236fea652d7)
		b'[unknown]' (6236fea6581e)
		b'[unknown]' (6236fea65a0e)
		b'[unknown]' (6236fea65aad)
		b'[unknown]' (6236fea65b3b)
		b'[unknown]' (6236fea666ca)
		b'[unknown]' (6236fea6678b)
		b'[unknown]' (6236fea6797d)
		b'[unknown]' (6236f7d88dd2)
		b'[unknown]' (6236fea6b3d9)
		b'[unknown]' (6236fea6c3d5)
		b'[unknown]' (6236fea6b380)
		b'[unknown]' (6236fea6c529)
		b'[unknown]' (6236f7d88dd2)
		b'[unknown]' (6236fee6a91a)
		b'[unknown]' (6236fee67893)
		b'[unknown]' (6236fee6899a)
		b'[unknown]' (6236f8525afc)
		b'[unknown]' (6236fee6d592)
		b'[unknown]' (6236fee6e112)
		b'[unknown]' (6236f8525afc)
		b'[unknown]' (6236fee6d4db)
		b'[unknown]' (7c043a894ac3)

	Not found in mutex_ids. mutex (b'[unknown]') 504dffc39540 ::: wait time 2.73us ::: hold time 8.09us ::: enter count 1
		b'[unknown]' (6236f7d776a7)
		b'[unknown]' (6236f7d77cac)
		b'[unknown]' (6236f7d9daa5)
		b'[unknown]' (6236f7d87c9d)
		b'[unknown]' (6236f8efa707)
		b'[unknown]' (6236f8ef8ec9)
		b'[unknown]' (6236fc0b1710)
		b'[unknown]' (6236fc0b114c)
		b'[unknown]' (6236fc0af2b9)
		b'[unknown]' (6236fc0af049)
		b'[unknown]' (6236fbf92a10)
		b'[unknown]' (6236fbf92a3b)
		b'[unknown]' (6236fbf929ca)
		b'[unknown]' (6236fbf9288d)
		b'[unknown]' (6236f7d9cab7)
		b'[unknown]' (6236f7d862a3)
		b'[unknown]' (6236f89831bc)
		b'[unknown]' (6236fbf8daaa)
		b'[unknown]' (6236fbf8c9cc)
		b'[unknown]' (6236fbf8ad1b)
		b'[unknown]' (6236fbf8b03d)
		b'[unknown]' (6236fbf8082d)
		b'[unknown]' (6236fbf8130d)
		b'[unknown]' (6236fabed75d)
		b'[unknown]' (6236fabcfebc)
		b'[unknown]' (6236fabd1315)
		b'[unknown]' (6236fa62547f)
		b'[unknown]' (6236fa6257e5)
		b'[unknown]' (6236fa625ca5)
		b'[unknown]' (6236fa6273ec)
		b'[unknown]' (6236fa62808a)
		b'[unknown]' (6236fa62c176)
		b'[unknown]' (6236fa3321c9)
		b'[unknown]' (6236fa33dd18)
		b'[unknown]' (6236fa33e46b)
		b'[unknown]' (6236fa33dd70)
		b'[unknown]' (6236fed9754e)
		b'[unknown]' (6236f7ee69ac)
		b'[unknown]' (6236f7ee9125)
		b'[unknown]' (6236f7eec3a0)
		b'[unknown]' (6236f7eed325)
		b'[unknown]' (6236f7eec7be)
		b'[unknown]' (6236f7eec86f)
		b'[unknown]' (6236f7ee8ad5)
		b'[unknown]' (6236f7ee8bc3)
		b'[unknown]' (6236f7ef1105)
		b'[unknown]' (6236f7ee7eb9)
		b'[unknown]' (6236f7ee7f5b)
		b'[unknown]' (6236f7ef3e5e)
		b'[unknown]' (6236f7ef49e5)
		b'[unknown]' (6236f7ef5066)
		b'[unknown]' (6236f7ef5df5)
		b'[unknown]' (6236f7ed7f38)
		b'[unknown]' (6236fea64b8d)
		b'[unknown]' (6236fea65171)
		b'[unknown]' (6236fea651e4)
		b'[unknown]' (6236fea65273)
		b'[unknown]' (6236fea652d7)
		b'[unknown]' (6236fea6581e)
		b'[unknown]' (6236fea65a0e)
		b'[unknown]' (6236fea65aad)
		b'[unknown]' (6236fea65b3b)
		b'[unknown]' (6236fea666ca)
		b'[unknown]' (6236fea6678b)
		b'[unknown]' (6236fea6797d)
		b'[unknown]' (6236f7d88dd2)
		b'[unknown]' (6236fea6b3d9)
		b'[unknown]' (6236fea6c3d5)
		b'[unknown]' (6236fea6b380)
		b'[unknown]' (6236fea6c529)
		b'[unknown]' (6236f7d88dd2)
		b'[unknown]' (6236fee6a91a)
		b'[unknown]' (6236fee67893)
		b'[unknown]' (6236fee6899a)
		b'[unknown]' (6236f8525afc)
		b'[unknown]' (6236fee6d592)
		b'[unknown]' (6236fee6e112)
		b'[unknown]' (6236f8525afc)
		b'[unknown]' (6236fee6d4db)
		b'[unknown]' (7c043a894ac3)

	Not found in mutex_ids. mutex (b'[unknown]') 504df9790428 ::: wait time 2.73us ::: hold time 8.91us ::: enter count 1
		b'[unknown]' (6236f7d776a7)
		b'[unknown]' (6236f7d77cac)
		b'[unknown]' (6236f7d80eca)
		b'[unknown]' (6236feea0bc6)
		b'[unknown]' (6236fee9948d)
		b'[unknown]' (6236fee9970e)
		b'[unknown]' (6236fcda7515)
		b'[unknown]' (6236fcda7490)
		b'[unknown]' (6236fbf81c45)
		b'[unknown]' (6236fabed952)
		b'[unknown]' (6236fabcfebc)
		b'[unknown]' (6236fabd1315)
		b'[unknown]' (6236fa62547f)
		b'[unknown]' (6236fa6257e5)
		b'[unknown]' (6236fa625ca5)
		b'[unknown]' (6236fa6273ec)
		b'[unknown]' (6236fa62808a)
		b'[unknown]' (6236fa62c176)
		b'[unknown]' (6236fa3321c9)
		b'[unknown]' (6236fa33dd18)
		b'[unknown]' (6236fa33e46b)
		b'[unknown]' (6236fa33dd70)
		b'[unknown]' (6236fed9754e)
		b'[unknown]' (6236f7ee69ac)
		b'[unknown]' (6236f7ee9125)
		b'[unknown]' (6236f7eec3a0)
		b'[unknown]' (6236f7eed325)
		b'[unknown]' (6236f7eec7be)
		b'[unknown]' (6236f7eec86f)
		b'[unknown]' (6236f7ee8ad5)
		b'[unknown]' (6236f7ee8bc3)
		b'[unknown]' (6236f7ef1105)
		b'[unknown]' (6236f7ee7eb9)
		b'[unknown]' (6236f7ee7f5b)
		b'[unknown]' (6236f7ef3e5e)
		b'[unknown]' (6236f7ef49e5)
		b'[unknown]' (6236f7ef5066)
		b'[unknown]' (6236f7ef5df5)
		b'[unknown]' (6236f7ed7f38)
		b'[unknown]' (6236fea64b8d)
		b'[unknown]' (6236fea65171)
		b'[unknown]' (6236fea651e4)
		b'[unknown]' (6236fea65273)
		b'[unknown]' (6236fea652d7)
		b'[unknown]' (6236fea6581e)
		b'[unknown]' (6236fea65a0e)
		b'[unknown]' (6236fea65aad)
		b'[unknown]' (6236fea65b3b)
		b'[unknown]' (6236fea666ca)
		b'[unknown]' (6236fea6678b)
		b'[unknown]' (6236fea6797d)
		b'[unknown]' (6236f7d88dd2)
		b'[unknown]' (6236fea6b3d9)
		b'[unknown]' (6236fea6c3d5)
		b'[unknown]' (6236fea6b380)
		b'[unknown]' (6236fea6c529)
		b'[unknown]' (6236f7d88dd2)
		b'[unknown]' (6236fee6a91a)
		b'[unknown]' (6236fee67893)
		b'[unknown]' (6236fee6899a)
		b'[unknown]' (6236f8525afc)
		b'[unknown]' (6236fee6d592)
		b'[unknown]' (6236fee6e112)
		b'[unknown]' (6236f8525afc)
		b'[unknown]' (6236fee6d4db)
		b'[unknown]' (7c043a894ac3)

	Not found in mutex_ids. mutex (b'[unknown]') 504dffaad2b0 ::: wait time 2.72us ::: hold time 9.26us ::: enter count 1
		b'[unknown]' (6236f7d776a7)
		b'[unknown]' (6236f7d77cac)
		b'[unknown]' (6236f7d87796)
		b'[unknown]' (6236f9d11ec3)
		b'[unknown]' (6236f9d29cba)
		b'[unknown]' (6236f9cd021b)
		b'[unknown]' (6236f9ca6397)
		b'[unknown]' (6236f9c9477a)
		b'[unknown]' (6236fce6a495)
		b'[unknown]' (6236fabcedde)
		b'[unknown]' (6236fabcfc72)
		b'[unknown]' (6236fabd1315)
		b'[unknown]' (6236fa62547f)
		b'[unknown]' (6236fa6257e5)
		b'[unknown]' (6236fa625ca5)
		b'[unknown]' (6236fa6273ec)
		b'[unknown]' (6236fa62808a)
		b'[unknown]' (6236fa62c176)
		b'[unknown]' (6236fa3321c9)
		b'[unknown]' (6236fa33dd18)
		b'[unknown]' (6236fa33e46b)
		b'[unknown]' (6236fa33dd70)
		b'[unknown]' (6236fed9754e)
		b'[unknown]' (6236f7ee69ac)
		b'[unknown]' (6236f7ee9125)
		b'[unknown]' (6236f7eec3a0)
		b'[unknown]' (6236f7eed325)
		b'[unknown]' (6236f7eec7be)
		b'[unknown]' (6236f7eec86f)
		b'[unknown]' (6236f7ee8ad5)
		b'[unknown]' (6236f7ee8bc3)
		b'[unknown]' (6236f7ef1105)
		b'[unknown]' (6236f7ee7eb9)
		b'[unknown]' (6236f7ee7f5b)
		b'[unknown]' (6236f7ef3e5e)
		b'[unknown]' (6236f7ef49e5)
		b'[unknown]' (6236f7ef5066)
		b'[unknown]' (6236f7ef5df5)
		b'[unknown]' (6236f7ed7f38)
		b'[unknown]' (6236fea64b8d)
		b'[unknown]' (6236fea65171)
		b'[unknown]' (6236fea651e4)
		b'[unknown]' (6236fea65273)
		b'[unknown]' (6236fea652d7)
		b'[unknown]' (6236fea6581e)
		b'[unknown]' (6236fea65a0e)
		b'[unknown]' (6236fea65aad)
		b'[unknown]' (6236fea65b3b)
		b'[unknown]' (6236fea666ca)
		b'[unknown]' (6236fea6678b)
		b'[unknown]' (6236fea6797d)
		b'[unknown]' (6236f7d88dd2)
		b'[unknown]' (6236fea6b3d9)
		b'[unknown]' (6236fea6c3d5)
		b'[unknown]' (6236fea6b380)
		b'[unknown]' (6236fea6c529)
		b'[unknown]' (6236f7d88dd2)
		b'[unknown]' (6236fee6a91a)
		b'[unknown]' (6236fee67893)
		b'[unknown]' (6236fee6899a)
		b'[unknown]' (6236f8525afc)
		b'[unknown]' (6236fee6d592)
		b'[unknown]' (6236fee6e112)
		b'[unknown]' (6236f8525afc)
		b'[unknown]' (6236fee6d4db)
		b'[unknown]' (7c043a894ac3)

	Not found in mutex_ids. mutex (b'[unknown]') 504df9790428 ::: wait time 2.72us ::: hold time 9.75us ::: enter count 1
		b'[unknown]' (6236f7d776a7)
		b'[unknown]' (6236f7d77cac)
		b'[unknown]' (6236f7d80eca)
		b'[unknown]' (6236feea0bc6)
		b'[unknown]' (6236fee9948d)
		b'[unknown]' (6236feea0838)
		b'[unknown]' (6236fee9ba64)
		b'[unknown]' (6236fee996a4)
		b'[unknown]' (6236fabcf458)
		b'[unknown]' (6236fabd1315)
		b'[unknown]' (6236fa62547f)
		b'[unknown]' (6236fa6257e5)
		b'[unknown]' (6236fa625ca5)
		b'[unknown]' (6236fa6273ec)
		b'[unknown]' (6236fa62808a)
		b'[unknown]' (6236fa62c176)
		b'[unknown]' (6236fa3321c9)
		b'[unknown]' (6236fa33dd18)
		b'[unknown]' (6236fa33e46b)
		b'[unknown]' (6236fa33dd70)
		b'[unknown]' (6236fed9754e)
		b'[unknown]' (6236f7ee69ac)
		b'[unknown]' (6236f7ee9125)
		b'[unknown]' (6236f7eec3a0)
		b'[unknown]' (6236f7eed325)
		b'[unknown]' (6236f7eec7be)
		b'[unknown]' (6236f7eec86f)
		b'[unknown]' (6236f7ee8ad5)
		b'[unknown]' (6236f7ee8bc3)
		b'[unknown]' (6236f7ef1105)
		b'[unknown]' (6236f7ee7eb9)
		b'[unknown]' (6236f7ee7f5b)
		b'[unknown]' (6236f7ef3e5e)
		b'[unknown]' (6236f7ef49e5)
		b'[unknown]' (6236f7ef5066)
		b'[unknown]' (6236f7ef5df5)
		b'[unknown]' (6236f7ed7f38)
		b'[unknown]' (6236fea64b8d)
		b'[unknown]' (6236fea65171)
		b'[unknown]' (6236fea651e4)
		b'[unknown]' (6236fea65273)
		b'[unknown]' (6236fea652d7)
		b'[unknown]' (6236fea6581e)
		b'[unknown]' (6236fea65a0e)
		b'[unknown]' (6236fea65aad)
		b'[unknown]' (6236fea65b3b)
		b'[unknown]' (6236fea666ca)
		b'[unknown]' (6236fea6678b)
		b'[unknown]' (6236fea6797d)
		b'[unknown]' (6236f7d88dd2)
		b'[unknown]' (6236fea6b3d9)
		b'[unknown]' (6236fea6c3d5)
		b'[unknown]' (6236fea6b380)
		b'[unknown]' (6236fea6c529)
		b'[unknown]' (6236f7d88dd2)
		b'[unknown]' (6236fee6a91a)
		b'[unknown]' (6236fee67893)
		b'[unknown]' (6236fee6899a)
		b'[unknown]' (6236f8525afc)
		b'[unknown]' (6236fee6d592)
		b'[unknown]' (6236fee6e112)
		b'[unknown]' (6236f8525afc)
		b'[unknown]' (6236fee6d4db)
		b'[unknown]' (7c043a894ac3)

	Not found in mutex_ids. mutex (b'[unknown]') 504df9790428 ::: wait time 2.72us ::: hold time 7.79us ::: enter count 1
		b'[unknown]' (6236f7d776a7)
		b'[unknown]' (6236f7d77cac)
		b'[unknown]' (6236f7d80eca)
		b'[unknown]' (6236feea0bc6)
		b'[unknown]' (6236fee9948d)
		b'[unknown]' (6236fee9970e)
		b'[unknown]' (6236fcda7515)
		b'[unknown]' (6236fcda7490)
		b'[unknown]' (6236fabed4d9)
		b'[unknown]' (6236fabcfebc)
		b'[unknown]' (6236fabd1315)
		b'[unknown]' (6236fa62547f)
		b'[unknown]' (6236fa6257e5)
		b'[unknown]' (6236fa625ca5)
		b'[unknown]' (6236fa6273ec)
		b'[unknown]' (6236fa62808a)
		b'[unknown]' (6236fa62c176)
		b'[unknown]' (6236fa3321c9)
		b'[unknown]' (6236fa33dd18)
		b'[unknown]' (6236fa33e46b)
		b'[unknown]' (6236fa33dd70)
		b'[unknown]' (6236fed9754e)
		b'[unknown]' (6236f7ee69ac)
		b'[unknown]' (6236f7ee9125)
		b'[unknown]' (6236f7eec3a0)
		b'[unknown]' (6236f7eed325)
		b'[unknown]' (6236f7eec7be)
		b'[unknown]' (6236f7eec86f)
		b'[unknown]' (6236f7ee8ad5)
		b'[unknown]' (6236f7ee8bc3)
		b'[unknown]' (6236f7ef1105)
		b'[unknown]' (6236f7ee7eb9)
		b'[unknown]' (6236f7ee7f5b)
		b'[unknown]' (6236f7ef3e5e)
		b'[unknown]' (6236f7ef49e5)
		b'[unknown]' (6236f7ef5066)
		b'[unknown]' (6236f7ef5df5)
		b'[unknown]' (6236f7ed7f38)
		b'[unknown]' (6236fea64b8d)
		b'[unknown]' (6236fea65171)
		b'[unknown]' (6236fea651e4)
		b'[unknown]' (6236fea65273)
		b'[unknown]' (6236fea652d7)
		b'[unknown]' (6236fea6581e)
		b'[unknown]' (6236fea65a0e)
		b'[unknown]' (6236fea65aad)
		b'[unknown]' (6236fea65b3b)
		b'[unknown]' (6236fea666ca)
		b'[unknown]' (6236fea6678b)
		b'[unknown]' (6236fea6797d)
		b'[unknown]' (6236f7d88dd2)
		b'[unknown]' (6236fea6b3d9)
		b'[unknown]' (6236fea6c3d5)
		b'[unknown]' (6236fea6b380)
		b'[unknown]' (6236fea6c529)
		b'[unknown]' (6236f7d88dd2)
		b'[unknown]' (6236fee6a91a)
		b'[unknown]' (6236fee67893)
		b'[unknown]' (6236fee6899a)
		b'[unknown]' (6236f8525afc)
		b'[unknown]' (6236fee6d592)
		b'[unknown]' (6236fee6e112)
		b'[unknown]' (6236f8525afc)
		b'[unknown]' (6236fee6d4db)
		b'[unknown]' (7c043a894ac3)

	Not found in mutex_ids. mutex (b'[unknown]') 504df9790428 ::: wait time 2.72us ::: hold time 8.51us ::: enter count 1
		b'[unknown]' (1571c39)
		b'[unknown]' (1563209)
		b'[unknown]' (1575998)
		b'[unknown]' (1563d18)
		b'[unknown]' (a43dd5)
		b'[unknown]' (b4bab6)
		b'[unknown]' (acd3f2)
		b'[unknown]' (75544ee29d90)

	Not found in mutex_ids. mutex (b'[unknown]') 504dffc395c0 ::: wait time 2.72us ::: hold time 9.55us ::: enter count 1
		b'[unknown]' (6236f7d776a7)
		b'[unknown]' (6236f7d77cac)
		b'[unknown]' (6236f7d9daa5)
		b'[unknown]' (6236f7d87c9d)
		b'[unknown]' (6236f8efa707)
		b'[unknown]' (6236f8ef8ec9)
		b'[unknown]' (6236fc0b1710)
		b'[unknown]' (6236fc0b114c)
		b'[unknown]' (6236fc0af2b9)
		b'[unknown]' (6236fc0af049)
		b'[unknown]' (6236fbf92a10)
		b'[unknown]' (6236fbf92a3b)
		b'[unknown]' (6236fbf929ca)
		b'[unknown]' (6236fbf9288d)
		b'[unknown]' (6236f7d9cab7)
		b'[unknown]' (6236f7d862a3)
		b'[unknown]' (6236f89831bc)
		b'[unknown]' (6236fbf8daaa)
		b'[unknown]' (6236fbf8c9cc)
		b'[unknown]' (6236fbf8ad1b)
		b'[unknown]' (6236fbf8b03d)
		b'[unknown]' (6236fbf8082d)
		b'[unknown]' (6236fbf8130d)
		b'[unknown]' (6236fabed75d)
		b'[unknown]' (6236fabcfebc)
		b'[unknown]' (6236fabd1315)
		b'[unknown]' (6236fa62547f)
		b'[unknown]' (6236fa6257e5)
		b'[unknown]' (6236fa625ca5)
		b'[unknown]' (6236fa6273ec)
		b'[unknown]' (6236fa62808a)
		b'[unknown]' (6236fa62c176)
		b'[unknown]' (6236fa3321c9)
		b'[unknown]' (6236fa33dd18)
		b'[unknown]' (6236fa33e46b)
		b'[unknown]' (6236fa33dd70)
		b'[unknown]' (6236fed9754e)
		b'[unknown]' (6236f7ee69ac)
		b'[unknown]' (6236f7ee9125)
		b'[unknown]' (6236f7eec3a0)
		b'[unknown]' (6236f7eed325)
		b'[unknown]' (6236f7eec7be)
		b'[unknown]' (6236f7eec86f)
		b'[unknown]' (6236f7ee8ad5)
		b'[unknown]' (6236f7ee8bc3)
		b'[unknown]' (6236f7ef1105)
		b'[unknown]' (6236f7ee7eb9)
		b'[unknown]' (6236f7ee7f5b)
		b'[unknown]' (6236f7ef3e5e)
		b'[unknown]' (6236f7ef49e5)
		b'[unknown]' (6236f7ef5066)
		b'[unknown]' (6236f7ef5df5)
		b'[unknown]' (6236f7ed7f38)
		b'[unknown]' (6236fea64b8d)
		b'[unknown]' (6236fea65171)
		b'[unknown]' (6236fea651e4)
		b'[unknown]' (6236fea65273)
		b'[unknown]' (6236fea652d7)
		b'[unknown]' (6236fea6581e)
		b'[unknown]' (6236fea65a0e)
		b'[unknown]' (6236fea65aad)
		b'[unknown]' (6236fea65b3b)
		b'[unknown]' (6236fea666ca)
		b'[unknown]' (6236fea6678b)
		b'[unknown]' (6236fea6797d)
		b'[unknown]' (6236f7d88dd2)
		b'[unknown]' (6236fea6b3d9)
		b'[unknown]' (6236fea6c3d5)
		b'[unknown]' (6236fea6b380)
		b'[unknown]' (6236fea6c529)
		b'[unknown]' (6236f7d88dd2)
		b'[unknown]' (6236fee6a91a)
		b'[unknown]' (6236fee67893)
		b'[unknown]' (6236fee6899a)
		b'[unknown]' (6236f8525afc)
		b'[unknown]' (6236fee6d592)
		b'[unknown]' (6236fee6e112)
		b'[unknown]' (6236f8525afc)
		b'[unknown]' (6236fee6d4db)
		b'[unknown]' (7c043a894ac3)

	Not found in mutex_ids. mutex (b'[unknown]') 504df9790428 ::: wait time 2.71us ::: hold time 7.80us ::: enter count 1
		b'[unknown]' (6236f7d776a7)
		b'[unknown]' (6236f7d77cac)
		b'[unknown]' (6236f7d80eca)
		b'[unknown]' (6236feea0bc6)
		b'[unknown]' (6236fee9948d)
		b'[unknown]' (6236f7efb57c)
		b'[unknown]' (6236fee995d1)
		b'[unknown]' (6236fd146e14)
		b'[unknown]' (6236fabc9e97)
		b'[unknown]' (6236fabcf9a5)
		b'[unknown]' (6236fabd1315)
		b'[unknown]' (6236fa62547f)
		b'[unknown]' (6236fa6257e5)
		b'[unknown]' (6236fa625ca5)
		b'[unknown]' (6236fa6273ec)
		b'[unknown]' (6236fa62808a)
		b'[unknown]' (6236fa62c176)
		b'[unknown]' (6236fa3321c9)
		b'[unknown]' (6236fa33dd18)
		b'[unknown]' (6236fa33e46b)
		b'[unknown]' (6236fa33dd70)
		b'[unknown]' (6236fed9754e)
		b'[unknown]' (6236f7ee69ac)
		b'[unknown]' (6236f7ee9125)
		b'[unknown]' (6236f7eec3a0)
		b'[unknown]' (6236f7eed325)
		b'[unknown]' (6236f7eec7be)
		b'[unknown]' (6236f7eec86f)
		b'[unknown]' (6236f7ee8ad5)
		b'[unknown]' (6236f7ee8bc3)
		b'[unknown]' (6236f7ef1105)
		b'[unknown]' (6236f7ee7eb9)
		b'[unknown]' (6236f7ee7f5b)
		b'[unknown]' (6236f7ef3e5e)
		b'[unknown]' (6236f7ef49e5)
		b'[unknown]' (6236f7ef5066)
		b'[unknown]' (6236f7ef5df5)
		b'[unknown]' (6236f7ed7f38)
		b'[unknown]' (6236fea64b8d)
		b'[unknown]' (6236fea65171)
		b'[unknown]' (6236fea651e4)
		b'[unknown]' (6236fea65273)
		b'[unknown]' (6236fea652d7)
		b'[unknown]' (6236fea6581e)
		b'[unknown]' (6236fea65a0e)
		b'[unknown]' (6236fea65aad)
		b'[unknown]' (6236fea65b3b)
		b'[unknown]' (6236fea666ca)
		b'[unknown]' (6236fea6678b)
		b'[unknown]' (6236fea6797d)
		b'[unknown]' (6236f7d88dd2)
		b'[unknown]' (6236fea6b3d9)
		b'[unknown]' (6236fea6c3d5)
		b'[unknown]' (6236fea6b380)
		b'[unknown]' (6236fea6c529)
		b'[unknown]' (6236f7d88dd2)
		b'[unknown]' (6236fee6a91a)
		b'[unknown]' (6236fee67893)
		b'[unknown]' (6236fee6899a)
		b'[unknown]' (6236f8525afc)
		b'[unknown]' (6236fee6d592)
		b'[unknown]' (6236fee6e112)
		b'[unknown]' (6236f8525afc)
		b'[unknown]' (6236fee6d4db)
		b'[unknown]' (7c043a894ac3)

	Not found in mutex_ids. mutex (b'[unknown]') 504df9790428 ::: wait time 2.70us ::: hold time 7.11us ::: enter count 1
		b'[unknown]' (6236f7d776a7)
		b'[unknown]' (6236f7d77cac)
		b'[unknown]' (6236f7d80eca)
		b'[unknown]' (6236feea0bc6)
		b'[unknown]' (6236fee9948d)
		b'[unknown]' (6236fee9970e)
		b'[unknown]' (6236fcda7553)
		b'[unknown]' (6236fcda7490)
		b'[unknown]' (6236fabed4d9)
		b'[unknown]' (6236fabcfebc)
		b'[unknown]' (6236fabd1315)
		b'[unknown]' (6236fa62547f)
		b'[unknown]' (6236fa6257e5)
		b'[unknown]' (6236fa625ca5)
		b'[unknown]' (6236fa6273ec)
		b'[unknown]' (6236fa62808a)
		b'[unknown]' (6236fa62c176)
		b'[unknown]' (6236fa3321c9)
		b'[unknown]' (6236fa33dd18)
		b'[unknown]' (6236fa33e46b)
		b'[unknown]' (6236fa33dd70)
		b'[unknown]' (6236fed9754e)
		b'[unknown]' (6236f7ee69ac)
		b'[unknown]' (6236f7ee9125)
		b'[unknown]' (6236f7eec3a0)
		b'[unknown]' (6236f7eed325)
		b'[unknown]' (6236f7eec7be)
		b'[unknown]' (6236f7eec86f)
		b'[unknown]' (6236f7ee8ad5)
		b'[unknown]' (6236f7ee8bc3)
		b'[unknown]' (6236f7ef1105)
		b'[unknown]' (6236f7ee7eb9)
		b'[unknown]' (6236f7ee7f5b)
		b'[unknown]' (6236f7ef3e5e)
		b'[unknown]' (6236f7ef49e5)
		b'[unknown]' (6236f7ef5066)
		b'[unknown]' (6236f7ef5df5)
		b'[unknown]' (6236f7ed7f38)
		b'[unknown]' (6236fea64b8d)
		b'[unknown]' (6236fea65171)
		b'[unknown]' (6236fea651e4)
		b'[unknown]' (6236fea65273)
		b'[unknown]' (6236fea652d7)
		b'[unknown]' (6236fea6581e)
		b'[unknown]' (6236fea65a0e)
		b'[unknown]' (6236fea65aad)
		b'[unknown]' (6236fea65b3b)
		b'[unknown]' (6236fea666ca)
		b'[unknown]' (6236fea6678b)
		b'[unknown]' (6236fea6797d)
		b'[unknown]' (6236f7d88dd2)
		b'[unknown]' (6236fea6b3d9)
		b'[unknown]' (6236fea6c3d5)
		b'[unknown]' (6236fea6b380)
		b'[unknown]' (6236fea6c529)
		b'[unknown]' (6236f7d88dd2)
		b'[unknown]' (6236fee6a91a)
		b'[unknown]' (6236fee67893)
		b'[unknown]' (6236fee6899a)
		b'[unknown]' (6236f8525afc)
		b'[unknown]' (6236fee6d592)
		b'[unknown]' (6236fee6e112)
		b'[unknown]' (6236f8525afc)
		b'[unknown]' (6236fee6d4db)
		b'[unknown]' (7c043a894ac3)

	Not found in mutex_ids. mutex (b'[unknown]') 504df9790428 ::: wait time 2.69us ::: hold time 8.74us ::: enter count 1
		b'[unknown]' (6236f7d776a7)
		b'[unknown]' (6236f7d77cac)
		b'[unknown]' (6236f7d80eca)
		b'[unknown]' (6236feea0bc6)
		b'[unknown]' (6236fee9948d)
		b'[unknown]' (6236feea0838)
		b'[unknown]' (6236fee9ba64)
		b'[unknown]' (6236fee996a4)
		b'[unknown]' (6236fcda7515)
		b'[unknown]' (6236fcda7490)
		b'[unknown]' (6236fbf81c45)
		b'[unknown]' (6236fabed952)
		b'[unknown]' (6236fabcfebc)
		b'[unknown]' (6236fabd1315)
		b'[unknown]' (6236fa62547f)
		b'[unknown]' (6236fa6257e5)
		b'[unknown]' (6236fa625ca5)
		b'[unknown]' (6236fa6273ec)
		b'[unknown]' (6236fa62808a)
		b'[unknown]' (6236fa62c176)
		b'[unknown]' (6236fa3321c9)
		b'[unknown]' (6236fa33dd18)
		b'[unknown]' (6236fa33e46b)
		b'[unknown]' (6236fa33dd70)
		b'[unknown]' (6236fed9754e)
		b'[unknown]' (6236f7ee69ac)
		b'[unknown]' (6236f7ee9125)
		b'[unknown]' (6236f7eec3a0)
		b'[unknown]' (6236f7eed325)
		b'[unknown]' (6236f7eec7be)
		b'[unknown]' (6236f7eec86f)
		b'[unknown]' (6236f7ee8ad5)
		b'[unknown]' (6236f7ee8bc3)
		b'[unknown]' (6236f7ef1105)
		b'[unknown]' (6236f7ee7eb9)
		b'[unknown]' (6236f7ee7f5b)
		b'[unknown]' (6236f7ef3e5e)
		b'[unknown]' (6236f7ef49e5)
		b'[unknown]' (6236f7ef5066)
		b'[unknown]' (6236f7ef5df5)
		b'[unknown]' (6236f7ed7f38)
		b'[unknown]' (6236fea64b8d)
		b'[unknown]' (6236fea65171)
		b'[unknown]' (6236fea651e4)
		b'[unknown]' (6236fea65273)
		b'[unknown]' (6236fea652d7)
		b'[unknown]' (6236fea6581e)
		b'[unknown]' (6236fea65a0e)
		b'[unknown]' (6236fea65aad)
		b'[unknown]' (6236fea65b3b)
		b'[unknown]' (6236fea666ca)
		b'[unknown]' (6236fea6678b)
		b'[unknown]' (6236fea6797d)
		b'[unknown]' (6236f7d88dd2)
		b'[unknown]' (6236fea6b3d9)
		b'[unknown]' (6236fea6c3d5)
		b'[unknown]' (6236fea6b380)
		b'[unknown]' (6236fea6c529)
		b'[unknown]' (6236f7d88dd2)
		b'[unknown]' (6236fee6a91a)
		b'[unknown]' (6236fee67893)
		b'[unknown]' (6236fee6899a)
		b'[unknown]' (6236f8525afc)
		b'[unknown]' (6236fee6d592)
		b'[unknown]' (6236fee6e112)
		b'[unknown]' (6236f8525afc)
		b'[unknown]' (6236fee6d4db)
		b'[unknown]' (7c043a894ac3)

	Not found in mutex_ids. mutex (b'[unknown]') 504dffc39440 ::: wait time 2.68us ::: hold time 8.53us ::: enter count 1
		b'[unknown]' (6236f7d776a7)
		b'[unknown]' (6236f7d77cac)
		b'[unknown]' (6236f7d9daa5)
		b'[unknown]' (6236f7d87c9d)
		b'[unknown]' (6236f8efa707)
		b'[unknown]' (6236f8ef8ec9)
		b'[unknown]' (6236fc0b1710)
		b'[unknown]' (6236fc0b114c)
		b'[unknown]' (6236fc0af2b9)
		b'[unknown]' (6236fc0af049)
		b'[unknown]' (6236fbf92a10)
		b'[unknown]' (6236fbf92a3b)
		b'[unknown]' (6236fbf929ca)
		b'[unknown]' (6236fbf9288d)
		b'[unknown]' (6236f7d9cab7)
		b'[unknown]' (6236f7d862a3)
		b'[unknown]' (6236f89831bc)
		b'[unknown]' (6236fbf8daaa)
		b'[unknown]' (6236fbf8c9cc)
		b'[unknown]' (6236fbf8ad1b)
		b'[unknown]' (6236fbf8b03d)
		b'[unknown]' (6236fbf8082d)
		b'[unknown]' (6236fbf8130d)
		b'[unknown]' (6236fabed75d)
		b'[unknown]' (6236fabcfebc)
		b'[unknown]' (6236fabd1315)
		b'[unknown]' (6236fa62547f)
		b'[unknown]' (6236fa6257e5)
		b'[unknown]' (6236fa625ca5)
		b'[unknown]' (6236fa6273ec)
		b'[unknown]' (6236fa62808a)
		b'[unknown]' (6236fa62c176)
		b'[unknown]' (6236fa3321c9)
		b'[unknown]' (6236fa33dd18)
		b'[unknown]' (6236fa33e46b)
		b'[unknown]' (6236fa33dd70)
		b'[unknown]' (6236fed9754e)
		b'[unknown]' (6236f7ee69ac)
		b'[unknown]' (6236f7ee9125)
		b'[unknown]' (6236f7eec3a0)
		b'[unknown]' (6236f7eed325)
		b'[unknown]' (6236f7eec7be)
		b'[unknown]' (6236f7eec86f)
		b'[unknown]' (6236f7ee8ad5)
		b'[unknown]' (6236f7ee8bc3)
		b'[unknown]' (6236f7ef1105)
		b'[unknown]' (6236f7ee7eb9)
		b'[unknown]' (6236f7ee7f5b)
		b'[unknown]' (6236f7ef3e5e)
		b'[unknown]' (6236f7ef49e5)
		b'[unknown]' (6236f7ef5066)
		b'[unknown]' (6236f7ef5df5)
		b'[unknown]' (6236f7ed7f38)
		b'[unknown]' (6236fea64b8d)
		b'[unknown]' (6236fea65171)
		b'[unknown]' (6236fea651e4)
		b'[unknown]' (6236fea65273)
		b'[unknown]' (6236fea652d7)
		b'[unknown]' (6236fea6581e)
		b'[unknown]' (6236fea65a0e)
		b'[unknown]' (6236fea65aad)
		b'[unknown]' (6236fea65b3b)
		b'[unknown]' (6236fea666ca)
		b'[unknown]' (6236fea6678b)
		b'[unknown]' (6236fea6797d)
		b'[unknown]' (6236f7d88dd2)
		b'[unknown]' (6236fea6b3d9)
		b'[unknown]' (6236fea6c3d5)
		b'[unknown]' (6236fea6b380)
		b'[unknown]' (6236fea6c529)
		b'[unknown]' (6236f7d88dd2)
		b'[unknown]' (6236fee6a91a)
		b'[unknown]' (6236fee67893)
		b'[unknown]' (6236fee6899a)
		b'[unknown]' (6236f8525afc)
		b'[unknown]' (6236fee6d592)
		b'[unknown]' (6236fee6e112)
		b'[unknown]' (6236f8525afc)
		b'[unknown]' (6236fee6d4db)
		b'[unknown]' (7c043a894ac3)

	Not found in mutex_ids. mutex (b'[unknown]') 504df9790428 ::: wait time 2.67us ::: hold time 9.00us ::: enter count 1
		b'[unknown]' (6236f7d776a7)
		b'[unknown]' (6236f7d77cac)
		b'[unknown]' (6236f7d80eca)
		b'[unknown]' (6236feea0bc6)
		b'[unknown]' (6236fee9b7d2)
		b'[unknown]' (6236fee97f34)
		b'[unknown]' (6236fee84cbf)
		b'[unknown]' (6236f949285e)
		b'[unknown]' (6236f94907af)
		b'[unknown]' (6236f948ef38)
		b'[unknown]' (6236f948ee78)
		b'[unknown]' (6236fcd73960)
		b'[unknown]' (6236fcd84c9e)
		b'[unknown]' (6236fcd83414)
		b'[unknown]' (6236fcd8163b)
		b'[unknown]' (6236fcd7f951)
		b'[unknown]' (6236fcd7cc48)
		b'[unknown]' (6236fcd78cdd)
		b'[unknown]' (6236fcd6d02c)
		b'[unknown]' (6236fcd65d21)
		b'[unknown]' (6236f8676266)
		b'[unknown]' (6236f8675bab)
		b'[unknown]' (6236f8ad4d6a)
		b'[unknown]' (6236fa6273c8)
		b'[unknown]' (6236fa62808a)
		b'[unknown]' (6236fa62c176)
		b'[unknown]' (6236fa3321c9)
		b'[unknown]' (6236fa33dd18)
		b'[unknown]' (6236fa33e46b)
		b'[unknown]' (6236fa33dd70)
		b'[unknown]' (6236fed9754e)
		b'[unknown]' (6236f7ee69ac)
		b'[unknown]' (6236f7ee9125)
		b'[unknown]' (6236f7eec3a0)
		b'[unknown]' (6236f7eed325)
		b'[unknown]' (6236f7eec7be)
		b'[unknown]' (6236f7eec86f)
		b'[unknown]' (6236f7ee8ad5)
		b'[unknown]' (6236f7ee8bc3)
		b'[unknown]' (6236f7ef1105)
		b'[unknown]' (6236f7ee7eb9)
		b'[unknown]' (6236f7ee7f5b)
		b'[unknown]' (6236f7ef3e5e)
		b'[unknown]' (6236f7ef49e5)
		b'[unknown]' (6236f7ef5066)
		b'[unknown]' (6236f7ef5df5)
		b'[unknown]' (6236f7ed7f38)
		b'[unknown]' (6236fea64b8d)
		b'[unknown]' (6236fea65171)
		b'[unknown]' (6236fea651e4)
		b'[unknown]' (6236fea65273)
		b'[unknown]' (6236fea652d7)
		b'[unknown]' (6236fea6581e)
		b'[unknown]' (6236fea65a0e)
		b'[unknown]' (6236fea65aad)
		b'[unknown]' (6236fea65b3b)
		b'[unknown]' (6236fea666ca)
		b'[unknown]' (6236fea6678b)
		b'[unknown]' (6236fea6797d)
		b'[unknown]' (6236f7d88dd2)
		b'[unknown]' (6236fea6b3d9)
		b'[unknown]' (6236fea6c3d5)
		b'[unknown]' (6236fea6b380)
		b'[unknown]' (6236fea6c529)
		b'[unknown]' (6236f7d88dd2)
		b'[unknown]' (6236fee6a91a)
		b'[unknown]' (6236fee67893)
		b'[unknown]' (6236fee6899a)
		b'[unknown]' (6236f8525afc)
		b'[unknown]' (6236fee6d592)
		b'[unknown]' (6236fee6e112)
		b'[unknown]' (6236f8525afc)
		b'[unknown]' (6236fee6d4db)
		b'[unknown]' (7c043a894ac3)

	Not found in mutex_ids. mutex (b'[unknown]') 62370724b460 ::: wait time 2.67us ::: hold time 22.66us ::: enter count 1
		b'[unknown]' (6236f7d776a7)
		b'[unknown]' (6236f7d77cac)
		b'[unknown]' (6236f7d87796)
		b'[unknown]' (6236fcd996af)
		b'[unknown]' (6236fcd99c1e)
		b'[unknown]' (6236fcdae3c7)
		b'[unknown]' (6236fcdadd86)
		b'[unknown]' (6236fcdda64a)
		b'[unknown]' (6236fcdc95b8)
		b'[unknown]' (6236fcdbdf34)
		b'[unknown]' (6236f7d91c5f)
		b'[unknown]' (6236ffa43046)
		b'[unknown]' (6236ffa3d5fd)
		b'[unknown]' (6236fa6254dd)
		b'[unknown]' (6236fa6257e5)
		b'[unknown]' (6236fa625ca5)
		b'[unknown]' (6236fa6273ec)
		b'[unknown]' (6236fa62808a)
		b'[unknown]' (6236fa62c176)
		b'[unknown]' (6236fa3321c9)
		b'[unknown]' (6236fa33dd18)
		b'[unknown]' (6236fa33e46b)
		b'[unknown]' (6236fa33dd70)
		b'[unknown]' (6236fed9754e)
		b'[unknown]' (6236f7ee69ac)
		b'[unknown]' (6236f7ee9125)
		b'[unknown]' (6236f7eec3a0)
		b'[unknown]' (6236f7eed325)
		b'[unknown]' (6236f7eec7be)
		b'[unknown]' (6236f7eec86f)
		b'[unknown]' (6236f7ee8ad5)
		b'[unknown]' (6236f7ee8bc3)
		b'[unknown]' (6236f7ef1105)
		b'[unknown]' (6236f7ee7eb9)
		b'[unknown]' (6236f7ee7f5b)
		b'[unknown]' (6236f7ef3e5e)
		b'[unknown]' (6236f7ef49e5)
		b'[unknown]' (6236f7ef5066)
		b'[unknown]' (6236f7ef5df5)
		b'[unknown]' (6236f7ed7f38)
		b'[unknown]' (6236fea64b8d)
		b'[unknown]' (6236fea65171)
		b'[unknown]' (6236fea651e4)
		b'[unknown]' (6236fea65273)
		b'[unknown]' (6236fea652d7)
		b'[unknown]' (6236fea6581e)
		b'[unknown]' (6236fea65a0e)
		b'[unknown]' (6236fea65aad)
		b'[unknown]' (6236fea65b3b)
		b'[unknown]' (6236fea666ca)
		b'[unknown]' (6236fea6678b)
		b'[unknown]' (6236fea6797d)
		b'[unknown]' (6236f7d88dd2)
		b'[unknown]' (6236fea6b3d9)
		b'[unknown]' (6236fea6c3d5)
		b'[unknown]' (6236fea6b380)
		b'[unknown]' (6236fea6c529)
		b'[unknown]' (6236f7d88dd2)
		b'[unknown]' (6236fee6a91a)
		b'[unknown]' (6236fee67893)
		b'[unknown]' (6236fee6899a)
		b'[unknown]' (6236f8525afc)
		b'[unknown]' (6236fee6d592)
		b'[unknown]' (6236fee6e112)
		b'[unknown]' (6236f8525afc)
		b'[unknown]' (6236fee6d4db)
		b'[unknown]' (7c043a894ac3)

	Not found in mutex_ids. mutex (b'[unknown]') 62370724b460 ::: wait time 2.67us ::: hold time 28.65us ::: enter count 1
		b'[unknown]' (6236f7d776a7)
		b'[unknown]' (6236f7d77cac)
		b'[unknown]' (6236f7d87796)
		b'[unknown]' (6236fcd996af)
		b'[unknown]' (6236fcd99c1e)
		b'[unknown]' (6236fcdb0d06)
		b'[unknown]' (6236ffa43977)
		b'[unknown]' (6236ffa43250)
		b'[unknown]' (6236f9d0042d)
		b'[unknown]' (6236f9d00c28)
		b'[unknown]' (6236ffa43352)
		b'[unknown]' (6236ffa3d62a)
		b'[unknown]' (6236fa6254dd)
		b'[unknown]' (6236fa6257e5)
		b'[unknown]' (6236fa625ca5)
		b'[unknown]' (6236fa6273ec)
		b'[unknown]' (6236fa62808a)
		b'[unknown]' (6236fa62c176)
		b'[unknown]' (6236fa3321c9)
		b'[unknown]' (6236fa33dd18)
		b'[unknown]' (6236fa33e46b)
		b'[unknown]' (6236fa33dd70)
		b'[unknown]' (6236fed9754e)
		b'[unknown]' (6236f7ee69ac)
		b'[unknown]' (6236f7ee9125)
		b'[unknown]' (6236f7eec3a0)
		b'[unknown]' (6236f7eed325)
		b'[unknown]' (6236f7eec7be)
		b'[unknown]' (6236f7eec86f)
		b'[unknown]' (6236f7ee8ad5)
		b'[unknown]' (6236f7ee8bc3)
		b'[unknown]' (6236f7ef1105)
		b'[unknown]' (6236f7ee7eb9)
		b'[unknown]' (6236f7ee7f5b)
		b'[unknown]' (6236f7ef3e5e)
		b'[unknown]' (6236f7ef49e5)
		b'[unknown]' (6236f7ef5066)
		b'[unknown]' (6236f7ef5df5)
		b'[unknown]' (6236f7ed7f38)
		b'[unknown]' (6236fea64b8d)
		b'[unknown]' (6236fea65171)
		b'[unknown]' (6236fea651e4)
		b'[unknown]' (6236fea65273)
		b'[unknown]' (6236fea652d7)
		b'[unknown]' (6236fea6581e)
		b'[unknown]' (6236fea65a0e)
		b'[unknown]' (6236fea65aad)
		b'[unknown]' (6236fea65b3b)
		b'[unknown]' (6236fea666ca)
		b'[unknown]' (6236fea6678b)
		b'[unknown]' (6236fea6797d)
		b'[unknown]' (6236f7d88dd2)
		b'[unknown]' (6236fea6b3d9)
		b'[unknown]' (6236fea6c3d5)
		b'[unknown]' (6236fea6b380)
		b'[unknown]' (6236fea6c529)
		b'[unknown]' (6236f7d88dd2)
		b'[unknown]' (6236fee6a91a)
		b'[unknown]' (6236fee67893)
		b'[unknown]' (6236fee6899a)
		b'[unknown]' (6236f8525afc)
		b'[unknown]' (6236fee6d592)
		b'[unknown]' (6236fee6e112)
		b'[unknown]' (6236f8525afc)
		b'[unknown]' (6236fee6d4db)
		b'[unknown]' (7c043a894ac3)

	Not found in mutex_ids. mutex (b'[unknown]') 504df9790428 ::: wait time 2.65us ::: hold time 8.37us ::: enter count 1
		b'[unknown]' (6236f7d776a7)
		b'[unknown]' (6236f7d77cac)
		b'[unknown]' (6236f7d80eca)
		b'[unknown]' (6236feea0bc6)
		b'[unknown]' (6236fee9948d)
		b'[unknown]' (6236f7efb57c)
		b'[unknown]' (6236fee995d1)
		b'[unknown]' (6236fce668cd)
		b'[unknown]' (6236fce6a1e2)
		b'[unknown]' (6236fabcedde)
		b'[unknown]' (6236fabcfc72)
		b'[unknown]' (6236fabd1315)
		b'[unknown]' (6236fa62547f)
		b'[unknown]' (6236fa6257e5)
		b'[unknown]' (6236fa625ca5)
		b'[unknown]' (6236fa6273ec)
		b'[unknown]' (6236fa62808a)
		b'[unknown]' (6236fa62c176)
		b'[unknown]' (6236fa3321c9)
		b'[unknown]' (6236fa33dd18)
		b'[unknown]' (6236fa33e46b)
		b'[unknown]' (6236fa33dd70)
		b'[unknown]' (6236fed9754e)
		b'[unknown]' (6236f7ee69ac)
		b'[unknown]' (6236f7ee9125)
		b'[unknown]' (6236f7eec3a0)
		b'[unknown]' (6236f7eed325)
		b'[unknown]' (6236f7eec7be)
		b'[unknown]' (6236f7eec86f)
		b'[unknown]' (6236f7ee8ad5)
		b'[unknown]' (6236f7ee8bc3)
		b'[unknown]' (6236f7ef1105)
		b'[unknown]' (6236f7ee7eb9)
		b'[unknown]' (6236f7ee7f5b)
		b'[unknown]' (6236f7ef3e5e)
		b'[unknown]' (6236f7ef49e5)
		b'[unknown]' (6236f7ef5066)
		b'[unknown]' (6236f7ef5df5)
		b'[unknown]' (6236f7ed7f38)
		b'[unknown]' (6236fea64b8d)
		b'[unknown]' (6236fea65171)
		b'[unknown]' (6236fea651e4)
		b'[unknown]' (6236fea65273)
		b'[unknown]' (6236fea652d7)
		b'[unknown]' (6236fea6581e)
		b'[unknown]' (6236fea65a0e)
		b'[unknown]' (6236fea65aad)
		b'[unknown]' (6236fea65b3b)
		b'[unknown]' (6236fea666ca)
		b'[unknown]' (6236fea6678b)
		b'[unknown]' (6236fea6797d)
		b'[unknown]' (6236f7d88dd2)
		b'[unknown]' (6236fea6b3d9)
		b'[unknown]' (6236fea6c3d5)
		b'[unknown]' (6236fea6b380)
		b'[unknown]' (6236fea6c529)
		b'[unknown]' (6236f7d88dd2)
		b'[unknown]' (6236fee6a91a)
		b'[unknown]' (6236fee67893)
		b'[unknown]' (6236fee6899a)
		b'[unknown]' (6236f8525afc)
		b'[unknown]' (6236fee6d592)
		b'[unknown]' (6236fee6e112)
		b'[unknown]' (6236f8525afc)
		b'[unknown]' (6236fee6d4db)
		b'[unknown]' (7c043a894ac3)

	Not found in mutex_ids. mutex (b'[unknown]') 504df9790428 ::: wait time 2.65us ::: hold time 7.82us ::: enter count 1
		b'[unknown]' (6236f7d776a7)
		b'[unknown]' (6236f7d77cac)
		b'[unknown]' (6236f7d80eca)
		b'[unknown]' (6236feea0bc6)
		b'[unknown]' (6236fee9a247)
		b'[unknown]' (6236fee97c33)
		b'[unknown]' (6236fee848e8)
		b'[unknown]' (6236fcd47522)
		b'[unknown]' (6236fcd4743e)
		b'[unknown]' (6236fcd47924)
		b'[unknown]' (6236fa6250ce)
		b'[unknown]' (6236fa6257e5)
		b'[unknown]' (6236fa625ca5)
		b'[unknown]' (6236fa6273ec)
		b'[unknown]' (6236fa62808a)
		b'[unknown]' (6236fa62c176)
		b'[unknown]' (6236fa3321c9)
		b'[unknown]' (6236fa33dd18)
		b'[unknown]' (6236fa33e46b)
		b'[unknown]' (6236fa33dd70)
		b'[unknown]' (6236fed9754e)
		b'[unknown]' (6236f7ee69ac)
		b'[unknown]' (6236f7ee9125)
		b'[unknown]' (6236f7eec3a0)
		b'[unknown]' (6236f7eed325)
		b'[unknown]' (6236f7eec7be)
		b'[unknown]' (6236f7eec86f)
		b'[unknown]' (6236f7ee8ad5)
		b'[unknown]' (6236f7ee8bc3)
		b'[unknown]' (6236f7ef1105)
		b'[unknown]' (6236f7ee7eb9)
		b'[unknown]' (6236f7ee7f5b)
		b'[unknown]' (6236f7ef3e5e)
		b'[unknown]' (6236f7ef49e5)
		b'[unknown]' (6236f7ef5066)
		b'[unknown]' (6236f7ef5df5)
		b'[unknown]' (6236f7ed7f38)
		b'[unknown]' (6236fea64b8d)
		b'[unknown]' (6236fea65171)
		b'[unknown]' (6236fea651e4)
		b'[unknown]' (6236fea65273)
		b'[unknown]' (6236fea652d7)
		b'[unknown]' (6236fea6581e)
		b'[unknown]' (6236fea65a0e)
		b'[unknown]' (6236fea65aad)
		b'[unknown]' (6236fea65b3b)
		b'[unknown]' (6236fea666ca)
		b'[unknown]' (6236fea6678b)
		b'[unknown]' (6236fea6797d)
		b'[unknown]' (6236f7d88dd2)
		b'[unknown]' (6236fea6b3d9)
		b'[unknown]' (6236fea6c3d5)
		b'[unknown]' (6236fea6b380)
		b'[unknown]' (6236fea6c529)
		b'[unknown]' (6236f7d88dd2)
		b'[unknown]' (6236fee6a91a)
		b'[unknown]' (6236fee67893)
		b'[unknown]' (6236fee6899a)
		b'[unknown]' (6236f8525afc)
		b'[unknown]' (6236fee6d592)
		b'[unknown]' (6236fee6e112)
		b'[unknown]' (6236f8525afc)
		b'[unknown]' (6236fee6d4db)
		b'[unknown]' (7c043a894ac3)

	Not found in mutex_ids. mutex (b'[unknown]') 504df9790428 ::: wait time 2.63us ::: hold time 8.11us ::: enter count 1
		b'[unknown]' (6236f7d776a7)
		b'[unknown]' (6236f7d77cac)
		b'[unknown]' (6236f7d80eca)
		b'[unknown]' (6236feea0bc6)
		b'[unknown]' (6236fee9a247)
		b'[unknown]' (6236fee977b7)
		b'[unknown]' (6236fee83d5f)
		b'[unknown]' (6236fee83aa6)
		b'[unknown]' (6236fee860ca)
		b'[unknown]' (6236fee85c86)
		b'[unknown]' (6236fee85a16)
		b'[unknown]' (6236fee84742)
		b'[unknown]' (6236fcd47522)
		b'[unknown]' (6236fcd4743e)
		b'[unknown]' (6236fcd47924)
		b'[unknown]' (6236fa6250ce)
		b'[unknown]' (6236fa6257e5)
		b'[unknown]' (6236fa625ca5)
		b'[unknown]' (6236fa6273ec)
		b'[unknown]' (6236fa62808a)
		b'[unknown]' (6236fa62c176)
		b'[unknown]' (6236fa3321c9)
		b'[unknown]' (6236fa33dd18)
		b'[unknown]' (6236fa33e46b)
		b'[unknown]' (6236fa33dd70)
		b'[unknown]' (6236fed9754e)
		b'[unknown]' (6236f7ee69ac)
		b'[unknown]' (6236f7ee9125)
		b'[unknown]' (6236f7eec3a0)
		b'[unknown]' (6236f7eed325)
		b'[unknown]' (6236f7eec7be)
		b'[unknown]' (6236f7eec86f)
		b'[unknown]' (6236f7ee8ad5)
		b'[unknown]' (6236f7ee8bc3)
		b'[unknown]' (6236f7ef1105)
		b'[unknown]' (6236f7ee7eb9)
		b'[unknown]' (6236f7ee7f5b)
		b'[unknown]' (6236f7ef3e5e)
		b'[unknown]' (6236f7ef49e5)
		b'[unknown]' (6236f7ef5066)
		b'[unknown]' (6236f7ef5df5)
		b'[unknown]' (6236f7ed7f38)
		b'[unknown]' (6236fea64b8d)
		b'[unknown]' (6236fea65171)
		b'[unknown]' (6236fea651e4)
		b'[unknown]' (6236fea65273)
		b'[unknown]' (6236fea652d7)
		b'[unknown]' (6236fea6581e)
		b'[unknown]' (6236fea65a0e)
		b'[unknown]' (6236fea65aad)
		b'[unknown]' (6236fea65b3b)
		b'[unknown]' (6236fea666ca)
		b'[unknown]' (6236fea6678b)
		b'[unknown]' (6236fea6797d)
		b'[unknown]' (6236f7d88dd2)
		b'[unknown]' (6236fea6b3d9)
		b'[unknown]' (6236fea6c3d5)
		b'[unknown]' (6236fea6b380)
		b'[unknown]' (6236fea6c529)
		b'[unknown]' (6236f7d88dd2)
		b'[unknown]' (6236fee6a91a)
		b'[unknown]' (6236fee67893)
		b'[unknown]' (6236fee6899a)
		b'[unknown]' (6236f8525afc)
		b'[unknown]' (6236fee6d592)
		b'[unknown]' (6236fee6e112)
		b'[unknown]' (6236f8525afc)
		b'[unknown]' (6236fee6d4db)
		b'[unknown]' (7c043a894ac3)

	Not found in mutex_ids. mutex (b'[unknown]') 504df9790428 ::: wait time 2.62us ::: hold time 8.11us ::: enter count 1
		b'[unknown]' (6236f7d776a7)
		b'[unknown]' (6236f7d77cac)
		b'[unknown]' (6236f7d80eca)
		b'[unknown]' (6236feea0bc6)
		b'[unknown]' (6236fee98135)
		b'[unknown]' (6236fee9a10d)
		b'[unknown]' (6236fee977b7)
		b'[unknown]' (6236fee83d5f)
		b'[unknown]' (6236fee83aa6)
		b'[unknown]' (6236fee860ca)
		b'[unknown]' (6236fee85c86)
		b'[unknown]' (6236fee85a16)
		b'[unknown]' (6236fee84742)
		b'[unknown]' (6236fcd47522)
		b'[unknown]' (6236fcd4743e)
		b'[unknown]' (6236fcd47924)
		b'[unknown]' (6236fa6250ce)
		b'[unknown]' (6236fa6257e5)
		b'[unknown]' (6236fa625ca5)
		b'[unknown]' (6236fa6273ec)
		b'[unknown]' (6236fa62808a)
		b'[unknown]' (6236fa62c176)
		b'[unknown]' (6236fa3321c9)
		b'[unknown]' (6236fa33dd18)
		b'[unknown]' (6236fa33e46b)
		b'[unknown]' (6236fa33dd70)
		b'[unknown]' (6236fed9754e)
		b'[unknown]' (6236f7ee69ac)
		b'[unknown]' (6236f7ee9125)
		b'[unknown]' (6236f7eec3a0)
		b'[unknown]' (6236f7eed325)
		b'[unknown]' (6236f7eec7be)
		b'[unknown]' (6236f7eec86f)
		b'[unknown]' (6236f7ee8ad5)
		b'[unknown]' (6236f7ee8bc3)
		b'[unknown]' (6236f7ef1105)
		b'[unknown]' (6236f7ee7eb9)
		b'[unknown]' (6236f7ee7f5b)
		b'[unknown]' (6236f7ef3e5e)
		b'[unknown]' (6236f7ef49e5)
		b'[unknown]' (6236f7ef5066)
		b'[unknown]' (6236f7ef5df5)
		b'[unknown]' (6236f7ed7f38)
		b'[unknown]' (6236fea64b8d)
		b'[unknown]' (6236fea65171)
		b'[unknown]' (6236fea651e4)
		b'[unknown]' (6236fea65273)
		b'[unknown]' (6236fea652d7)
		b'[unknown]' (6236fea6581e)
		b'[unknown]' (6236fea65a0e)
		b'[unknown]' (6236fea65aad)
		b'[unknown]' (6236fea65b3b)
		b'[unknown]' (6236fea666ca)
		b'[unknown]' (6236fea6678b)
		b'[unknown]' (6236fea6797d)
		b'[unknown]' (6236f7d88dd2)
		b'[unknown]' (6236fea6b3d9)
		b'[unknown]' (6236fea6c3d5)
		b'[unknown]' (6236fea6b380)
		b'[unknown]' (6236fea6c529)
		b'[unknown]' (6236f7d88dd2)
		b'[unknown]' (6236fee6a91a)
		b'[unknown]' (6236fee67893)
		b'[unknown]' (6236fee6899a)
		b'[unknown]' (6236f8525afc)
		b'[unknown]' (6236fee6d592)
		b'[unknown]' (6236fee6e112)
		b'[unknown]' (6236f8525afc)
		b'[unknown]' (6236fee6d4db)
		b'[unknown]' (7c043a894ac3)

	Not found in mutex_ids. mutex (b'[unknown]') 504dff61aa58 ::: wait time 2.61us ::: hold time 8.54us ::: enter count 1
		b'[unknown]' (6236f9dbad00)
		b'[unknown]' (6236f9dbb08d)
		b'[unknown]' (6236f9dbfbbf)
		b'[unknown]' (6236f9d66871)
		b'[unknown]' (6236f9e8a6ec)
		b'[unknown]' (6236f9e431e4)
		b'[unknown]' (6236f9e48204)
		b'[unknown]' (6236f9e48853)
		b'[unknown]' (6236f9e44556)
		b'[unknown]' (6236f9e4660e)
		b'[unknown]' (6236f9e48348)
		b'[unknown]' (6236f9e48853)
		b'[unknown]' (6236f9e61631)
		b'[unknown]' (6236f9e61f53)
		b'[unknown]' (6236f9c930bc)
		b'[unknown]' (6236fce6a31e)
		b'[unknown]' (6236fabcedde)
		b'[unknown]' (6236fabcfc72)
		b'[unknown]' (6236fabd1315)
		b'[unknown]' (6236fa62547f)
		b'[unknown]' (6236fa6257e5)
		b'[unknown]' (6236fa625ca5)
		b'[unknown]' (6236fa6273ec)
		b'[unknown]' (6236fa62808a)
		b'[unknown]' (6236fa62c176)
		b'[unknown]' (6236fa3321c9)
		b'[unknown]' (6236fa33dd18)
		b'[unknown]' (6236fa33e46b)
		b'[unknown]' (6236fa33dd70)
		b'[unknown]' (6236fed9754e)
		b'[unknown]' (6236f7ee69ac)
		b'[unknown]' (6236f7ee9125)
		b'[unknown]' (6236f7eec3a0)
		b'[unknown]' (6236f7eed325)
		b'[unknown]' (6236f7eec7be)
		b'[unknown]' (6236f7eec86f)
		b'[unknown]' (6236f7ee8ad5)
		b'[unknown]' (6236f7ee8bc3)
		b'[unknown]' (6236f7ef1105)
		b'[unknown]' (6236f7ee7eb9)
		b'[unknown]' (6236f7ee7f5b)
		b'[unknown]' (6236f7ef3e5e)
		b'[unknown]' (6236f7ef49e5)
		b'[unknown]' (6236f7ef5066)
		b'[unknown]' (6236f7ef5df5)
		b'[unknown]' (6236f7ed7f38)
		b'[unknown]' (6236fea64b8d)
		b'[unknown]' (6236fea65171)
		b'[unknown]' (6236fea651e4)
		b'[unknown]' (6236fea65273)
		b'[unknown]' (6236fea652d7)
		b'[unknown]' (6236fea6581e)
		b'[unknown]' (6236fea65a0e)
		b'[unknown]' (6236fea65aad)
		b'[unknown]' (6236fea65b3b)
		b'[unknown]' (6236fea666ca)
		b'[unknown]' (6236fea6678b)
		b'[unknown]' (6236fea6797d)
		b'[unknown]' (6236f7d88dd2)
		b'[unknown]' (6236fea6b3d9)
		b'[unknown]' (6236fea6c3d5)
		b'[unknown]' (6236fea6b380)
		b'[unknown]' (6236fea6c529)
		b'[unknown]' (6236f7d88dd2)
		b'[unknown]' (6236fee6a91a)
		b'[unknown]' (6236fee67893)
		b'[unknown]' (6236fee6899a)
		b'[unknown]' (6236f8525afc)
		b'[unknown]' (6236fee6d592)
		b'[unknown]' (6236fee6e112)
		b'[unknown]' (6236f8525afc)
		b'[unknown]' (6236fee6d4db)
		b'[unknown]' (7c043a894ac3)

	Not found in mutex_ids. mutex (b'[unknown]') 504df9790428 ::: wait time 2.61us ::: hold time 7.77us ::: enter count 1
		b'[unknown]' (6236f7d776a7)
		b'[unknown]' (6236f7d77cac)
		b'[unknown]' (6236f7d80eca)
		b'[unknown]' (6236feea0bc6)
		b'[unknown]' (6236fee9948d)
		b'[unknown]' (6236f7efb57c)
		b'[unknown]' (6236fee995d1)
		b'[unknown]' (6236fee84b8b)
		b'[unknown]' (6236fa625105)
		b'[unknown]' (6236fa6257e5)
		b'[unknown]' (6236fa625ca5)
		b'[unknown]' (6236fa6273ec)
		b'[unknown]' (6236fa62808a)
		b'[unknown]' (6236fa62c176)
		b'[unknown]' (6236fa3321c9)
		b'[unknown]' (6236fa33dd18)
		b'[unknown]' (6236fa33e46b)
		b'[unknown]' (6236fa33dd70)
		b'[unknown]' (6236fed9754e)
		b'[unknown]' (6236f7ee69ac)
		b'[unknown]' (6236f7ee9125)
		b'[unknown]' (6236f7eec3a0)
		b'[unknown]' (6236f7eed325)
		b'[unknown]' (6236f7eec7be)
		b'[unknown]' (6236f7eec86f)
		b'[unknown]' (6236f7ee8ad5)
		b'[unknown]' (6236f7ee8bc3)
		b'[unknown]' (6236f7ef1105)
		b'[unknown]' (6236f7ee7eb9)
		b'[unknown]' (6236f7ee7f5b)
		b'[unknown]' (6236f7ef3e5e)
		b'[unknown]' (6236f7ef49e5)
		b'[unknown]' (6236f7ef5066)
		b'[unknown]' (6236f7ef5df5)
		b'[unknown]' (6236f7ed7f38)
		b'[unknown]' (6236fea64b8d)
		b'[unknown]' (6236fea65171)
		b'[unknown]' (6236fea651e4)
		b'[unknown]' (6236fea65273)
		b'[unknown]' (6236fea652d7)
		b'[unknown]' (6236fea6581e)
		b'[unknown]' (6236fea65a0e)
		b'[unknown]' (6236fea65aad)
		b'[unknown]' (6236fea65b3b)
		b'[unknown]' (6236fea666ca)
		b'[unknown]' (6236fea6678b)
		b'[unknown]' (6236fea6797d)
		b'[unknown]' (6236f7d88dd2)
		b'[unknown]' (6236fea6b3d9)
		b'[unknown]' (6236fea6c3d5)
		b'[unknown]' (6236fea6b380)
		b'[unknown]' (6236fea6c529)
		b'[unknown]' (6236f7d88dd2)
		b'[unknown]' (6236fee6a91a)
		b'[unknown]' (6236fee67893)
		b'[unknown]' (6236fee6899a)
		b'[unknown]' (6236f8525afc)
		b'[unknown]' (6236fee6d592)
		b'[unknown]' (6236fee6e112)
		b'[unknown]' (6236f8525afc)
		b'[unknown]' (6236fee6d4db)
		b'[unknown]' (7c043a894ac3)

	Not found in mutex_ids. mutex (b'[unknown]') 504dffc39740 ::: wait time 2.60us ::: hold time 8.58us ::: enter count 1
		b'[unknown]' (6236f7d776a7)
		b'[unknown]' (6236f7d77cac)
		b'[unknown]' (6236f7d9daa5)
		b'[unknown]' (6236f7d87c9d)
		b'[unknown]' (6236f8efa707)
		b'[unknown]' (6236f8ef8ec9)
		b'[unknown]' (6236fc0b1710)
		b'[unknown]' (6236fc0b114c)
		b'[unknown]' (6236fc0af2b9)
		b'[unknown]' (6236fc0af049)
		b'[unknown]' (6236fbf92a10)
		b'[unknown]' (6236fbf92a3b)
		b'[unknown]' (6236fbf929ca)
		b'[unknown]' (6236fbf9288d)
		b'[unknown]' (6236f7d9cab7)
		b'[unknown]' (6236f7d862a3)
		b'[unknown]' (6236f89831bc)
		b'[unknown]' (6236fbf8daaa)
		b'[unknown]' (6236fbf8c9cc)
		b'[unknown]' (6236fbf8ad1b)
		b'[unknown]' (6236fbf8b03d)
		b'[unknown]' (6236fbf8082d)
		b'[unknown]' (6236fbf8130d)
		b'[unknown]' (6236fabed75d)
		b'[unknown]' (6236fabcfebc)
		b'[unknown]' (6236fabd1315)
		b'[unknown]' (6236fa62547f)
		b'[unknown]' (6236fa6257e5)
		b'[unknown]' (6236fa625ca5)
		b'[unknown]' (6236fa6273ec)
		b'[unknown]' (6236fa62808a)
		b'[unknown]' (6236fa62c176)
		b'[unknown]' (6236fa3321c9)
		b'[unknown]' (6236fa33dd18)
		b'[unknown]' (6236fa33e46b)
		b'[unknown]' (6236fa33dd70)
		b'[unknown]' (6236fed9754e)
		b'[unknown]' (6236f7ee69ac)
		b'[unknown]' (6236f7ee9125)
		b'[unknown]' (6236f7eec3a0)
		b'[unknown]' (6236f7eed325)
		b'[unknown]' (6236f7eec7be)
		b'[unknown]' (6236f7eec86f)
		b'[unknown]' (6236f7ee8ad5)
		b'[unknown]' (6236f7ee8bc3)
		b'[unknown]' (6236f7ef1105)
		b'[unknown]' (6236f7ee7eb9)
		b'[unknown]' (6236f7ee7f5b)
		b'[unknown]' (6236f7ef3e5e)
		b'[unknown]' (6236f7ef49e5)
		b'[unknown]' (6236f7ef5066)
		b'[unknown]' (6236f7ef5df5)
		b'[unknown]' (6236f7ed7f38)
		b'[unknown]' (6236fea64b8d)
		b'[unknown]' (6236fea65171)
		b'[unknown]' (6236fea651e4)
		b'[unknown]' (6236fea65273)
		b'[unknown]' (6236fea652d7)
		b'[unknown]' (6236fea6581e)
		b'[unknown]' (6236fea65a0e)
		b'[unknown]' (6236fea65aad)
		b'[unknown]' (6236fea65b3b)
		b'[unknown]' (6236fea666ca)
		b'[unknown]' (6236fea6678b)
		b'[unknown]' (6236fea6797d)
		b'[unknown]' (6236f7d88dd2)
		b'[unknown]' (6236fea6b3d9)
		b'[unknown]' (6236fea6c3d5)
		b'[unknown]' (6236fea6b380)
		b'[unknown]' (6236fea6c529)
		b'[unknown]' (6236f7d88dd2)
		b'[unknown]' (6236fee6a91a)
		b'[unknown]' (6236fee67893)
		b'[unknown]' (6236fee6899a)
		b'[unknown]' (6236f8525afc)
		b'[unknown]' (6236fee6d592)
		b'[unknown]' (6236fee6e112)
		b'[unknown]' (6236f8525afc)
		b'[unknown]' (6236fee6d4db)
		b'[unknown]' (7c043a894ac3)

	Not found in mutex_ids. mutex (b'[unknown]') 504dffac51a0 ::: wait time 2.60us ::: hold time 8.57us ::: enter count 1
		b'[unknown]' (6236f9e1401d)
		b'[unknown]' (6236f9e15709)
		b'[unknown]' (6236f9e15e48)
		b'[unknown]' (6236f9ef8a8d)
		b'[unknown]' (6236fa0e8ef4)
		b'[unknown]' (6236f9f58a4d)
		b'[unknown]' (6236f9d669ed)
		b'[unknown]' (6236f9e8a6ec)
		b'[unknown]' (6236f9e431e4)
		b'[unknown]' (6236f9e48204)
		b'[unknown]' (6236f9e48853)
		b'[unknown]' (6236f9e44556)
		b'[unknown]' (6236f9e4660e)
		b'[unknown]' (6236f9e48348)
		b'[unknown]' (6236f9e48853)
		b'[unknown]' (6236f9e61631)
		b'[unknown]' (6236f9e61f53)
		b'[unknown]' (6236f9c930bc)
		b'[unknown]' (6236fce6a31e)
		b'[unknown]' (6236fabcedde)
		b'[unknown]' (6236fabcfc72)
		b'[unknown]' (6236fabd1315)
		b'[unknown]' (6236fa62547f)
		b'[unknown]' (6236fa6257e5)
		b'[unknown]' (6236fa625ca5)
		b'[unknown]' (6236fa6273ec)
		b'[unknown]' (6236fa62808a)
		b'[unknown]' (6236fa62c176)
		b'[unknown]' (6236fa3321c9)
		b'[unknown]' (6236fa33dd18)
		b'[unknown]' (6236fa33e46b)
		b'[unknown]' (6236fa33dd70)
		b'[unknown]' (6236fed9754e)
		b'[unknown]' (6236f7ee69ac)
		b'[unknown]' (6236f7ee9125)
		b'[unknown]' (6236f7eec3a0)
		b'[unknown]' (6236f7eed325)
		b'[unknown]' (6236f7eec7be)
		b'[unknown]' (6236f7eec86f)
		b'[unknown]' (6236f7ee8ad5)
		b'[unknown]' (6236f7ee8bc3)
		b'[unknown]' (6236f7ef1105)
		b'[unknown]' (6236f7ee7eb9)
		b'[unknown]' (6236f7ee7f5b)
		b'[unknown]' (6236f7ef3e5e)
		b'[unknown]' (6236f7ef49e5)
		b'[unknown]' (6236f7ef5066)
		b'[unknown]' (6236f7ef5df5)
		b'[unknown]' (6236f7ed7f38)
		b'[unknown]' (6236fea64b8d)
		b'[unknown]' (6236fea65171)
		b'[unknown]' (6236fea651e4)
		b'[unknown]' (6236fea65273)
		b'[unknown]' (6236fea652d7)
		b'[unknown]' (6236fea6581e)
		b'[unknown]' (6236fea65a0e)
		b'[unknown]' (6236fea65aad)
		b'[unknown]' (6236fea65b3b)
		b'[unknown]' (6236fea666ca)
		b'[unknown]' (6236fea6678b)
		b'[unknown]' (6236fea6797d)
		b'[unknown]' (6236f7d88dd2)
		b'[unknown]' (6236fea6b3d9)
		b'[unknown]' (6236fea6c3d5)
		b'[unknown]' (6236fea6b380)
		b'[unknown]' (6236fea6c529)
		b'[unknown]' (6236f7d88dd2)
		b'[unknown]' (6236fee6a91a)
		b'[unknown]' (6236fee67893)
		b'[unknown]' (6236fee6899a)
		b'[unknown]' (6236f8525afc)
		b'[unknown]' (6236fee6d592)
		b'[unknown]' (6236fee6e112)
		b'[unknown]' (6236f8525afc)
		b'[unknown]' (6236fee6d4db)
		b'[unknown]' (7c043a894ac3)

	Not found in mutex_ids. mutex (b'[unknown]') 504dffc3b070 ::: wait time 2.59us ::: hold time 9.77us ::: enter count 1
		b'[unknown]' (6236f9ad3c3a)
		b'[unknown]' (6236f9ad6190)
		b'[unknown]' (6236fee87859)
		b'[unknown]' (6236fee9a513)
		b'[unknown]' (6236fee97c33)
		b'[unknown]' (6236fee83d1b)
		b'[unknown]' (6236fee83aa6)
		b'[unknown]' (6236fee860ca)
		b'[unknown]' (6236fee85c86)
		b'[unknown]' (6236fee85a16)
		b'[unknown]' (6236fee84742)
		b'[unknown]' (6236fcd47522)
		b'[unknown]' (6236fcd4743e)
		b'[unknown]' (6236fcd47924)
		b'[unknown]' (6236fa6250ce)
		b'[unknown]' (6236fa6257e5)
		b'[unknown]' (6236fa625ca5)
		b'[unknown]' (6236fa6273ec)
		b'[unknown]' (6236fa62808a)
		b'[unknown]' (6236fa62c176)
		b'[unknown]' (6236fa3321c9)
		b'[unknown]' (6236fa33dd18)
		b'[unknown]' (6236fa33e46b)
		b'[unknown]' (6236fa33dd70)
		b'[unknown]' (6236fed9754e)
		b'[unknown]' (6236f7ee69ac)
		b'[unknown]' (6236f7ee9125)
		b'[unknown]' (6236f7eec3a0)
		b'[unknown]' (6236f7eed325)
		b'[unknown]' (6236f7eec7be)
		b'[unknown]' (6236f7eec86f)
		b'[unknown]' (6236f7ee8ad5)
		b'[unknown]' (6236f7ee8bc3)
		b'[unknown]' (6236f7ef1105)
		b'[unknown]' (6236f7ee7eb9)
		b'[unknown]' (6236f7ee7f5b)
		b'[unknown]' (6236f7ef3e5e)
		b'[unknown]' (6236f7ef49e5)
		b'[unknown]' (6236f7ef5066)
		b'[unknown]' (6236f7ef5df5)
		b'[unknown]' (6236f7ed7f38)
		b'[unknown]' (6236fea64b8d)
		b'[unknown]' (6236fea65171)
		b'[unknown]' (6236fea651e4)
		b'[unknown]' (6236fea65273)
		b'[unknown]' (6236fea652d7)
		b'[unknown]' (6236fea6581e)
		b'[unknown]' (6236fea65a0e)
		b'[unknown]' (6236fea65aad)
		b'[unknown]' (6236fea65b3b)
		b'[unknown]' (6236fea666ca)
		b'[unknown]' (6236fea6678b)
		b'[unknown]' (6236fea6797d)
		b'[unknown]' (6236f7d88dd2)
		b'[unknown]' (6236fea6b3d9)
		b'[unknown]' (6236fea6c3d5)
		b'[unknown]' (6236fea6b380)
		b'[unknown]' (6236fea6c529)
		b'[unknown]' (6236f7d88dd2)
		b'[unknown]' (6236fee6a91a)
		b'[unknown]' (6236fee67893)
		b'[unknown]' (6236fee6899a)
		b'[unknown]' (6236f8525afc)
		b'[unknown]' (6236fee6d592)
		b'[unknown]' (6236fee6e112)
		b'[unknown]' (6236f8525afc)
		b'[unknown]' (6236fee6d4db)
		b'[unknown]' (7c043a894ac3)

	Not found in mutex_ids. mutex (b'[unknown]') 504dffac50b8 ::: wait time 2.58us ::: hold time 65.35us ::: enter count 1
		b'[unknown]' (6236f9e588c3)
		b'[unknown]' (6236f9e7fa45)
		b'[unknown]' (6236f9e80c42)
		b'[unknown]' (6236f9d55a4c)
		b'[unknown]' (6236f9d0f7ac)
		b'[unknown]' (6236f9c662be)
		b'[unknown]' (6236f9c94e55)
		b'[unknown]' (6236fce6a92b)
		b'[unknown]' (6236fab86073)
		b'[unknown]' (6236fbf8113e)
		b'[unknown]' (6236fabed75d)
		b'[unknown]' (6236fabcfebc)
		b'[unknown]' (6236fabd1315)
		b'[unknown]' (6236fa62547f)
		b'[unknown]' (6236fa6257e5)
		b'[unknown]' (6236fa625ca5)
		b'[unknown]' (6236fa6273ec)
		b'[unknown]' (6236fa62808a)
		b'[unknown]' (6236fa62c176)
		b'[unknown]' (6236fa3321c9)
		b'[unknown]' (6236fa33dd18)
		b'[unknown]' (6236fa33e46b)
		b'[unknown]' (6236fa33dd70)
		b'[unknown]' (6236fed9754e)
		b'[unknown]' (6236f7ee69ac)
		b'[unknown]' (6236f7ee9125)
		b'[unknown]' (6236f7eec3a0)
		b'[unknown]' (6236f7eed325)
		b'[unknown]' (6236f7eec7be)
		b'[unknown]' (6236f7eec86f)
		b'[unknown]' (6236f7ee8ad5)
		b'[unknown]' (6236f7ee8bc3)
		b'[unknown]' (6236f7ef1105)
		b'[unknown]' (6236f7ee7eb9)
		b'[unknown]' (6236f7ee7f5b)
		b'[unknown]' (6236f7ef3e5e)
		b'[unknown]' (6236f7ef49e5)
		b'[unknown]' (6236f7ef5066)
		b'[unknown]' (6236f7ef5df5)
		b'[unknown]' (6236f7ed7f38)
		b'[unknown]' (6236fea64b8d)
		b'[unknown]' (6236fea65171)
		b'[unknown]' (6236fea651e4)
		b'[unknown]' (6236fea65273)
		b'[unknown]' (6236fea652d7)
		b'[unknown]' (6236fea6581e)
		b'[unknown]' (6236fea65a0e)
		b'[unknown]' (6236fea65aad)
		b'[unknown]' (6236fea65b3b)
		b'[unknown]' (6236fea666ca)
		b'[unknown]' (6236fea6678b)
		b'[unknown]' (6236fea6797d)
		b'[unknown]' (6236f7d88dd2)
		b'[unknown]' (6236fea6b3d9)
		b'[unknown]' (6236fea6c3d5)
		b'[unknown]' (6236fea6b380)
		b'[unknown]' (6236fea6c529)
		b'[unknown]' (6236f7d88dd2)
		b'[unknown]' (6236fee6a91a)
		b'[unknown]' (6236fee67893)
		b'[unknown]' (6236fee6899a)
		b'[unknown]' (6236f8525afc)
		b'[unknown]' (6236fee6d592)
		b'[unknown]' (6236fee6e112)
		b'[unknown]' (6236f8525afc)
		b'[unknown]' (6236fee6d4db)
		b'[unknown]' (7c043a894ac3)

	Not found in mutex_ids. mutex (b'[unknown]') 504df9790428 ::: wait time 2.58us ::: hold time 7.23us ::: enter count 1
		b'[unknown]' (6236f7d776a7)
		b'[unknown]' (6236f7d77cac)
		b'[unknown]' (6236f7d80eca)
		b'[unknown]' (6236feea0bc6)
		b'[unknown]' (6236fee9948d)
		b'[unknown]' (6236feea0838)
		b'[unknown]' (6236fee9ba64)
		b'[unknown]' (6236fee9956f)
		b'[unknown]' (6236fee84b8b)
		b'[unknown]' (6236fa625105)
		b'[unknown]' (6236fa6257e5)
		b'[unknown]' (6236fa625ca5)
		b'[unknown]' (6236fa6273ec)
		b'[unknown]' (6236fa62808a)
		b'[unknown]' (6236fa62c176)
		b'[unknown]' (6236fa3321c9)
		b'[unknown]' (6236fa33dd18)
		b'[unknown]' (6236fa33e46b)
		b'[unknown]' (6236fa33dd70)
		b'[unknown]' (6236fed9754e)
		b'[unknown]' (6236f7ee69ac)
		b'[unknown]' (6236f7ee9125)
		b'[unknown]' (6236f7eec3a0)
		b'[unknown]' (6236f7eed325)
		b'[unknown]' (6236f7eec7be)
		b'[unknown]' (6236f7eec86f)
		b'[unknown]' (6236f7ee8ad5)
		b'[unknown]' (6236f7ee8bc3)
		b'[unknown]' (6236f7ef1105)
		b'[unknown]' (6236f7ee7eb9)
		b'[unknown]' (6236f7ee7f5b)
		b'[unknown]' (6236f7ef3e5e)
		b'[unknown]' (6236f7ef49e5)
		b'[unknown]' (6236f7ef5066)
		b'[unknown]' (6236f7ef5df5)
		b'[unknown]' (6236f7ed7f38)
		b'[unknown]' (6236fea64b8d)
		b'[unknown]' (6236fea65171)
		b'[unknown]' (6236fea651e4)
		b'[unknown]' (6236fea65273)
		b'[unknown]' (6236fea652d7)
		b'[unknown]' (6236fea6581e)
		b'[unknown]' (6236fea65a0e)
		b'[unknown]' (6236fea65aad)
		b'[unknown]' (6236fea65b3b)
		b'[unknown]' (6236fea666ca)
		b'[unknown]' (6236fea6678b)
		b'[unknown]' (6236fea6797d)
		b'[unknown]' (6236f7d88dd2)
		b'[unknown]' (6236fea6b3d9)
		b'[unknown]' (6236fea6c3d5)
		b'[unknown]' (6236fea6b380)
		b'[unknown]' (6236fea6c529)
		b'[unknown]' (6236f7d88dd2)
		b'[unknown]' (6236fee6a91a)
		b'[unknown]' (6236fee67893)
		b'[unknown]' (6236fee6899a)
		b'[unknown]' (6236f8525afc)
		b'[unknown]' (6236fee6d592)
		b'[unknown]' (6236fee6e112)
		b'[unknown]' (6236f8525afc)
		b'[unknown]' (6236fee6d4db)
		b'[unknown]' (7c043a894ac3)

	Not found in mutex_ids. mutex (b'[unknown]') 504dffc39100 ::: wait time 2.55us ::: hold time 8.73us ::: enter count 1
		b'[unknown]' (6236f7d776a7)
		b'[unknown]' (6236f7d77cac)
		b'[unknown]' (6236f7d9daa5)
		b'[unknown]' (6236f7d87c9d)
		b'[unknown]' (6236f8efa707)
		b'[unknown]' (6236f8ef8ec9)
		b'[unknown]' (6236fc0b1710)
		b'[unknown]' (6236fc0b114c)
		b'[unknown]' (6236fc0af2b9)
		b'[unknown]' (6236fc0af049)
		b'[unknown]' (6236fbf92a10)
		b'[unknown]' (6236fbf92a3b)
		b'[unknown]' (6236fbf929ca)
		b'[unknown]' (6236fbf9288d)
		b'[unknown]' (6236f7d9cab7)
		b'[unknown]' (6236f7d862a3)
		b'[unknown]' (6236f89831bc)
		b'[unknown]' (6236fbf8daaa)
		b'[unknown]' (6236fbf8c9cc)
		b'[unknown]' (6236fbf8ad1b)
		b'[unknown]' (6236fbf8b03d)
		b'[unknown]' (6236fbf8082d)
		b'[unknown]' (6236fbf8130d)
		b'[unknown]' (6236fabed75d)
		b'[unknown]' (6236fabcfebc)
		b'[unknown]' (6236fabd1315)
		b'[unknown]' (6236fa62547f)
		b'[unknown]' (6236fa6257e5)
		b'[unknown]' (6236fa625ca5)
		b'[unknown]' (6236fa6273ec)
		b'[unknown]' (6236fa62808a)
		b'[unknown]' (6236fa62c176)
		b'[unknown]' (6236fa3321c9)
		b'[unknown]' (6236fa33dd18)
		b'[unknown]' (6236fa33e46b)
		b'[unknown]' (6236fa33dd70)
		b'[unknown]' (6236fed9754e)
		b'[unknown]' (6236f7ee69ac)
		b'[unknown]' (6236f7ee9125)
		b'[unknown]' (6236f7eec3a0)
		b'[unknown]' (6236f7eed325)
		b'[unknown]' (6236f7eec7be)
		b'[unknown]' (6236f7eec86f)
		b'[unknown]' (6236f7ee8ad5)
		b'[unknown]' (6236f7ee8bc3)
		b'[unknown]' (6236f7ef1105)
		b'[unknown]' (6236f7ee7eb9)
		b'[unknown]' (6236f7ee7f5b)
		b'[unknown]' (6236f7ef3e5e)
		b'[unknown]' (6236f7ef49e5)
		b'[unknown]' (6236f7ef5066)
		b'[unknown]' (6236f7ef5df5)
		b'[unknown]' (6236f7ed7f38)
		b'[unknown]' (6236fea64b8d)
		b'[unknown]' (6236fea65171)
		b'[unknown]' (6236fea651e4)
		b'[unknown]' (6236fea65273)
		b'[unknown]' (6236fea652d7)
		b'[unknown]' (6236fea6581e)
		b'[unknown]' (6236fea65a0e)
		b'[unknown]' (6236fea65aad)
		b'[unknown]' (6236fea65b3b)
		b'[unknown]' (6236fea666ca)
		b'[unknown]' (6236fea6678b)
		b'[unknown]' (6236fea6797d)
		b'[unknown]' (6236f7d88dd2)
		b'[unknown]' (6236fea6b3d9)
		b'[unknown]' (6236fea6c3d5)
		b'[unknown]' (6236fea6b380)
		b'[unknown]' (6236fea6c529)
		b'[unknown]' (6236f7d88dd2)
		b'[unknown]' (6236fee6a91a)
		b'[unknown]' (6236fee67893)
		b'[unknown]' (6236fee6899a)
		b'[unknown]' (6236f8525afc)
		b'[unknown]' (6236fee6d592)
		b'[unknown]' (6236fee6e112)
		b'[unknown]' (6236f8525afc)
		b'[unknown]' (6236fee6d4db)
		b'[unknown]' (7c043a894ac3)

	Not found in mutex_ids. mutex (b'[unknown]') 504dff990628 ::: wait time 2.54us ::: hold time 13.74us ::: enter count 1
		b'[unknown]' (6236f7d776a7)
		b'[unknown]' (6236f7d77cac)
		b'[unknown]' (6236f7d9daa5)
		b'[unknown]' (6236fce79c2e)
		b'[unknown]' (6236fce68507)
		b'[unknown]' (6236fab8d2de)
		b'[unknown]' (6236fab84927)
		b'[unknown]' (6236fbf81e46)
		b'[unknown]' (6236fabed952)
		b'[unknown]' (6236fabcfebc)
		b'[unknown]' (6236fabd1315)
		b'[unknown]' (6236fa62547f)
		b'[unknown]' (6236fa6257e5)
		b'[unknown]' (6236fa625ca5)
		b'[unknown]' (6236fa6273ec)
		b'[unknown]' (6236fa62808a)
		b'[unknown]' (6236fa62c176)
		b'[unknown]' (6236fa3321c9)
		b'[unknown]' (6236fa33dd18)
		b'[unknown]' (6236fa33e46b)
		b'[unknown]' (6236fa33dd70)
		b'[unknown]' (6236fed9754e)
		b'[unknown]' (6236f7ee69ac)
		b'[unknown]' (6236f7ee9125)
		b'[unknown]' (6236f7eec3a0)
		b'[unknown]' (6236f7eed325)
		b'[unknown]' (6236f7eec7be)
		b'[unknown]' (6236f7eec86f)
		b'[unknown]' (6236f7ee8ad5)
		b'[unknown]' (6236f7ee8bc3)
		b'[unknown]' (6236f7ef1105)
		b'[unknown]' (6236f7ee7eb9)
		b'[unknown]' (6236f7ee7f5b)
		b'[unknown]' (6236f7ef3e5e)
		b'[unknown]' (6236f7ef49e5)
		b'[unknown]' (6236f7ef5066)
		b'[unknown]' (6236f7ef5df5)
		b'[unknown]' (6236f7ed7f38)
		b'[unknown]' (6236fea64b8d)
		b'[unknown]' (6236fea65171)
		b'[unknown]' (6236fea651e4)
		b'[unknown]' (6236fea65273)
		b'[unknown]' (6236fea652d7)
		b'[unknown]' (6236fea6581e)
		b'[unknown]' (6236fea65a0e)
		b'[unknown]' (6236fea65aad)
		b'[unknown]' (6236fea65b3b)
		b'[unknown]' (6236fea666ca)
		b'[unknown]' (6236fea6678b)
		b'[unknown]' (6236fea6797d)
		b'[unknown]' (6236f7d88dd2)
		b'[unknown]' (6236fea6b3d9)
		b'[unknown]' (6236fea6c3d5)
		b'[unknown]' (6236fea6b380)
		b'[unknown]' (6236fea6c529)
		b'[unknown]' (6236f7d88dd2)
		b'[unknown]' (6236fee6a91a)
		b'[unknown]' (6236fee67893)
		b'[unknown]' (6236fee6899a)
		b'[unknown]' (6236f8525afc)
		b'[unknown]' (6236fee6d592)
		b'[unknown]' (6236fee6e112)
		b'[unknown]' (6236f8525afc)
		b'[unknown]' (6236fee6d4db)
		b'[unknown]' (7c043a894ac3)

	Not found in mutex_ids. mutex (b'[unknown]') 504dffc39580 ::: wait time 2.52us ::: hold time 8.09us ::: enter count 1
		b'[unknown]' (6236f7d776a7)
		b'[unknown]' (6236f7d77cac)
		b'[unknown]' (6236f7d9daa5)
		b'[unknown]' (6236f7d87c9d)
		b'[unknown]' (6236f8efa707)
		b'[unknown]' (6236f8ef8ec9)
		b'[unknown]' (6236fc0b1710)
		b'[unknown]' (6236fc0b114c)
		b'[unknown]' (6236fc0af2b9)
		b'[unknown]' (6236fc0af049)
		b'[unknown]' (6236fbf92a10)
		b'[unknown]' (6236fbf92a3b)
		b'[unknown]' (6236fbf929ca)
		b'[unknown]' (6236fbf9288d)
		b'[unknown]' (6236f7d9cab7)
		b'[unknown]' (6236f7d862a3)
		b'[unknown]' (6236f89831bc)
		b'[unknown]' (6236fbf8daaa)
		b'[unknown]' (6236fbf8c9cc)
		b'[unknown]' (6236fbf8ad1b)
		b'[unknown]' (6236fbf8b03d)
		b'[unknown]' (6236fbf8082d)
		b'[unknown]' (6236fbf8130d)
		b'[unknown]' (6236fabed75d)
		b'[unknown]' (6236fabcfebc)
		b'[unknown]' (6236fabd1315)
		b'[unknown]' (6236fa62547f)
		b'[unknown]' (6236fa6257e5)
		b'[unknown]' (6236fa625ca5)
		b'[unknown]' (6236fa6273ec)
		b'[unknown]' (6236fa62808a)
		b'[unknown]' (6236fa62c176)
		b'[unknown]' (6236fa3321c9)
		b'[unknown]' (6236fa33dd18)
		b'[unknown]' (6236fa33e46b)
		b'[unknown]' (6236fa33dd70)
		b'[unknown]' (6236fed9754e)
		b'[unknown]' (6236f7ee69ac)
		b'[unknown]' (6236f7ee9125)
		b'[unknown]' (6236f7eec3a0)
		b'[unknown]' (6236f7eed325)
		b'[unknown]' (6236f7eec7be)
		b'[unknown]' (6236f7eec86f)
		b'[unknown]' (6236f7ee8ad5)
		b'[unknown]' (6236f7ee8bc3)
		b'[unknown]' (6236f7ef1105)
		b'[unknown]' (6236f7ee7eb9)
		b'[unknown]' (6236f7ee7f5b)
		b'[unknown]' (6236f7ef3e5e)
		b'[unknown]' (6236f7ef49e5)
		b'[unknown]' (6236f7ef5066)
		b'[unknown]' (6236f7ef5df5)
		b'[unknown]' (6236f7ed7f38)
		b'[unknown]' (6236fea64b8d)
		b'[unknown]' (6236fea65171)
		b'[unknown]' (6236fea651e4)
		b'[unknown]' (6236fea65273)
		b'[unknown]' (6236fea652d7)
		b'[unknown]' (6236fea6581e)
		b'[unknown]' (6236fea65a0e)
		b'[unknown]' (6236fea65aad)
		b'[unknown]' (6236fea65b3b)
		b'[unknown]' (6236fea666ca)
		b'[unknown]' (6236fea6678b)
		b'[unknown]' (6236fea6797d)
		b'[unknown]' (6236f7d88dd2)
		b'[unknown]' (6236fea6b3d9)
		b'[unknown]' (6236fea6c3d5)
		b'[unknown]' (6236fea6b380)
		b'[unknown]' (6236fea6c529)
		b'[unknown]' (6236f7d88dd2)
		b'[unknown]' (6236fee6a91a)
		b'[unknown]' (6236fee67893)
		b'[unknown]' (6236fee6899a)
		b'[unknown]' (6236f8525afc)
		b'[unknown]' (6236fee6d592)
		b'[unknown]' (6236fee6e112)
		b'[unknown]' (6236f8525afc)
		b'[unknown]' (6236fee6d4db)
		b'[unknown]' (7c043a894ac3)

	Not found in mutex_ids. mutex (b'[unknown]') 504df9790428 ::: wait time 2.47us ::: hold time 8.29us ::: enter count 1
		b'[unknown]' (6236f7d776a7)
		b'[unknown]' (6236f7d77cac)
		b'[unknown]' (6236f7d80eca)
		b'[unknown]' (6236feea0bc6)
		b'[unknown]' (6236fee9948d)
		b'[unknown]' (6236f7efb57c)
		b'[unknown]' (6236fee99786)
		b'[unknown]' (6236fcda7553)
		b'[unknown]' (6236fcda7490)
		b'[unknown]' (6236fabed4d9)
		b'[unknown]' (6236fabcfebc)
		b'[unknown]' (6236fabd1315)
		b'[unknown]' (6236fa62547f)
		b'[unknown]' (6236fa6257e5)
		b'[unknown]' (6236fa625ca5)
		b'[unknown]' (6236fa6273ec)
		b'[unknown]' (6236fa62808a)
		b'[unknown]' (6236fa62c176)
		b'[unknown]' (6236fa3321c9)
		b'[unknown]' (6236fa33dd18)
		b'[unknown]' (6236fa33e46b)
		b'[unknown]' (6236fa33dd70)
		b'[unknown]' (6236fed9754e)
		b'[unknown]' (6236f7ee69ac)
		b'[unknown]' (6236f7ee9125)
		b'[unknown]' (6236f7eec3a0)
		b'[unknown]' (6236f7eed325)
		b'[unknown]' (6236f7eec7be)
		b'[unknown]' (6236f7eec86f)
		b'[unknown]' (6236f7ee8ad5)
		b'[unknown]' (6236f7ee8bc3)
		b'[unknown]' (6236f7ef1105)
		b'[unknown]' (6236f7ee7eb9)
		b'[unknown]' (6236f7ee7f5b)
		b'[unknown]' (6236f7ef3e5e)
		b'[unknown]' (6236f7ef49e5)
		b'[unknown]' (6236f7ef5066)
		b'[unknown]' (6236f7ef5df5)
		b'[unknown]' (6236f7ed7f38)
		b'[unknown]' (6236fea64b8d)
		b'[unknown]' (6236fea65171)
		b'[unknown]' (6236fea651e4)
		b'[unknown]' (6236fea65273)
		b'[unknown]' (6236fea652d7)
		b'[unknown]' (6236fea6581e)
		b'[unknown]' (6236fea65a0e)
		b'[unknown]' (6236fea65aad)
		b'[unknown]' (6236fea65b3b)
		b'[unknown]' (6236fea666ca)
		b'[unknown]' (6236fea6678b)
		b'[unknown]' (6236fea6797d)
		b'[unknown]' (6236f7d88dd2)
		b'[unknown]' (6236fea6b3d9)
		b'[unknown]' (6236fea6c3d5)
		b'[unknown]' (6236fea6b380)
		b'[unknown]' (6236fea6c529)
		b'[unknown]' (6236f7d88dd2)
		b'[unknown]' (6236fee6a91a)
		b'[unknown]' (6236fee67893)
		b'[unknown]' (6236fee6899a)
		b'[unknown]' (6236f8525afc)
		b'[unknown]' (6236fee6d592)
		b'[unknown]' (6236fee6e112)
		b'[unknown]' (6236f8525afc)
		b'[unknown]' (6236fee6d4db)
		b'[unknown]' (7c043a894ac3)

	Not found in mutex_ids. mutex (b'[unknown]') 504dffc39480 ::: wait time 2.45us ::: hold time 9.04us ::: enter count 1
		b'[unknown]' (6236f7d776a7)
		b'[unknown]' (6236f7d77cac)
		b'[unknown]' (6236f7d9daa5)
		b'[unknown]' (6236f7d87c9d)
		b'[unknown]' (6236f8efa707)
		b'[unknown]' (6236f8ef8ec9)
		b'[unknown]' (6236fc0b1710)
		b'[unknown]' (6236fc0b114c)
		b'[unknown]' (6236fc0af2b9)
		b'[unknown]' (6236fc0af049)
		b'[unknown]' (6236fbf92a10)
		b'[unknown]' (6236fbf92a3b)
		b'[unknown]' (6236fbf929ca)
		b'[unknown]' (6236fbf9288d)
		b'[unknown]' (6236f7d9cab7)
		b'[unknown]' (6236f7d862a3)
		b'[unknown]' (6236f89831bc)
		b'[unknown]' (6236fbf8daaa)
		b'[unknown]' (6236fbf8c9cc)
		b'[unknown]' (6236fbf8ad1b)
		b'[unknown]' (6236fbf8b03d)
		b'[unknown]' (6236fbf8082d)
		b'[unknown]' (6236fbf8130d)
		b'[unknown]' (6236fabed75d)
		b'[unknown]' (6236fabcfebc)
		b'[unknown]' (6236fabd1315)
		b'[unknown]' (6236fa62547f)
		b'[unknown]' (6236fa6257e5)
		b'[unknown]' (6236fa625ca5)
		b'[unknown]' (6236fa6273ec)
		b'[unknown]' (6236fa62808a)
		b'[unknown]' (6236fa62c176)
		b'[unknown]' (6236fa3321c9)
		b'[unknown]' (6236fa33dd18)
		b'[unknown]' (6236fa33e46b)
		b'[unknown]' (6236fa33dd70)
		b'[unknown]' (6236fed9754e)
		b'[unknown]' (6236f7ee69ac)
		b'[unknown]' (6236f7ee9125)
		b'[unknown]' (6236f7eec3a0)
		b'[unknown]' (6236f7eed325)
		b'[unknown]' (6236f7eec7be)
		b'[unknown]' (6236f7eec86f)
		b'[unknown]' (6236f7ee8ad5)
		b'[unknown]' (6236f7ee8bc3)
		b'[unknown]' (6236f7ef1105)
		b'[unknown]' (6236f7ee7eb9)
		b'[unknown]' (6236f7ee7f5b)
		b'[unknown]' (6236f7ef3e5e)
		b'[unknown]' (6236f7ef49e5)
		b'[unknown]' (6236f7ef5066)
		b'[unknown]' (6236f7ef5df5)
		b'[unknown]' (6236f7ed7f38)
		b'[unknown]' (6236fea64b8d)
		b'[unknown]' (6236fea65171)
		b'[unknown]' (6236fea651e4)
		b'[unknown]' (6236fea65273)
		b'[unknown]' (6236fea652d7)
		b'[unknown]' (6236fea6581e)
		b'[unknown]' (6236fea65a0e)
		b'[unknown]' (6236fea65aad)
		b'[unknown]' (6236fea65b3b)
		b'[unknown]' (6236fea666ca)
		b'[unknown]' (6236fea6678b)
		b'[unknown]' (6236fea6797d)
		b'[unknown]' (6236f7d88dd2)
		b'[unknown]' (6236fea6b3d9)
		b'[unknown]' (6236fea6c3d5)
		b'[unknown]' (6236fea6b380)
		b'[unknown]' (6236fea6c529)
		b'[unknown]' (6236f7d88dd2)
		b'[unknown]' (6236fee6a91a)
		b'[unknown]' (6236fee67893)
		b'[unknown]' (6236fee6899a)
		b'[unknown]' (6236f8525afc)
		b'[unknown]' (6236fee6d592)
		b'[unknown]' (6236fee6e112)
		b'[unknown]' (6236f8525afc)
		b'[unknown]' (6236fee6d4db)
		b'[unknown]' (7c043a894ac3)

	Not found in mutex_ids. mutex (b'[unknown]') 504dffb101c8 ::: wait time 2.35us ::: hold time 9.20us ::: enter count 1
		b'[unknown]' (6236f7d776a7)
		b'[unknown]' (6236f7d77cac)
		b'[unknown]' (6236fcdac632)
		b'[unknown]' (6236fcdb2498)
		b'[unknown]' (6236fcd980c0)
		b'[unknown]' (6236fcd996e6)
		b'[unknown]' (6236fcd99c1e)
		b'[unknown]' (6236fcdae3c7)
		b'[unknown]' (6236fcdadd86)
		b'[unknown]' (6236fcdda64a)
		b'[unknown]' (6236fcdc95b8)
		b'[unknown]' (6236fcdbdf34)
		b'[unknown]' (6236f7d91c5f)
		b'[unknown]' (6236ffa43046)
		b'[unknown]' (6236ffa3d5fd)
		b'[unknown]' (6236fa6254dd)
		b'[unknown]' (6236fa6257e5)
		b'[unknown]' (6236fa625ca5)
		b'[unknown]' (6236fa6273ec)
		b'[unknown]' (6236fa62808a)
		b'[unknown]' (6236fa62c176)
		b'[unknown]' (6236fa3321c9)
		b'[unknown]' (6236fa33dd18)
		b'[unknown]' (6236fa33e46b)
		b'[unknown]' (6236fa33dd70)
		b'[unknown]' (6236fed9754e)
		b'[unknown]' (6236f7ee69ac)
		b'[unknown]' (6236f7ee9125)
		b'[unknown]' (6236f7eec3a0)
		b'[unknown]' (6236f7eed325)
		b'[unknown]' (6236f7eec7be)
		b'[unknown]' (6236f7eec86f)
		b'[unknown]' (6236f7ee8ad5)
		b'[unknown]' (6236f7ee8bc3)
		b'[unknown]' (6236f7ef1105)
		b'[unknown]' (6236f7ee7eb9)
		b'[unknown]' (6236f7ee7f5b)
		b'[unknown]' (6236f7ef3e5e)
		b'[unknown]' (6236f7ef49e5)
		b'[unknown]' (6236f7ef5066)
		b'[unknown]' (6236f7ef5df5)
		b'[unknown]' (6236f7ed7f38)
		b'[unknown]' (6236fea64b8d)
		b'[unknown]' (6236fea65171)
		b'[unknown]' (6236fea651e4)
		b'[unknown]' (6236fea65273)
		b'[unknown]' (6236fea652d7)
		b'[unknown]' (6236fea6581e)
		b'[unknown]' (6236fea65a0e)
		b'[unknown]' (6236fea65aad)
		b'[unknown]' (6236fea65b3b)
		b'[unknown]' (6236fea666ca)
		b'[unknown]' (6236fea6678b)
		b'[unknown]' (6236fea6797d)
		b'[unknown]' (6236f7d88dd2)
		b'[unknown]' (6236fea6b3d9)
		b'[unknown]' (6236fea6c3d5)
		b'[unknown]' (6236fea6b380)
		b'[unknown]' (6236fea6c529)
		b'[unknown]' (6236f7d88dd2)
		b'[unknown]' (6236fee6a91a)
		b'[unknown]' (6236fee67893)
		b'[unknown]' (6236fee6899a)
		b'[unknown]' (6236f8525afc)
		b'[unknown]' (6236fee6d592)
		b'[unknown]' (6236fee6e112)
		b'[unknown]' (6236f8525afc)
		b'[unknown]' (6236fee6d4db)
		b'[unknown]' (7c043a894ac3)

	Not found in mutex_ids. mutex (b'[unknown]') 504dffc3b070 ::: wait time 2.23us ::: hold time 8.14us ::: enter count 1
		b'[unknown]' (6236f9ad3c3a)
		b'[unknown]' (6236f9ad6190)
		b'[unknown]' (6236fee87859)
		b'[unknown]' (6236fee9a513)
		b'[unknown]' (6236fee97c33)
		b'[unknown]' (6236fee848e8)
		b'[unknown]' (6236fcd47522)
		b'[unknown]' (6236fcd4743e)
		b'[unknown]' (6236fcd47924)
		b'[unknown]' (6236fa6250ce)
		b'[unknown]' (6236fa6257e5)
		b'[unknown]' (6236fa625ca5)
		b'[unknown]' (6236fa6273ec)
		b'[unknown]' (6236fa62808a)
		b'[unknown]' (6236fa62c176)
		b'[unknown]' (6236fa3321c9)
		b'[unknown]' (6236fa33dd18)
		b'[unknown]' (6236fa33e46b)
		b'[unknown]' (6236fa33dd70)
		b'[unknown]' (6236fed9754e)
		b'[unknown]' (6236f7ee69ac)
		b'[unknown]' (6236f7ee9125)
		b'[unknown]' (6236f7eec3a0)
		b'[unknown]' (6236f7eed325)
		b'[unknown]' (6236f7eec7be)
		b'[unknown]' (6236f7eec86f)
		b'[unknown]' (6236f7ee8ad5)
		b'[unknown]' (6236f7ee8bc3)
		b'[unknown]' (6236f7ef1105)
		b'[unknown]' (6236f7ee7eb9)
		b'[unknown]' (6236f7ee7f5b)
		b'[unknown]' (6236f7ef3e5e)
		b'[unknown]' (6236f7ef49e5)
		b'[unknown]' (6236f7ef5066)
		b'[unknown]' (6236f7ef5df5)
		b'[unknown]' (6236f7ed7f38)
		b'[unknown]' (6236fea64b8d)
		b'[unknown]' (6236fea65171)
		b'[unknown]' (6236fea651e4)
		b'[unknown]' (6236fea65273)
		b'[unknown]' (6236fea652d7)
		b'[unknown]' (6236fea6581e)
		b'[unknown]' (6236fea65a0e)
		b'[unknown]' (6236fea65aad)
		b'[unknown]' (6236fea65b3b)
		b'[unknown]' (6236fea666ca)
		b'[unknown]' (6236fea6678b)
		b'[unknown]' (6236fea6797d)
		b'[unknown]' (6236f7d88dd2)
		b'[unknown]' (6236fea6b3d9)
		b'[unknown]' (6236fea6c3d5)
		b'[unknown]' (6236fea6b380)
		b'[unknown]' (6236fea6c529)
		b'[unknown]' (6236f7d88dd2)
		b'[unknown]' (6236fee6a91a)
		b'[unknown]' (6236fee67893)
		b'[unknown]' (6236fee6899a)
		b'[unknown]' (6236f8525afc)
		b'[unknown]' (6236fee6d592)
		b'[unknown]' (6236fee6e112)
		b'[unknown]' (6236f8525afc)
		b'[unknown]' (6236fee6d4db)
		b'[unknown]' (7c043a894ac3)

     wait time (us)      : count     distribution
         0 -> 1          : 2245250  |***                                     |
         2 -> 3          : 26543058 |****************************************|
         4 -> 7          : 405054   |                                        |
         8 -> 15         : 154437   |                                        |
        16 -> 31         : 116108   |                                        |
        32 -> 63         : 15654    |                                        |
        64 -> 127        : 1843     |                                        |
       128 -> 255        : 269      |                                        |
       256 -> 511        : 180      |                                        |
       512 -> 1023       : 319      |                                        |
      1024 -> 2047       : 440      |                                        |
      2048 -> 4095       : 151      |                                        |
      4096 -> 8191       : 27       |                                        |
      8192 -> 16383      : 0        |                                        |
     16384 -> 32767      : 0        |                                        |
     32768 -> 65535      : 3        |                                        |
     hold time (us)      : count     distribution
         0 -> 1          : 113570   |                                        |
         2 -> 3          : 2626910  |****                                    |
         4 -> 7          : 25673740 |****************************************|
         8 -> 15         : 1060485  |*                                       |
        16 -> 31         : 41460    |                                        |
        32 -> 63         : 10824    |                                        |
        64 -> 127        : 5742     |                                        |
       128 -> 255        : 5918     |                                        |
       256 -> 511        : 3149     |                                        |
       512 -> 1023       : 2292     |                                        |
      1024 -> 2047       : 481      |                                        |
      2048 -> 4095       : 241      |                                        |
      4096 -> 8191       : 401      |                                        |
      8192 -> 16383      : 9392     |                                        |
     16384 -> 32767      : 1739     |                                        |
     32768 -> 65535      : 1909     |                                        |
     65536 -> 131071     : 2818     |                                        |
    131072 -> 262143     : 104      |                                        |
    262144 -> 524287     : 343      |                                        |
    524288 -> 1048575    : 3279     |                                        |
   1048576 -> 2097151    : 149      |                                        |
   2097152 -> 4194303    : 25       |                                        |
   4194304 -> 8388607    : 37       |                                        |
   8388608 -> 16777215   : 2        |                                        |
  16777216 -> 33554431   : 14       |                                        |
  33554432 -> 67108863   : 72       |                                        |
  67108864 -> 134217727  : 1        |                                        |



Overall per lock analysis



	mutex 504dffb10178 (0) ::: wait time 250570.48us ::: hold time 568903.93us ::: enter count 71303
	mutex 504dffaad2b0 (0) ::: wait time 448126.84us ::: hold time 750436.14us ::: enter count 142616
	mutex 504dff896898 (0) ::: wait time 415968.58us ::: hold time 574473.32us ::: enter count 142616
	mutex 504dff8640c8 (0) ::: wait time 198882.22us ::: hold time 466044.47us ::: enter count 71306
	mutex 504dffb0db80 (0) ::: wait time 191800.33us ::: hold time 383513.19us ::: enter count 71308
	mutex 504dff602708 (0) ::: wait time 187112.01us ::: hold time 367822.57us ::: enter count 71306
	mutex 504dffc25948 (0) ::: wait time 182104.28us ::: hold time 323651.07us ::: enter count 71308
	mutex 504dff917170 (0) ::: wait time 1031168.96us ::: hold time 2211909.53us ::: enter count 427844
	mutex 504df9790428 (0) ::: wait time 5115820.15us ::: hold time 12300366.14us ::: enter count 2139202
	mutex 504dff9207f0 (0) ::: wait time 173784.83us ::: hold time 294762.25us ::: enter count 71308
	mutex 504df949b378 (0) ::: wait time 338160.77us ::: hold time 683997.77us ::: enter count 142616
	mutex 504dff95e048 (0) ::: wait time 168361.51us ::: hold time 358910.57us ::: enter count 71308
	mutex 504dff884b98 (#4) ::: wait time 97644.76us ::: hold time 243045.64us ::: enter count 40064
	mutex 504dff8819d8 (#24) ::: wait time 92918.54us ::: hold time 227154.48us ::: enter count 37887
	mutex 504dffc3b148 (0) ::: wait time 44927.70us ::: hold time 120614.67us ::: enter count 18044
	mutex 504dffc3ac80 (0) ::: wait time 45052.27us ::: hold time 120129.96us ::: enter count 18156
	mutex 504dffc3b100 (0) ::: wait time 44770.17us ::: hold time 120332.41us ::: enter count 18052
	mutex 504dffc3b220 (0) ::: wait time 45556.57us ::: hold time 120060.34us ::: enter count 18036
	mutex 504dffc3ab18 (0) ::: wait time 45850.77us ::: hold time 122281.73us ::: enter count 18348
	mutex 504dffc3ae78 (0) ::: wait time 45855.54us ::: hold time 122461.31us ::: enter count 18508
	mutex 504dffc3ad10 (0) ::: wait time 45476.87us ::: hold time 121025.79us ::: enter count 18140
	mutex 504dffc3af08 (0) ::: wait time 44291.42us ::: hold time 118823.34us ::: enter count 17852
	mutex 504dffc3b070 (0) ::: wait time 45848.73us ::: hold time 121315.15us ::: enter count 18351
	mutex 504dffc3b340 (0) ::: wait time 44274.95us ::: hold time 121617.61us ::: enter count 17948
	mutex 504dffc3af98 (0) ::: wait time 44251.25us ::: hold time 118106.65us ::: enter count 17604
	mutex 504dffc3b190 (0) ::: wait time 44139.95us ::: hold time 118002.49us ::: enter count 17540
	mutex 504dffc3aec0 (0) ::: wait time 43505.42us ::: hold time 116522.02us ::: enter count 17460
	mutex 504dffc3acc8 (0) ::: wait time 43354.11us ::: hold time 116165.70us ::: enter count 17468
	mutex 504dffc3ae30 (0) ::: wait time 22721.88us ::: hold time 64378.41us ::: enter count 8956
	mutex 504dffc3ac38 (0) ::: wait time 44060.98us ::: hold time 119953.68us ::: enter count 17916
	mutex 504dffc3b2f8 (0) ::: wait time 43699.36us ::: hold time 117404.90us ::: enter count 17748
	mutex 504dffc3aad0 (0) ::: wait time 43307.85us ::: hold time 114798.84us ::: enter count 17316
	mutex 504dffc3b0b8 (0) ::: wait time 43290.24us ::: hold time 118203.57us ::: enter count 17468
	mutex 504dffc3aa88 (0) ::: wait time 43497.55us ::: hold time 121851.20us ::: enter count 18004
	mutex 504dffac4170 (0) ::: wait time 2694.43us ::: hold time 14353.54us ::: enter count 576
	mutex 504dffac47a0 (0) ::: wait time 2352.68us ::: hold time 11943.62us ::: enter count 576
	mutex 504dff8e2808 (0) ::: wait time 42.31us ::: hold time 79.71us ::: enter count 10
	mutex 504dff8a7818 (0) ::: wait time 19.53us ::: hold time 153.92us ::: enter count 7
	mutex 504dffc39000 (0) ::: wait time 12.83us ::: hold time 15.32us ::: enter count 1
	mutex 504dffac2868 (0) ::: wait time 11.94us ::: hold time 31.52us ::: enter count 1
	mutex 504dffde6000 (0) ::: wait time 11.68us ::: hold time 34.22us ::: enter count 2
	mutex 504dff61aa58 (0) ::: wait time 9.92us ::: hold time 17.79us ::: enter count 2
	mutex 504dffb101c8 (0) ::: wait time 7.23us ::: hold time 18.86us ::: enter count 2
	mutex 504dff8da6f0 (0) ::: wait time 7.42us ::: hold time 21.58us ::: enter count 2
	mutex 504dffeb49d8 (0) ::: wait time 7.29us ::: hold time 105.14us ::: enter count 2
	mutex 504dffac51a0 (0) ::: wait time 30.81us ::: hold time 95.60us ::: enter count 10
	mutex 504dffc396c0 (0) ::: wait time 3.98us ::: hold time 11.08us ::: enter count 1
	mutex 504dffc390c0 (0) ::: wait time 3.81us ::: hold time 8.31us ::: enter count 1
	mutex 504dffc39500 (0) ::: wait time 3.78us ::: hold time 7.92us ::: enter count 1
	mutex 504dff894f38 (0) ::: wait time 3.68us ::: hold time 14.45us ::: enter count 1
	mutex 504dffac56f0 (0) ::: wait time 6.71us ::: hold time 201.53us ::: enter count 2
	mutex 504dff990528 (0) ::: wait time 7.01us ::: hold time 34.84us ::: enter count 2
	mutex 504dff61a970 (0) ::: wait time 12.91us ::: hold time 221.60us ::: enter count 4
	mutex 504dffc393c0 (0) ::: wait time 3.47us ::: hold time 8.30us ::: enter count 1
	mutex 504dff61aaa8 (0) ::: wait time 6.76us ::: hold time 105.46us ::: enter count 2
	mutex 504dffc39300 (0) ::: wait time 3.42us ::: hold time 8.59us ::: enter count 1
	mutex 504dffb102b8 (0) ::: wait time 3.27us ::: hold time 62.12us ::: enter count 1
	mutex 504df8bf6080 (#14) ::: wait time 3.24us ::: hold time 9.66us ::: enter count 1
	mutex 504dffc39200 (0) ::: wait time 3.18us ::: hold time 8.55us ::: enter count 1
	mutex 504dffb10308 (0) ::: wait time 3.17us ::: hold time 11.95us ::: enter count 1
	mutex 6237072b1468 (0) ::: wait time 3.15us ::: hold time 17.44us ::: enter count 1
	mutex 504dffac50b8 (0) ::: wait time 23.44us ::: hold time 656.02us ::: enter count 8
	mutex 504dffc397c0 (0) ::: wait time 3.13us ::: hold time 8.87us ::: enter count 1
	mutex 504dff963ba8 (0) ::: wait time 3.12us ::: hold time 177.45us ::: enter count 1
	mutex 504dffc39080 (0) ::: wait time 3.11us ::: hold time 8.64us ::: enter count 1
	mutex 62370727d800 (0) ::: wait time 5.93us ::: hold time 40.43us ::: enter count 2
	mutex 504dff5fa110 (0) ::: wait time 5.80us ::: hold time 23.71us ::: enter count 2
	mutex 504dffac6428 (0) ::: wait time 5.93us ::: hold time 17.59us ::: enter count 2
	mutex 62370727d848 (0) ::: wait time 3.03us ::: hold time 16.20us ::: enter count 1
	mutex 504dff61aae8 (0) ::: wait time 5.99us ::: hold time 15.97us ::: enter count 2
	mutex 504dffc39700 (0) ::: wait time 2.99us ::: hold time 8.52us ::: enter count 1
	mutex 504dff61ab48 (0) ::: wait time 5.88us ::: hold time 16.21us ::: enter count 2
	mutex 504dffc39380 (0) ::: wait time 2.97us ::: hold time 8.93us ::: enter count 1
	mutex 62370724b460 (0) ::: wait time 11.13us ::: hold time 71.72us ::: enter count 4
	mutex 504df8bf7080 (#6) ::: wait time 2.95us ::: hold time 8.10us ::: enter count 1
	mutex 504dffac52a0 (0) ::: wait time 5.89us ::: hold time 5284.82us ::: enter count 2
	mutex 504dffc39680 (0) ::: wait time 2.91us ::: hold time 9.07us ::: enter count 1
	mutex 504dffc39040 (0) ::: wait time 2.89us ::: hold time 9.82us ::: enter count 1
	mutex 504dffc394c0 (0) ::: wait time 2.89us ::: hold time 9.64us ::: enter count 1
	mutex 504dffc39280 (0) ::: wait time 2.87us ::: hold time 10.78us ::: enter count 1
	mutex 504dffc39400 (0) ::: wait time 2.87us ::: hold time 8.77us ::: enter count 1
	mutex 504dff61aba8 (0) ::: wait time 5.64us ::: hold time 16.08us ::: enter count 2
	mutex 504dffc39140 (0) ::: wait time 2.84us ::: hold time 8.32us ::: enter count 1
	mutex 504dffc39180 (0) ::: wait time 2.82us ::: hold time 8.70us ::: enter count 1
	mutex 504dff880808 (0) ::: wait time 2.82us ::: hold time 9.87us ::: enter count 1
	mutex 504dffc391c0 (0) ::: wait time 2.81us ::: hold time 8.42us ::: enter count 1
	mutex 504dff8da760 (0) ::: wait time 2.81us ::: hold time 36.82us ::: enter count 1
	mutex 504dffc39600 (0) ::: wait time 2.79us ::: hold time 8.93us ::: enter count 1
	mutex 504dffc39340 (0) ::: wait time 2.79us ::: hold time 9.08us ::: enter count 1
	mutex 504dffc39780 (0) ::: wait time 2.79us ::: hold time 8.07us ::: enter count 1
	mutex 504dffc39240 (0) ::: wait time 2.78us ::: hold time 8.41us ::: enter count 1
	mutex 504dffc39640 (0) ::: wait time 2.78us ::: hold time 8.07us ::: enter count 1
	mutex 504dffc392c0 (0) ::: wait time 2.76us ::: hold time 8.41us ::: enter count 1
	mutex 504dffc39540 (0) ::: wait time 2.73us ::: hold time 8.09us ::: enter count 1
	mutex 504dffc395c0 (0) ::: wait time 2.72us ::: hold time 9.55us ::: enter count 1
	mutex 504dffc39440 (0) ::: wait time 2.68us ::: hold time 8.53us ::: enter count 1
	mutex 504dffc39740 (0) ::: wait time 2.60us ::: hold time 8.58us ::: enter count 1
	mutex 504dffc39100 (0) ::: wait time 2.55us ::: hold time 8.73us ::: enter count 1
	mutex 504dff990628 (0) ::: wait time 2.54us ::: hold time 13.74us ::: enter count 1
	mutex 504dffc39580 (0) ::: wait time 2.52us ::: hold time 8.09us ::: enter count 1
	mutex 504dffc39480 (0) ::: wait time 2.45us ::: hold time 9.04us ::: enter count 1



Contention analysis



Mutex 574cd08 (0) Count=67 

Mutex 504dffc3b2f8 (0) Count=6 

Mutex 799e48632914 (0) Count=1 

Mutex 6d41e28 (0) Count=2 

Mutex 504dff902478 (0) Count=337 

Mutex 504dffc3ac80 (0) Count=4 

Mutex 7c22ee8 (0) Count=32 

Mutex 504dffc3b268 (0) Count=1 

Mutex 6f253e8 (0) Count=779 

Mutex 504dffc3b100 (0) Count=5 

Mutex 595f743d5420 (0) Count=131 

Mutex 7438adf07914 (0) Count=1 

Mutex 583ffeca98f8 (0) Count=1 

Mutex 6df67f8 (0) Count=104 

Mutex 76a81de1ac80 (0) Count=9 

Mutex 723200000030 (0) Count=1 

Mutex 6c7b220 (0) Count=1 

Mutex 504df1c29518 (0) Count=129 

Mutex 504dffc3aa88 (0) Count=6 

Mutex 7323c22e78f8 (0) Count=2 

Mutex 504dff8852b8 (0) Count=1 

Mutex 7fff89364e00 (0) Count=6 

Mutex 6b650a8 (0) Count=44 

Mutex 6d3b2e8 (0) Count=25 

Mutex 504dff8e2808 (0) Count=13 

Mutex 4bdfe68 (0) Count=4 

Mutex 7323c2d0f8f8 (0) Count=1 

Mutex 5d144b8 (0) Count=3 

Mutex 645ba70 (0) Count=15 

Mutex 504dffc3ab60 (0) Count=10 

Mutex 747f4e5758f8 (0) Count=1 

Mutex 504dffc3ac38 (0) Count=8 

Mutex 504dffac33f0 (0) Count=24 

Mutex 799e46fef914 (0) Count=2 

Mutex 7ffef05bdab0 (0) Count=71 

Mutex 7665b98 (0) Count=9 

Mutex 636f968 (0) Count=9 

Mutex 5d143a0 (0) Count=12 

Mutex 723204080438 (0) Count=105 

Mutex 7077e68 (0) Count=15 

Mutex c000640148 (0) Count=1 

Mutex 504dffc3ada0 (0) Count=2 

Mutex 7a5950000030 (0) Count=1 

Mutex 504dffc3abf0 (0) Count=2 

Mutex 504dff917580 (0) Count=1 

Mutex 799e473fb914 (0) Count=1 

Mutex 4a4a968 (0) Count=1 

Mutex 504dff89d058 (0) Count=112 

Mutex 504dffaad2b0 (0) Count=8059 

Mutex 9ca8a18 (0) Count=222 

Mutex 7438aec2e914 (0) Count=2 

Mutex 708f628 (0) Count=38 

Mutex 504dffb10178 (0) Count=4191 

Mutex 7ffd9ab31fd0 (0) Count=1 

Mutex 6d24318 (0) Count=804 

Mutex 504dffc3ade8 (0) Count=7 

Mutex 7ffef05bd7f0 (0) Count=563 

Mutex 504dff8845a8 (0) Count=109 

Mutex 851feb8 (0) Count=31 

Mutex 6d26c48 (0) Count=5 

Mutex 7ffef05bdb48 (0) Count=1 

Mutex 504dff9170a0 (0) Count=3 

Mutex 57d2a34a4d40 (0) Count=1 

Mutex 7fff89364880 (0) Count=3 

Mutex 75427a81ac80 (0) Count=2 

Mutex 504dffc3afe0 (0) Count=2 

Mutex 624d2464d770 (0) Count=1 

Mutex 7614d98 (0) Count=4 

Mutex 72c0046f28f8 (0) Count=72 

Mutex 6b21aa0 (0) Count=25 

Mutex 595f73fc3168 (0) Count=2 

Mutex 58400503ab68 (0) Count=6 

Mutex 7621368 (0) Count=21 

Mutex 7438ae925914 (0) Count=1 

Mutex 897e3b8 (0) Count=15 

Mutex 62a3b68 (0) Count=5 

Mutex 7b0a940052f0 (0) Count=114 

Mutex 757b0c0021a0 (0) Count=3350 

Mutex 504dfff179d8 (0) Count=37 

Mutex 92551a8 (0) Count=40 

Mutex 5cbec60 (0) Count=5 

Mutex 8204148 (0) Count=13 

Mutex 6b16aa0 (0) Count=1 

Mutex 595f740a07a8 (0) Count=1 

Mutex 66ea848 (0) Count=1 

Mutex 57d8218603e0 (0) Count=1 

Mutex 504dffc3b148 (0) Count=3 

Mutex 7b0aa85a1100 (0) Count=26 

Mutex 584000f3c718 (0) Count=19 

Mutex 799e463a9944 (0) Count=59 

Mutex 4a476e8 (0) Count=68 

Mutex 766f308 (0) Count=20 

Mutex 72c00b8b6fa8 (0) Count=9 

Mutex 6dda6c8 (0) Count=21 

Mutex 54e87a8 (0) Count=28 

Mutex 6adc980 (0) Count=1 

Mutex 5b30948 (0) Count=1 

Mutex 583ffefe0090 (0) Count=94 

Mutex 7fff89364840 (0) Count=4 

Mutex 5dd4a98 (0) Count=16 

Mutex 6e06b58 (0) Count=1287 

Mutex 73e14c37d110 (0) Count=1 

Mutex 5920303f40b8 (0) Count=18 

Mutex 504dffc3b1d8 (0) Count=4 

Mutex 5ca40a8 (0) Count=1 

Mutex 4a67fa8 (0) Count=1 

Mutex 65050d8 (0) Count=18 

Mutex 747f557a9210 (0) Count=21 

Mutex 6b1bf90 (0) Count=774 

Mutex 6cc28e0 (0) Count=3 

Mutex 6e20778 (0) Count=354 

Mutex 9261628 (0) Count=69 

Mutex 583ffecab1b8 (0) Count=1 

Mutex 496b408 (0) Count=100 

Mutex 6f8ed8e8 (0) Count=1 

Mutex 7438af956914 (0) Count=3 

Mutex 821a528 (0) Count=23 

Mutex 5d142f8 (0) Count=8 

Mutex 6b1c130 (0) Count=1 

Mutex a533348 (0) Count=3 

Mutex 5d1d8e0 (0) Count=74 

Mutex 63b4be8 (0) Count=12 

Mutex 7ffe952f5df0 (0) Count=1 

Mutex 595f740a0fe8 (0) Count=2 

Mutex 5756640 (0) Count=1 

Mutex 6cb9190 (0) Count=1182 

Mutex 583ffeca9a58 (0) Count=1 

Mutex 72c004afe8f8 (0) Count=70 

Mutex 6d47618 (0) Count=4 

Mutex 6c63c60 (0) Count=29 

Mutex 504df9570028 (0) Count=6 

Mutex 7ffe3c411520 (0) Count=1 

Mutex 504dffc3aad0 (0) Count=3 

Mutex 583ffecabe18 (0) Count=1 

Mutex 6cb93d8 (0) Count=35 

Mutex 5de0a78 (0) Count=4 

Mutex 723208000030 (0) Count=3 

Mutex 5d6fc98 (0) Count=21 

Mutex 7438aea28914 (0) Count=3 

Mutex 7b5e108 (0) Count=16 

Mutex 64ca9b8 (0) Count=11 

Mutex 583ffecaaef8 (0) Count=1 

Mutex 84f42c8 (0) Count=18 

Mutex 757b19238128 (0) Count=79 

Mutex 782484fb3110 (0) Count=3 

Mutex 5d83808 (0) Count=2 

Mutex 7438aef37914 (0) Count=2 

Mutex 9893d98 (0) Count=43 

Mutex 504dffac31f8 (0) Count=27 

Mutex 7ffef05beb30 (0) Count=12 

Mutex 70b5e28 (0) Count=16 

Mutex 7fffa106a290 (0) Count=2 

Mutex 7ffef05bda90 (0) Count=295 

Mutex 504dff8858a8 (#16) Count=1 

Mutex 4a74f20 (0) Count=2 

Mutex 504dff8e2a08 (0) Count=3 

Mutex 8544f08 (0) Count=1025 

Mutex 595f740a0228 (0) Count=1 

Mutex 504dffc3b220 (0) Count=2 

Mutex 6b677e8 (0) Count=10 

Mutex 7ee1c0e1ac80 (0) Count=6 

Mutex 5d9de78 (0) Count=5 

Mutex 7438ae416914 (0) Count=3 

Mutex 504dffc3af98 (0) Count=4 

Mutex 5dce588 (0) Count=14 

Mutex 504dffac47a0 (0) Count=5 

Mutex 504dffc3ad10 (0) Count=2 

Mutex 504dff602708 (0) Count=277 

Mutex 504dffac4170 (0) Count=4 

Mutex 504df9790428 (0) Count=9 

Mutex 504dffc25948 (0) Count=237 

Mutex 583ffecac564 (0) Count=46 

Mutex 799e48123914 (0) Count=1 

Mutex 5d14410 (0) Count=22 

Mutex 78f9400021a0 (0) Count=2 

Mutex 7ffef05bd870 (0) Count=5 

Mutex 7ffef05bd8e0 (0) Count=118 

Mutex 6e0d9c8 (0) Count=71 

Mutex 80c63a8 (0) Count=8 

Mutex 7fffa106a350 (0) Count=1 

Mutex 504dffc3b0b8 (0) Count=4 

Mutex 71f9950 (0) Count=3 

Mutex 799e4842c914 (0) Count=2 

Mutex 13417cc8 (0) Count=2 

Mutex 6b1bc48 (0) Count=1497 

Mutex 583ffeca9d18 (0) Count=1 

Mutex 574d050 (0) Count=458 

Mutex 504dffac3828 (0) Count=5 

Mutex 7bcda38 (0) Count=15 

Mutex 5db8308 (0) Count=2 

Mutex 7ffef05bda30 (0) Count=4 

Mutex 7438af549914 (0) Count=2 

Mutex 583ffecaa558 (0) Count=1 

Mutex 5987f68 (0) Count=63 

Mutex 6ac6aa0 (0) Count=496 

Mutex 4a70ee0 (0) Count=11 

Mutex 5f9db38 (0) Count=16 

Mutex 595f743e5878 (0) Count=175 

Mutex 583ffecab478 (0) Count=1 

Mutex 5d831a8 (0) Count=15 

Mutex 93ab468 (0) Count=57 

Mutex 7fffa106ac50 (0) Count=1 

Mutex 5920303aae30 (0) Count=1 

Mutex 852f578 (0) Count=43 

Mutex 574cd30 (0) Count=1 

Mutex 5153498 (0) Count=2 

Mutex 6efa4b8 (0) Count=62 

Mutex 7438afe65914 (0) Count=3 

Mutex 5ddc728 (0) Count=6 

Mutex 52f5848 (0) Count=18 

Mutex 504dff5fa110 (0) Count=3 

Mutex 7cedb9a1ac80 (0) Count=6 

Mutex 7871288 (0) Count=22 

Mutex 5f00498 (0) Count=23 

Mutex 504dffc3acc8 (0) Count=2 

Mutex 5b25bc8 (0) Count=4 

Mutex 504dff884348 (0) Count=1 

Mutex 6b1bc70 (0) Count=4 

Mutex 5cd4ab0 (0) Count=1 

Mutex 7323c8ef3210 (0) Count=120 

Mutex 6cbec50 (0) Count=13 

Mutex 7231fc000030 (0) Count=3 

Mutex 54e8680 (0) Count=469 

Mutex 504dffac2550 (0) Count=77 

Mutex 7a598081ac80 (0) Count=51 

Mutex 56f7b10 (0) Count=13 

Mutex 71b4ed8 (0) Count=2 

Mutex 7ffef05bdb10 (0) Count=189 

Mutex 70e27c8 (0) Count=122 

Mutex 6cbe2a8 (0) Count=2 

Mutex 7fffa1069c30 (0) Count=2 

Mutex 7d9044000030 (0) Count=4 

Mutex 7412ef8 (0) Count=30 

Mutex 757b18e1ac80 (0) Count=1 

Mutex 61ef64104730 (0) Count=17 

Mutex 6ac6adc (0) Count=2 

Mutex 504dff896898 (0) Count=4570 

Mutex 504dff9173e0 (0) Count=2 

Mutex 504dffc3aba8 (0) Count=6 

Mutex c0002b1948 (0) Count=1 

Mutex 504dffac2e08 (0) Count=4 

Mutex 504dff885648 (#7) Count=1 

Mutex 7ffef05beab0 (0) Count=6 

Mutex 97236e8 (0) Count=4 

Mutex 776d3da1ac80 (0) Count=6 

Mutex 504dffb0db80 (0) Count=2193 

Mutex 504dffc3b2b0 (0) Count=3 

Mutex 702cef8 (0) Count=9 

Mutex 5ddce38 (0) Count=18 

Mutex 504dff891d08 (0) Count=29 

Mutex 504df9790d28 (0) Count=6 

Mutex 49d87d0 (0) Count=33 

Mutex 583ffecaa6b8 (0) Count=1 

Mutex 6b210f8 (0) Count=17 

Mutex 70966e8 (0) Count=21 

Mutex 5d13e48 (0) Count=2034 

Mutex 595f7566a878 (0) Count=38 

Mutex 504dff884478 (0) Count=169 

Mutex 7d596a8 (0) Count=5 

Mutex 7ffe051fd990 (0) Count=1 

Mutex 74eef38 (0) Count=240 

Mutex 504dffc3b028 (0) Count=4 

Mutex 6237072bc6c0 (0) Count=7 

Mutex 504df9571228 (0) Count=3 

Mutex 4c7c048 (0) Count=1 

Mutex 7ffd86196830 (0) Count=1 

Mutex 6945448 (0) Count=19 

Mutex 504dff917170 (0) Count=1 

Mutex 855a708 (0) Count=5 

Mutex 72c0048f58f8 (0) Count=74 

Mutex 7438ae71f914 (0) Count=3 

Mutex 7637bd8 (0) Count=15 

Mutex 5920303e93d0 (0) Count=7766 

Mutex 4a93018 (0) Count=5 

Mutex 5d13900 (0) Count=1 

Mutex 57d2a348d678 (0) Count=4 

Mutex 6cb8e48 (0) Count=96 

Mutex 7ffef05bd960 (0) Count=40 

Mutex 937a8b8 (0) Count=92 

Mutex 6cb94b8 (0) Count=1 

Mutex 757b04000030 (0) Count=1 

Mutex 6263278 (0) Count=7 

Mutex 583ffeff04e8 (0) Count=127 

Mutex 8089338 (0) Count=19 

Mutex 6b25730 (0) Count=72 

Mutex 72320000fa28 (0) Count=2 

Mutex 7ffef05bd880 (0) Count=86 

Mutex 83885e8 (0) Count=1 

Mutex 7438b001e020 (0) Count=5 

Mutex 607f730 (0) Count=1 

Mutex 799e48020914 (0) Count=1 

Mutex 51a7fb8 (0) Count=1 

Mutex 595f740a0e88 (0) Count=2 

Mutex 7592f98 (0) Count=57 

Mutex 6b1b7e0 (0) Count=2 

Mutex 5cd62c0 (0) Count=2 

Mutex 5d142c0 (0) Count=22 

Mutex 504df1c29778 (0) Count=37 

Mutex 5d143d8 (0) Count=791 

Mutex 504df9570928 (0) Count=11 

Mutex 7ffc1a20fa90 (0) Count=1 

Mutex 504dffc3b340 (0) Count=3 

Mutex 5ddeaa8 (0) Count=9 

Mutex 6de8db8 (0) Count=3 

Mutex 595f744d5b90 (0) Count=1 

Mutex 504dff8e2e88 (0) Count=281 

Mutex 54444f8 (0) Count=2 

Mutex 595f7409f308 (0) Count=1 

Mutex 7ffe519d0404 (0) Count=64 

Mutex 583ffebce168 (0) Count=3 

Mutex 8520f08 (0) Count=26 

Mutex 595f75873658 (0) Count=24 

Mutex 584000f493b8 (0) Count=16 

Mutex 7be2248 (0) Count=4 

Mutex 583ffecab318 (0) Count=2 

Mutex 504dffc3af08 (0) Count=2 

Mutex 504df9791628 (0) Count=5 

Mutex 4973bc0 (0) Count=158 

Mutex 5fa9e6a91068 (0) Count=27 

Mutex 799e48226914 (0) Count=1 

Mutex 7ffef05bd8a8 (0) Count=1 

Mutex 7438adbdc944 (0) Count=65 

Mutex 747f541ff8f8 (0) Count=1 

Mutex 730a015a1100 (0) Count=26 

Mutex 92642b8 (0) Count=47 

Mutex 583ffecaad98 (0) Count=1 

Mutex 7438adabfe1c (0) Count=2 

Mutex 72c00b90e210 (0) Count=5241 

Mutex 504dffc3aec0 (0) Count=1 

Mutex 5d14190 (0) Count=3512 

Mutex 74d0830 (0) Count=1 

Mutex 595f79a538b8 (0) Count=42 

Mutex 7ffef05bdae8 (0) Count=2 

Mutex 7fffa106a310 (0) Count=2 

Mutex 504dffc3ae30 (0) Count=2 

Mutex 504dffc3b190 (0) Count=1 

Mutex 799e46be3914 (0) Count=1 

Mutex 5d13e70 (0) Count=21 

Mutex 5cbec98 (0) Count=1 

Mutex 7a5944000030 (0) Count=1 

Mutex 504dffc3ae78 (0) Count=2 

Mutex 583fff0ddaa0 (0) Count=2 

Mutex 583ffecac0d8 (0) Count=1 

Mutex 504dffc3af50 (0) Count=1 

Mutex 9369488 (0) Count=10 

Mutex 75f3038 (0) Count=41 

Mutex 7681a58 (0) Count=3 

Mutex 7aad1081ac80 (0) Count=2 

Mutex 504dffac2e50 (0) Count=3 

Mutex 6f454e8 (0) Count=7 

Mutex 6b1c1a0 (0) Count=10 

Mutex 504dffc3ab18 (0) Count=2 

Mutex 7418f3c1ac80 (0) Count=1 

Mutex 504dffac2598 (0) Count=42 

Mutex 574d298 (0) Count=8 

Mutex 504dffc3b070 (0) Count=1 

Mutex 820b128 (0) Count=92 

Mutex 595f7409f1a8 (0) Count=1 

Mutex 595f740a1988 (0) Count=1 

Mutex 799e47601914 (0) Count=1 

Mutex 7342f7e0a9c4 (0) Count=179 

Mutex 951cfe0 (0) Count=1 

Mutex 4b67b68 (0) Count=2 

Mutex 84fa248 (0) Count=15 

Mutex 6b1b700 (0) Count=379 

Mutex 799e47b10914 (0) Count=1 

Mutex 7623358 (0) Count=44 

Mutex 5d141c8 (0) Count=10 

Mutex 5b62ca8 (0) Count=5 

Mutex 7438aeb2b914 (0) Count=3 

Mutex 504dff917310 (0) Count=1 

Mutex 69e8f38 (0) Count=1 

Mutex 4a6b598 (0) Count=9 

Mutex 7309f00013d0 (0) Count=132 

Mutex 4bdf6b8 (0) Count=3 

Mutex 504df978fb28 (0) Count=8 

Mutex 7323c1ad28f8 (0) Count=1 

Mutex 595f7409ff68 (0) Count=1 

Mutex 5d19c50 (0) Count=1 

Mutex 583ffeca9e78 (0) Count=1 

Mutex 782484c1ac80 (0) Count=3 

Mutex 6b5f548 (0) Count=16 

Mutex 72320401fdf8 (0) Count=327 

Mutex 72323461ac80 (0) Count=33 

Mutex 7438ae10d914 (0) Count=2 

Mutex 75d2978 (0) Count=2 

Mutex 6b1c1d8 (0) Count=193 

Mutex 799e46de9914 (0) Count=1 

Mutex a151458 (0) Count=4 

Mutex 504dff9038a8 (0) Count=107 

Mutex 624d2464d758 (0) Count=1 

Mutex 843d3b8 (0) Count=98 

Mutex 7fffa5990e10 (0) Count=1 

Mutex 504dff881e98 (0) Count=1 

Mutex 19db544 (0) Count=4 

Mutex 782484fb3128 (0) Count=12 

Mutex 7083748 (0) Count=1 

Mutex 4973ce8 (0) Count=43 

Mutex 7438ade04964 (0) Count=128 

Mutex 6dde158 (0) Count=25 

Mutex 504dffac52a0 (0) Count=3 

Mutex 504dff8640c8 (0) Count=2230 

Mutex 6d22d08 (0) Count=11 

Mutex 80e2ac8 (0) Count=1 

Mutex 595f744b5c18 (0) Count=1 

Mutex 54e86d4 (0) Count=1 

Mutex 723204082208 (0) Count=164 

Mutex 504dffac28b0 (0) Count=3 

Mutex 757b19238110 (0) Count=17 

Mutex 7ffef05bdd10 (0) Count=4 

Mutex 6cb8900 (0) Count=2 

Mutex 72c004d018f8 (0) Count=6 

Mutex 799e465d1964 (0) Count=115 

Mutex 6e13618 (0) Count=39 

Mutex 6566568 (0) Count=11 

Mutex 7fffa1166800 (0) Count=1 

Mutex 723204000030 (0) Count=3 

Mutex 595f740a1e14 (0) Count=126 

[report] load_overall_duration_ns : 90000000000.000000
[report] load_overall_duration_s : 90.000000
[report] load_overall_throughput : 5639.233333
[report] load_overall_average_latency_ns : 177329.069554
